Workbook

Sheet Sayfa1
D4: Önceki | E4: 45383 | F4: =+E4+1 -> 45384 | G4: =+F4+1 -> 45385 | H4: =+G4+1 -> 45386 | I4: =+H4+1 -> 45387 | J4: 45390 | K4: =+J4+1 -> 45391 | L4: 45397 | M4: =+L4+1 -> 45398 | N4: =+M4+1 -> 45399 | O4: =+N4+1 -> 45400 | P4: =+O4+1 -> 45401 | Q4: 45404 | R4: =+Q4+1 -> 45405 | S4: =+R4+1 -> 45406 | T4: =+S4+1 -> 45407 | U4: =+T4+1 -> 45408 | V4: =+U4+1 -> 45409 | W4: =+V4+1 -> 45410 | X4: =+W4+1 -> 45411 | Y4: =+X4+1 -> 45412
B5: BORSA | D5: =72856.0034747703-50000/32.5 -> 71317.542 | E5: 70716.193 | F5: 69265.422 | G5: 68946.794 | H5: 69384.162 | I5: 71368.397 | J5: 74001.336 | K5: 74448.943 | L5: 73292.314 | M5: 71016.206 | N5: 70979.347 | O5: 70840.532 | P5: 71510.191 | Q5: 71350.91 | R5: =+İcmal!$U$6 -> 71350.91
B6: MIDAS | D6: 17165.256 | E6: 22516.739 | F6: 22086.174 | G6: 22255.721 | H6: 21716.114 | I6: 21716.114 | J6: 22149.471 | K6: 22095.373 | L6: 21007.858 | M6: 21007.858 | N6: 20559.6 | O6: 20436.243 | P6: 20168.975 | Q6: 20266.001 | R6: =+İcmal!$U$13 -> 20266.001
B8: TOPLAM | D8: =SUM(D5:D6) -> 88482.798 | E8: =SUM(E5:E6) -> 93232.933 | F8: =SUM(F5:F6) -> 91351.596 | G8: =SUM(G5:G6) -> 91202.515 | H8: =SUM(H5:H6) -> 91100.276 | I8: =SUM(I5:I6) -> 93084.511 | J8: =SUM(J5:J6) -> 96150.808 | K8: =SUM(K5:K6) -> 96544.315 | ... Y8: =SUM(Y5:Y6) -> 0
D10: =+D5-350000/32.18 -> 60441.221 | E10: =+E5-350000/32.18 -> 59839.873 | F10: =+F5-350000/32.18 -> 58389.102 | G10: =+G5-350000/32.18 -> 58070.473 | H10: =+H5-350000/32.18 -> 58507.842 | I10: =+I5-350000/32.18 -> 60492.076 | J10: =+J5-350000/32.18 -> 63125.016 | K10: =+K5-350000/32.18 -> 63572.622 | ... U10: =+U5-350000/32.18 -> -10876.321 | V10: =+V5+350000/32.18 -> 10876.321
D13: =+D4 -> Önceki | E13: =+E4 -> 45383 | F13: =+F4 -> 45384 | G13: =+G4 -> 45385 | H13: =+H4 -> 45386 | I13: =+I4 -> 45387 | J13: =+J4 -> 45390 | K13: =+K4 -> 45391 | ... U13: =+U4 -> 45408
B14: BORSA | C14: =SUM(E14:Y14) -> 33.367993 | D14: =+D5 -> 71317.542 | E14: =+IF(E5="",0,E5-D5) -> -601.34846 | F14: =+IF(F5="",0,F5-E5) -> -1450.7712 | G14: =+IF(G5="",0,G5-F5) -> -318.62836 | H14: =+IF(H5="",0,H5-G5) -> 437.36847 | I14: =+IF(I5="",0,I5-H5) -> 1984.2347 | J14: =+IF(J5="",0,J5-I5) -> 2632.9394 | K14: =+IF(K5="",0,K5-J5) -> 447.6061 | L14: =+IF(L5="",0,L5-K5) -> -1156.6285 | ... Y14: =+IF(Y5="",0,Y5-X5) -> 0
B15: MIDAS | C15: =SUM(E15:Y15) -> 3100.745 | D15: =+D6 -> 17165.256 | E15: =+IF(E6="",0,E6-D6) -> 5351.4835 | F15: =+IF(F6="",0,F6-E6) -> -430.5656 | G15: =+IF(G6="",0,G6-F6) -> 169.54711 | H15: =+IF(H6="",0,H6-G6) -> -539.60675 | I15: =+IF(I6="",0,I6-H6) -> 0 | J15: =+IF(J6="",0,J6-I6) -> 433.3575 | K15: =+IF(K6="",0,K6-J6) -> -54.098722 | L15: =+IF(L6="",0,L6-K6) -> -1087.5144 | ... Y15: =+IF(Y6="",0,Y6-X6) -> 0
B17: TOPLAM | C17: =SUM(E17:Y17) -> 3134.113 | D17: =SUM(D14:D15) -> 88482.798 | E17: =SUM(E14:E15) -> 4750.135 | F17: =SUM(F14:F15) -> -1881.3368 | G17: =SUM(G14:G15) -> -149.08125 | H17: =SUM(H14:H15) -> -102.23828 | I17: =SUM(I14:I15) -> 1984.2347 | J17: =SUM(J14:J15) -> 3066.2969 | K17: =SUM(K14:K15) -> 393.50738 | ... Y17: =SUM(Y14:Y15) -> 0
E19: =+E17/D8 -> 0.053684277 | F19: =+F17/E8 -> -0.020178887 | G19: =+G17/F8 -> -0.0016319502 | H19: =+H17/G8 -> -0.0011210029 | I19: =+I17/H8 -> 0.021780776 | J19: =+J17/I8 -> 0.032941 | K19: =+K17/J8 -> 0.0040926061 | L19: =+L17/K8 -> -0.023244693 | ... Y19: =+Y17/X8 -> #DIV/0!
C21: =SUM(D21:Y21) -> 2980298.1 | D21: =D17*İcmal!$P$2 -> 2878345.4 | E21: =E17*İcmal!$P$2 -> 154521.89 | F21: =F17*İcmal!$P$2 -> -61199.886 | G21: =G17*İcmal!$P$2 -> -4849.6132 | H21: =H17*İcmal!$P$2 -> -3325.8113 | I21: =I17*İcmal!$P$2 -> 64547.154 | J21: =J17*İcmal!$P$2 -> 99746.638 | K21: =K17*İcmal!$P$2 -> 12800.795 | ... Y21: =Y17*İcmal!$P$2 -> 0
D22: =+D8*30.65 -> 2711997.7 | E22: =+E8*32.42 -> 3022611.7 | F22: =+F8*30.72 -> 2806321 | G22: =+G8*30.72 -> 2801741.2 | H22: =+H8*30.72 -> 2798600.5 | I22: =+I8*30.72 -> 2859556.2 | J22: =+J8*32.16 -> 3092210 | K22: =+K8*32.2 -> 3108726.9 | L22: =+L8*32.2 -> 3036465.5 | M22: =+M8*32.45 -> 2986180.9 | N22: =+N8*32.5 -> 2975015.8 | O22: =+O8*30.72 -> 2804022.5 | P22: =+P8*30.72 -> 2816384 | Q22: =+Q8*30.72 -> 2814471.5 | R22: =+R8*30.72 -> 2814471.5 | S22: =+S8*30.72 -> 0 | T22: =+T8*30.72 -> 0 | U22: =+U8*30.72 -> 0 | V22: =+V8*32.19 -> 0 | W22: =+W8*32.2 -> 0 | X22: =+X8*32.26 -> 0 | Y22: =+Y8*32.38 -> 0
C26: 88482.798
D27: BORSA | H27: MIDAS | J27: TOPLAM | L27: ARTIŞ
C28: Şubat 2.Hafta | D28: 658.03923 | E28: =+D28 -> 658.03923 | H28: 727.09196 | I28: =+H28 -> 727.09196 | J28: =+H28+D28 -> 1385.1312 | K28: =+J28 -> 1385.1312 | L28: =+J28/$C$26 -> 0.015654243 | M28: =+K28/$C$26 -> 0.015654243 | O28: =40000*M28+40000 -> 40626.17
C29: Şubat 3.Hafta | D29: 463.07491 | E29: =+D29+E28 -> 1121.1141 | H29: 1138.241 | I29: =+H29+I28 -> 1865.333 | J29: =+H29+D29 -> 1601.3159 | K29: =+J29+K28 -> 2986.4471 | L29: =+J29/$C$26 -> 0.018097483 | M29: =+K29/$C$26 -> 0.033751726 | O29: =40000*M29+40000 -> 41350.069
C30: Şubat 4.Hafta | D30: -750.93538 | E30: =+D30+E29 -> 370.17876 | H30: 1581.3974 | I30: =+H30+I29 -> 3446.7303 | J30: =+H30+D30 -> 830.46198 | K30: =+J30+K29 -> 3816.9091 | L30: =+J30/$C$26 -> 0.0093855756 | M30: =+K30/$C$26 -> 0.043137301 | O30: =40000*M30+40000 -> 41725.492
C31: Mart 1.Hafta | D31: -533.6806 | E31: =+D31+E30 -> -163.50184 | H31: 1468.9962 | I31: =+H31+I30 -> 4915.7265 | J31: =+H31+D31 -> 935.31559 | K31: =+J31+K30 -> 4752.2247 | L31: =+J31/$C$26 -> 0.010570592 | M31: =+K31/$C$26 -> 0.053707894 | O31: =40000*M31+40000 -> 42148.316
C32: Mart 2.Hafta | D32: -1588.1563 | E32: =+D32+E31 -> -1751.6581 | H32: -840.63293 | I32: =+H32+I31 -> 4075.0936 | J32: =+H32+D32 -> -2428.7892 | K32: =+J32+K31 -> 2323.4355 | L32: =+J32/$C$26 -> -0.027449282 | M32: =+K32/$C$26 -> 0.026258612 | O32: =40000*M32+40000 -> 41050.344
C33: Mart 3.Hafta | D33: -2588.2267 | E33: =+D33+E32 -> -4339.8848 | H33: 882.31701 | I33: =+H33+I32 -> 4957.4106 | J33: =+H33+D33 -> -1705.9097 | K33: =+J33+K32 -> 617.5258 | L33: =+J33/$C$26 -> -0.019279563 | M33: =+K33/$C$26 -> 0.0069790492 | O33: =40000*M33+40000 -> 40279.162
C34: Mart 4. Hafta | D34: 2022.5289 | E34: =+D34+E33 -> -2317.3559 | H34: 454.73418 | I34: =+H34+I33 -> 5412.1448 | J34: =+H34+D34 -> 2477.2631 | K34: =+J34+K33 -> 3094.7889 | L34: =+J34/$C$26 -> 0.027997116 | M34: =+K34/$C$26 -> 0.034976165 | O34: =40000*M34+40000 -> 41399.047
C35: Nisan 1.Hafta | D35: 3716.6716 | E35: =+D35+E34 -> 1399.3157 | H35: -569.38171 | I35: =+H35+I34 -> 4842.7631 | J35: =+H35+D35 -> 3147.2899 | K35: =+J35+K34 -> 6242.0788 | L35: =+J35/$C$26 -> 0.035569511 | M35: =+K35/$C$26 -> 0.070545676 | O35: =40000*M35+40000 -> 42821.827
C36: Nisan 2.Hafta | D36: 193.62336 | E36: =+D36+E35 -> 1592.9391 | H36: 87.35395 | I36: =+H36+I35 -> 4930.117 | J36: =+H36+D36 -> 280.97731 | K36: =+J36+K35 -> 6523.0561 | L36: =+J36/$C$26 -> 0.0031755021 | M36: =+K36/$C$26 -> 0.073721178 | O36: =40000*M36+40000 -> 42948.847
C37: Nisan 3.Hafta | D37: -1400.2902 | E37: =+D37+E36 -> 192.64889 | H37: -1926.3976 | I37: =+H37+I36 -> 3003.7194 | J37: =+$C$17-K36 -> -3388.9431 | K37: =+J37+K36 -> 3134.113 | L37: =+J37/$C$26 -> -0.038300588 | M37: =+K37/$C$26 -> 0.035420591 | O37: =40000*M37+40000 -> 41416.824
C38: Nisan 4.Hafta | D38: =+$C$14-E37 -> -159.2809 | E38: =+D38+E37 -> 33.367993 | H38: =+$C$15-I37 -> 97.025546 | I38: =+H38+I37 -> 3100.745 | J38: =+$C$17-K37 -> 0 | K38: =+J38+K37 -> 3134.113 | L38: =+J38/$C$26 -> 0 | M38: =+K38/$C$26 -> 0.035420591 | O38: =40000*M38+40000 -> 41416.824
D39: =+$C$14-E38 -> 0 | E39: =+D39+E38 -> 33.367993 | H39: =+$C$15-I38 -> 0 | I39: =+H39+I38 -> 3100.745 | J39: =+$C$17-K38 -> 0 | K39: =+J39+K38 -> 3134.113 | L39: =+J39/$C$26 -> 0 | M39: =+K39/$C$26 -> 0.035420591 | O39: =40000*M39+40000 -> 41416.824
D40: =+$C$14-E39 -> 0 | E40: =+D40+E39 -> 33.367993 | H40: =+$C$15-I39 -> 0 | I40: =+H40+I39 -> 3100.745 | J40: =+$C$17-K39 -> 0 | K40: =+J40+K39 -> 3134.113 | L40: =+J40/$C$26 -> 0 | M40: =+K40/$C$26 -> 0.035420591 | O40: =40000*M40+40000 -> 41416.824
D41: =+$C$14-E40 -> 0 | E41: =+D41+E40 -> 33.367993 | H41: =+$C$15-I40 -> 0 | I41: =+H41+I40 -> 3100.745 | J41: =+$C$17-K40 -> 0 | K41: =+J41+K40 -> 3134.113 | L41: =+J41/$C$26 -> 0 | M41: =+K41/$C$26 -> 0.035420591 | O41: =40000*M41+40000 -> 41416.824
D42: =+$C$14-E41 -> 0 | E42: =+D42+E41 -> 33.367993 | H42: =+$C$15-I41 -> 0 | I42: =+H42+I41 -> 3100.745 | J42: =+$C$17-K41 -> 0 | K42: =+J42+K41 -> 3134.113 | L42: =+J42/$C$26 -> 0 | M42: =+K42/$C$26 -> 0.035420591 | O42: =40000*M42+40000 -> 41416.824
D43: =+$C$14-E42 -> 0 | E43: =+D43+E42 -> 33.367993 | H43: =+$C$15-I42 -> 0 | I43: =+H43+I42 -> 3100.745 | J43: =+$C$17-K42 -> 0 | K43: =+J43+K42 -> 3134.113 | L43: =+J43/$C$26 -> 0 | M43: =+K43/$C$26 -> 0.035420591 | O43: =40000*M43+40000 -> 41416.824
D44: =+$C$14-E43 -> 0 | E44: =+D44+E43 -> 33.367993 | H44: =+$C$15-I43 -> 0 | I44: =+H44+I43 -> 3100.745 | J44: =+$C$17-K43 -> 0 | K44: =+J44+K43 -> 3134.113 | L44: =+J44/$C$26 -> 0 | M44: =+K44/$C$26 -> 0.035420591 | O44: =40000*M44+40000 -> 41416.824
D45: =+$C$14-E44 -> 0 | E45: =+D45+E44 -> 33.367993 | H45: =+$C$15-I44 -> 0 | I45: =+H45+I44 -> 3100.745 | J45: =+$C$17-K44 -> 0 | K45: =+J45+K44 -> 3134.113 | L45: =+J45/$C$26 -> 0 | M45: =+K45/$C$26 -> 0.035420591 | O45: =40000*M45+40000 -> 41416.824
D46: =+$C$14-E45 -> 0 | E46: =+D46+E45 -> 33.367993 | H46: =+$C$15-I45 -> 0 | I46: =+H46+I45 -> 3100.745 | J46: =+$C$17-K45 -> 0 | K46: =+J46+K45 -> 3134.113 | L46: =+J46/$C$26 -> 0 | M46: =+K46/$C$26 -> 0.035420591 | O46: =40000*M46+40000 -> 41416.824
D47: =+$C$14-E46 -> 0 | E47: =+D47+E46 -> 33.367993 | H47: =+$C$15-I46 -> 0 | I47: =+H47+I46 -> 3100.745 | J47: =+$C$17-K46 -> 0 | K47: =+J47+K46 -> 3134.113 | L47: =+J47/$C$26 -> 0 | M47: =+K47/$C$26 -> 0.035420591 | O47: =40000*M47+40000 -> 41416.824
D48: =+$C$14-E47 -> 0 | E48: =+D48+E47 -> 33.367993 | H48: =+$C$15-I47 -> 0 | I48: =+H48+I47 -> 3100.745 | J48: =+$C$17-K47 -> 0 | K48: =+J48+K47 -> 3134.113 | L48: =+J48/$C$26 -> 0 | M48: =+K48/$C$26 -> 0.035420591 | O48: =40000*M48+40000 -> 41416.824
D49: =+$C$14-E48 -> 0 | E49: =+D49+E48 -> 33.367993 | H49: =+$C$15-I48 -> 0 | I49: =+H49+I48 -> 3100.745 | J49: =+$C$17-K48 -> 0 | K49: =+J49+K48 -> 3134.113 | L49: =+J49/$C$26 -> 0 | M49: =+K49/$C$26 -> 0.035420591 | O49: =40000*M49+40000 -> 41416.824 | Q49: =+Q51+T51 -> 11304.1
D50: =+$C$14-E49 -> 0 | E50: =+D50+E49 -> 33.367993 | H50: =+$C$15-I49 -> 0 | I50: =+H50+I49 -> 3100.745 | J50: =+$C$17-K49 -> 0 | K50: =+J50+K49 -> 3134.113 | L50: =+J50/$C$26 -> 0 | M50: =+K50/$C$26 -> 0.035420591 | O50: =40000*M50+40000 -> 41416.824
Q51: =SUM(Q53:Q60) -> 12176.2 | T51: =SUM(T53:T60) -> -872.1
O52: adet | P52: fiyat | Q52: tutar
G53: 1 | I53: AHGAZ | J53: X | O53: 70 | P53: 13.49 | Q53: =+P53*O53 -> 944.3 | S53: 12.8 | T53: =(S53-P53)*O53 -> -48.3
G54: 1 | I54: GZNMI | J54: X | O54: 20 | P54: 45.64 | Q54: =+P54*O54 -> 912.8 | S54: 41.78 | T54: =(S54-P54)*O54 -> -77.2
G55: 1 | I55: NUHCM | J55: X | O55: 4 | P55: 301.5 | Q55: =+P55*O55 -> 1206 | S55: 289.75 | T55: =(S55-P55)*O55 -> -47
G56: 4 | I56: PLTUR | J56: X | K56: X | L56: X | M56: X | O56: 320 | P56: 16.51875 | Q56: =+P56*O56 -> 5286 | S56: 16.1 | T56: =(S56-P56)*O56 -> -134
G57: 1 | I57: SUNTK | J57: X | O57: 60 | P57: 17.5 | Q57: =+P57*O57 -> 1050 | S57: 17.47 | T57: =(S57-P57)*O57 -> -1.8
G58: 1 | I58: YGGYO | J58: X | O58: 25 | P58: 45.06 | Q58: =+P58*O58 -> 1126.5 | S58: 43.22 | T58: =(S58-P58)*O58 -> -46
I59: vrgyo | O59: 10 | P59: 40.56 | Q59: =+P59*O59 -> 405.6 | S59: 34.98 | T59: =(S59-P59)*O59 -> -55.8
I60: pekgy | O60: 100 | P60: 12.45 | Q60: =+P60*O60 -> 1245 | S60: 7.83 | T60: =(S60-P60)*O60 -> -462

Sheet İcmal
B2: HİSSE | C2: ADET | D2: MALİYET | E2: FİYAT | F2: GÜNCEL TUTAT | G2: KAR/ZARAR | H2: ANALIZ | I2: HEDEF | J2: DATA | K2: DURUM | L2: İŞLEM ADET | M2: İŞLEM FİYATI | N2: HEDEF2 | P2: 32.53
B3: ADESE | C3: =+ADESE!C1 -> 4200 | D3: =+ADESE!F1 -> 2.6280952 | E3: 2.33 | F3: =E3*C3 -> 9786 | G3: =+ADESE!G1 -> -1252 | H3: =IFERROR(Tablo2[[#This Row],[FİYAT]]/Tablo2[[#This Row],[MALİYET]]-1,"") -> -0.11342635 | I3: =+ADESE!$K$2/ADESE!$J$2 -> 0.60166001 | J3: =IF(Tablo2[[#This Row],[MALİYET]]<1,6,IF(Tablo2[[#This Row],[HEDEF]]>1,1,LOOKUP(Tablo2[[#This Row],[ANALIZ]],{-1000000,-0.15,-0.1,-0.05,0,0.05,0.1,0.15,0.2;-4,-3,-2,-1,0,1,2,3,4}))) -> -3 | K3: =IF(Tablo2[[#This Row],[MALİYET]]<1,"TUT",IF(Tablo2[[#This Row],[HEDEF]]>2,"SAT",IFERROR(INDEX($AA$6:$AC$14,MATCH(Tablo2[[#This Row],[DATA]],$AC$6:$AC$14,0),1),""))) -> AL-3 | L3: =IF(Tablo2[[#This Row],[DURUM]]="SAT",Tablo2[[#This Row],[ADET]]*0.5,ROUND(-IFERROR(INDEX($AA$6:$AD$14,MATCH(Tablo2[[#This Row],[DATA]],$AC$6:$AC$14,0),4),"")*Tablo2[[#This Row],[ADET]],0)) -> 840 | M3: =IF(Tablo2[[#This Row],[DURUM]]="SAT",IF(Tablo2[[#This Row],[MALİYET]]<Tablo2[[#This Row],[FİYAT]],Tablo2[[#This Row],[FİYAT]],Tablo2[[#This Row],[MALİYET]])*1.1,IF(Tablo2[[#This Row],[DATA]]=0,"",IFERROR((1+INDEX($AA$6:$AD$14,MATCH(Tablo2[[#This Row],[DATA]],$AC$6:$AC$14,0),2))*IF(Tablo2[[#This Row],[DATA]]<0,Tablo2[[#This Row],[MALİYET]],Tablo2[[#This Row],[FİYAT]]),0))) -> 2.233881 | N3: 500
B4: AKBNK | C4: =+AKBNK!C1 -> 0 | D4: =+AKBNK!F1 | E4: 56.05 | F4: =E4*C4 -> 0 | G4: =+AKBNK!G1 -> 3643.7905 | H4: =IFERROR(Tablo2[[#This Row],[FİYAT]]/Tablo2[[#This Row],[MALİYET]]-1,"") | I4: =+AKBNK!$K$2/AKBNK!$J$2 -> 0 | J4: =IF(Tablo2[[#This Row],[MALİYET]]<1,6,IF(Tablo2[[#This Row],[HEDEF]]>1,1,LOOKUP(Tablo2[[#This Row],[ANALIZ]],{-1000000,-0.15,-0.1,-0.05,0,0.05,0.1,0.15,0.2;-4,-3,-2,-1,0,1,2,3,4}))) -> #N/A | K4: =IF(Tablo2[[#This Row],[MALİYET]]<1,"TUT",IF(Tablo2[[#This Row],[HEDEF]]>2,"SAT",IFERROR(INDEX($AA$6:$AC$14,MATCH(Tablo2[[#This Row],[DATA]],$AC$6:$AC$14,0),1),""))) | L4: =IF(Tablo2[[#This Row],[DURUM]]="SAT",Tablo2[[#This Row],[ADET]]*0.5,ROUND(-IFERROR(INDEX($AA$6:$AD$14,MATCH(Tablo2[[#This Row],[DATA]],$AC$6:$AC$14,0),4),"")*Tablo2[[#This Row],[ADET]],0)) -> #VALUE! | M4: =IF(Tablo2[[#This Row],[DURUM]]="SAT",IF(Tablo2[[#This Row],[MALİYET]]<Tablo2[[#This Row],[FİYAT]],Tablo2[[#This Row],[FİYAT]],Tablo2[[#This Row],[MALİYET]])*1.1,IF(Tablo2[[#This Row],[DATA]]=0,"",IFERROR((1+INDEX($AA$6:$AD$14,MATCH(Tablo2[[#This Row],[DATA]],$AC$6:$AC$14,0),2))*IF(Tablo2[[#This Row],[DATA]]<0,Tablo2[[#This Row],[MALİYET]],Tablo2[[#This Row],[FİYAT]]),0))) -> #N/A | N4: 1000 | P4: Toplam Yatırım | R4: =955000+380000+350000+290000+350000-50000 -> 2275000 | U4: =30235.5027786858+380000/32.04 -> 42095.678
B5: ALARK | C5: =ALARK!$C$1 -> 530 | D5: =ALARK!$F$1 -> 137.48113 | E5: 114.7 | F5: =E5*C5 -> 60791 | G5: =ALARK!$G$1 -> -12074 | H5: =IFERROR(Tablo2[[#This Row],[FİYAT]]/Tablo2[[#This Row],[MALİYET]]-1,"") -> -0.1657037 | I5: =+ALARK!$K$2/ALARK!$J$2 -> 1.8687673 | J5: =IF(Tablo2[[#This Row],[MALİYET]]<1,6,IF(Tablo2[[#This Row],[HEDEF]]>1,1,LOOKUP(Tablo2[[#This Row],[ANALIZ]],{-1000000,-0.15,-0.1,-0.05,0,0.05,0.1,0.15,0.2;-4,-3,-2,-1,0,1,2,3,4}))) -> 1 | K5: =IF(Tablo2[[#This Row],[MALİYET]]<1,"TUT",IF(Tablo2[[#This Row],[HEDEF]]>2,"SAT",IFERROR(INDEX($AA$6:$AC$14,MATCH(Tablo2[[#This Row],[DATA]],$AC$6:$AC$14,0),1),""))) -> SAT-1 | L5: =IF(Tablo2[[#This Row],[DURUM]]="SAT",Tablo2[[#This Row],[ADET]]*0.5,ROUND(-IFERROR(INDEX($AA$6:$AD$14,MATCH(Tablo2[[#This Row],[DATA]],$AC$6:$AC$14,0),4),"")*Tablo2[[#This Row],[ADET]],0)) -> -53 | M5: =IF(Tablo2[[#This Row],[DURUM]]="SAT",IF(Tablo2[[#This Row],[MALİYET]]<Tablo2[[#This Row],[FİYAT]],Tablo2[[#This Row],[FİYAT]],Tablo2[[#This Row],[MALİYET]])*1.1,IF(Tablo2[[#This Row],[DATA]]=0,"",IFERROR((1+INDEX($AA$6:$AD$14,MATCH(Tablo2[[#This Row],[DATA]],$AC$6:$AC$14,0),2))*IF(Tablo2[[#This Row],[DATA]]<0,Tablo2[[#This Row],[MALİYET]],Tablo2[[#This Row],[FİYAT]]),0))) -> 120.435 | N5: 1000
B6: ARASE | C6: =+ARASE!C1 -> 1200 | D6: =+ARASE!F1 -> 70.334333 | E6: 69.1 | F6: =E6*C6 -> 82920 | G6: =+ARASE!G1 -> 7182.6014 | H6: =IFERROR(Tablo2[[#This Row],[FİYAT]]/Tablo2[[#This Row],[MALİYET]]-1,"") -> -0.017549505 | I6: =+ARASE!$K$2/ARASE!$J$2 -> 1.2745158 | J6: =IF(Tablo2[[#This Row],[MALİYET]]<1,6,IF(Tablo2[[#This Row],[HEDEF]]>1,1,LOOKUP(Tablo2[[#This Row],[ANALIZ]],{-1000000,-0.15,-0.1,-0.05,0,0.05,0.1,0.15,0.2;-4,-3,-2,-1,0,1,2,3,4}))) -> 1 | K6: =IF(Tablo2[[#This Row],[MALİYET]]<1,"TUT",IF(Tablo2[[#This Row],[HEDEF]]>2,"SAT",IFERROR(INDEX($AA$6:$AC$14,MATCH(Tablo2[[#This Row],[DATA]],$AC$6:$AC$14,0),1),""))) -> SAT-1 | L6: =IF(Tablo2[[#This Row],[DURUM]]="SAT",Tablo2[[#This Row],[ADET]]*0.5,ROUND(-IFERROR(INDEX($AA$6:$AD$14,MATCH(Tablo2[[#This Row],[DATA]],$AC$6:$AC$14,0),4),"")*Tablo2[[#This Row],[ADET]],0)) -> -120 | M6: =IF(Tablo2[[#This Row],[DURUM]]="SAT",IF(Tablo2[[#This Row],[MALİYET]]<Tablo2[[#This Row],[FİYAT]],Tablo2[[#This Row],[FİYAT]],Tablo2[[#This Row],[MALİYET]])*1.1,IF(Tablo2[[#This Row],[DATA]]=0,"",IFERROR((1+INDEX($AA$6:$AD$14,MATCH(Tablo2[[#This Row],[DATA]],$AC$6:$AC$14,0),2))*IF(Tablo2[[#This Row],[DATA]]<0,Tablo2[[#This Row],[MALİYET]],Tablo2[[#This Row],[FİYAT]]),0))) -> 72.555 | N6: 2000 | P6: Anlık Değer | R6: =SUM(Tablo2[GÜNCEL TUTAT]) -> 2002038 | U6: =(R6+R7)/P2 -> 71350.91 | X6: =+U6*$P$2 -> 2321045.1 | AA6: AL-4 | AB6: -0.2 | AC6: =LOOKUP(AB6,{-1000,-0.15,-0.1,-0.05,0,0.05,0.1,0.15,0.2;-4,-3,-2,-1,0,1,2,3,4}) -> -4 | AD6: -0.25
B7: ARCLK | C7: =ARCLK!C1 -> 100 | D7: =ARCLK!F1 -> 122.75687 | E7: 161 | F7: =E7*C7 -> 16100 | G7: =+ARCLK!G1 -> 3824.3132 | H7: =IFERROR(Tablo2[[#This Row],[FİYAT]]/Tablo2[[#This Row],[MALİYET]]-1,"") -> 0.31153558 | I7: =+ARCLK!$K$2/ARCLK!$J$2 -> 0.24746388 | J7: =IF(Tablo2[[#This Row],[MALİYET]]<1,6,IF(Tablo2[[#This Row],[HEDEF]]>1,1,LOOKUP(Tablo2[[#This Row],[ANALIZ]],{-1000000,-0.15,-0.1,-0.05,0,0.05,0.1,0.15,0.2;-4,-3,-2,-1,0,1,2,3,4}))) -> 4 | K7: =IF(Tablo2[[#This Row],[MALİYET]]<1,"TUT",IF(Tablo2[[#This Row],[HEDEF]]>2,"SAT",IFERROR(INDEX($AA$6:$AC$14,MATCH(Tablo2[[#This Row],[DATA]],$AC$6:$AC$14,0),1),""))) -> SAT-4 | L7: =IF(Tablo2[[#This Row],[DURUM]]="SAT",Tablo2[[#This Row],[ADET]]*0.5,ROUND(-IFERROR(INDEX($AA$6:$AD$14,MATCH(Tablo2[[#This Row],[DATA]],$AC$6:$AC$14,0),4),"")*Tablo2[[#This Row],[ADET]],0)) -> -25 | M7: =IF(Tablo2[[#This Row],[DURUM]]="SAT",IF(Tablo2[[#This Row],[MALİYET]]<Tablo2[[#This Row],[FİYAT]],Tablo2[[#This Row],[FİYAT]],Tablo2[[#This Row],[MALİYET]])*1.1,IF(Tablo2[[#This Row],[DATA]]=0,"",IFERROR((1+INDEX($AA$6:$AD$14,MATCH(Tablo2[[#This Row],[DATA]],$AC$6:$AC$14,0),2))*IF(Tablo2[[#This Row],[DATA]]<0,Tablo2[[#This Row],[MALİYET]],Tablo2[[#This Row],[FİYAT]]),0))) -> 193.2 | N7: 2000 | P7: Nakit | R7: =307703+Sayfa1!Q49 -> 319007.1 | AA7: AL-3 | AB7: -0.15 | AC7: =LOOKUP(AB7,{-1000,-0.15,-0.1,-0.05,0,0.05,0.1,0.15,0.2;-4,-3,-2,-1,0,1,2,3,4}) -> -3 | AD7: -0.2
B8: ARENA | C8: =+ARENA!C1 -> 150 | D8: =+ARENA!F1 -> 7.0947851 | E8: 51.2 | F8: =E8*C8 -> 7680 | G8: =+ARENA!G1 -> 6615.7822 | H8: =IFERROR(Tablo2[[#This Row],[FİYAT]]/Tablo2[[#This Row],[MALİYET]]-1,"") -> 6.2165682 | I8: =+ARENA!$K$2/ARENA!$J$2 -> 0.23608976 | J8: =IF(Tablo2[[#This Row],[MALİYET]]<1,6,IF(Tablo2[[#This Row],[HEDEF]]>1,1,LOOKUP(Tablo2[[#This Row],[ANALIZ]],{-1000000,-0.15,-0.1,-0.05,0,0.05,0.1,0.15,0.2;-4,-3,-2,-1,0,1,2,3,4}))) -> 4 | K8: =IF(Tablo2[[#This Row],[MALİYET]]<1,"TUT",IF(Tablo2[[#This Row],[HEDEF]]>2,"SAT",IFERROR(INDEX($AA$6:$AC$14,MATCH(Tablo2[[#This Row],[DATA]],$AC$6:$AC$14,0),1),""))) -> SAT-4 | L8: =IF(Tablo2[[#This Row],[DURUM]]="SAT",Tablo2[[#This Row],[ADET]]*0.5,ROUND(-IFERROR(INDEX($AA$6:$AD$14,MATCH(Tablo2[[#This Row],[DATA]],$AC$6:$AC$14,0),4),"")*Tablo2[[#This Row],[ADET]],0)) -> -38 | M8: =IF(Tablo2[[#This Row],[DURUM]]="SAT",IF(Tablo2[[#This Row],[MALİYET]]<Tablo2[[#This Row],[FİYAT]],Tablo2[[#This Row],[FİYAT]],Tablo2[[#This Row],[MALİYET]])*1.1,IF(Tablo2[[#This Row],[DATA]]=0,"",IFERROR((1+INDEX($AA$6:$AD$14,MATCH(Tablo2[[#This Row],[DATA]],$AC$6:$AC$14,0),2))*IF(Tablo2[[#This Row],[DATA]]<0,Tablo2[[#This Row],[MALİYET]],Tablo2[[#This Row],[FİYAT]]),0))) -> 61.44 | N8: 1000 | P8: Kar | R8: =+R6+R7-R4 -> 46045.1 | S8: =R8/R4 -> 0.020239604 | U8: =+U6-U4 -> 29255.232 | V8: =+U8/U4 -> 0.69496998 | AA8: AL-2 | AB8: -0.1 | AC8: =LOOKUP(AB8,{-1000,-0.15,-0.1,-0.05,0,0.05,0.1,0.15,0.2;-4,-3,-2,-1,0,1,2,3,4}) -> -2 | AD8: -0.15
B9: ARZUM | C9: =+ARZUM!C1 -> 450 | D9: =+ARZUM!F1 -> 36.361529 | E9: 46 | F9: =E9*C9 -> 20700 | G9: =+ARZUM!G1 -> 4337.312 | H9: =IFERROR(Tablo2[[#This Row],[FİYAT]]/Tablo2[[#This Row],[MALİYET]]-1,"") -> 0.26507332 | I9: =+ARZUM!$K$2/ARZUM!$J$2 -> 1.2726714 | J9: =IF(Tablo2[[#This Row],[MALİYET]]<1,6,IF(Tablo2[[#This Row],[HEDEF]]>1,1,LOOKUP(Tablo2[[#This Row],[ANALIZ]],{-1000000,-0.15,-0.1,-0.05,0,0.05,0.1,0.15,0.2;-4,-3,-2,-1,0,1,2,3,4}))) -> 1 | K9: =IF(Tablo2[[#This Row],[MALİYET]]<1,"TUT",IF(Tablo2[[#This Row],[HEDEF]]>2,"SAT",IFERROR(INDEX($AA$6:$AC$14,MATCH(Tablo2[[#This Row],[DATA]],$AC$6:$AC$14,0),1),""))) -> SAT-1 | L9: =IF(Tablo2[[#This Row],[DURUM]]="SAT",Tablo2[[#This Row],[ADET]]*0.5,ROUND(-IFERROR(INDEX($AA$6:$AD$14,MATCH(Tablo2[[#This Row],[DATA]],$AC$6:$AC$14,0),4),"")*Tablo2[[#This Row],[ADET]],0)) -> -45 | M9: =IF(Tablo2[[#This Row],[DURUM]]="SAT",IF(Tablo2[[#This Row],[MALİYET]]<Tablo2[[#This Row],[FİYAT]],Tablo2[[#This Row],[FİYAT]],Tablo2[[#This Row],[MALİYET]])*1.1,IF(Tablo2[[#This Row],[DATA]]=0,"",IFERROR((1+INDEX($AA$6:$AD$14,MATCH(Tablo2[[#This Row],[DATA]],$AC$6:$AC$14,0),2))*IF(Tablo2[[#This Row],[DATA]]<0,Tablo2[[#This Row],[MALİYET]],Tablo2[[#This Row],[FİYAT]]),0))) -> 48.3 | N9: 500 | AA9: AL-1 | AB9: -0.05 | AC9: =LOOKUP(AB9,{-1000,-0.15,-0.1,-0.05,0,0.05,0.1,0.15,0.2;-4,-3,-2,-1,0,1,2,3,4}) -> -1 | AD9: -0.1
B10: ASELS | C10: =+ASELS!C1 -> 200 | D10: 51.25 | E10: 57.8 | F10: =E10*C10 -> 11560 | G10: =+ASELS!G1 -> 1932.659 | H10: =IFERROR(Tablo2[[#This Row],[FİYAT]]/Tablo2[[#This Row],[MALİYET]]-1,"") -> 0.12780488 | I10: =+ASELS!$K$2/ASELS!$J$2 -> 0.17768214 | J10: =IF(Tablo2[[#This Row],[MALİYET]]<1,6,IF(Tablo2[[#This Row],[HEDEF]]>1,1,LOOKUP(Tablo2[[#This Row],[ANALIZ]],{-1000000,-0.15,-0.1,-0.05,0,0.05,0.1,0.15,0.2;-4,-3,-2,-1,0,1,2,3,4}))) -> 2 | K10: =IF(Tablo2[[#This Row],[MALİYET]]<1,"TUT",IF(Tablo2[[#This Row],[HEDEF]]>2,"SAT",IFERROR(INDEX($AA$6:$AC$14,MATCH(Tablo2[[#This Row],[DATA]],$AC$6:$AC$14,0),1),""))) -> SAT-2 | L10: =IF(Tablo2[[#This Row],[DURUM]]="SAT",Tablo2[[#This Row],[ADET]]*0.5,ROUND(-IFERROR(INDEX($AA$6:$AD$14,MATCH(Tablo2[[#This Row],[DATA]],$AC$6:$AC$14,0),4),"")*Tablo2[[#This Row],[ADET]],0)) -> -30 | M10: =IF(Tablo2[[#This Row],[DURUM]]="SAT",IF(Tablo2[[#This Row],[MALİYET]]<Tablo2[[#This Row],[FİYAT]],Tablo2[[#This Row],[FİYAT]],Tablo2[[#This Row],[MALİYET]])*1.1,IF(Tablo2[[#This Row],[DATA]]=0,"",IFERROR((1+INDEX($AA$6:$AD$14,MATCH(Tablo2[[#This Row],[DATA]],$AC$6:$AC$14,0),2))*IF(Tablo2[[#This Row],[DATA]]<0,Tablo2[[#This Row],[MALİYET]],Tablo2[[#This Row],[FİYAT]]),0))) -> 63.58 | N10: 2000 | U10: =+S10/P2 -> 0 | X10: =+U10*$P$2 -> 0 | AA10: TUT | AB10: 0 | AC10: =LOOKUP(AB10,{-1000,-0.15,-0.1,-0.05,0,0.05,0.1,0.15,0.2;-4,-3,-2,-1,0,1,2,3,4}) -> 0 | AD10: 0
B11: ASTOR | C11: =+ASTOR!C1 -> 990 | D11: =+ASTOR!F1 -> 123.21314 | E11: 95.1 | F11: =E11*C11 -> 94149 | G11: =+ASTOR!G1 -> -42638.011 | H11: =IFERROR(Tablo2[[#This Row],[FİYAT]]/Tablo2[[#This Row],[MALİYET]]-1,"") -> -0.22816672 | I11: =+ASTOR!$K$2/ASTOR!$J$2 -> 1.4471104 | J11: =IF(Tablo2[[#This Row],[MALİYET]]<1,6,IF(Tablo2[[#This Row],[HEDEF]]>1,1,LOOKUP(Tablo2[[#This Row],[ANALIZ]],{-1000000,-0.15,-0.1,-0.05,0,0.05,0.1,0.15,0.2;-4,-3,-2,-1,0,1,2,3,4}))) -> 1 | K11: =IF(Tablo2[[#This Row],[MALİYET]]<1,"TUT",IF(Tablo2[[#This Row],[HEDEF]]>2,"SAT",IFERROR(INDEX($AA$6:$AC$14,MATCH(Tablo2[[#This Row],[DATA]],$AC$6:$AC$14,0),1),""))) -> SAT-1 | L11: =IF(Tablo2[[#This Row],[DURUM]]="SAT",Tablo2[[#This Row],[ADET]]*0.5,ROUND(-IFERROR(INDEX($AA$6:$AD$14,MATCH(Tablo2[[#This Row],[DATA]],$AC$6:$AC$14,0),4),"")*Tablo2[[#This Row],[ADET]],0)) -> -99 | M11: =IF(Tablo2[[#This Row],[DURUM]]="SAT",IF(Tablo2[[#This Row],[MALİYET]]<Tablo2[[#This Row],[FİYAT]],Tablo2[[#This Row],[FİYAT]],Tablo2[[#This Row],[MALİYET]])*1.1,IF(Tablo2[[#This Row],[DATA]]=0,"",IFERROR((1+INDEX($AA$6:$AD$14,MATCH(Tablo2[[#This Row],[DATA]],$AC$6:$AC$14,0),2))*IF(Tablo2[[#This Row],[DATA]]<0,Tablo2[[#This Row],[MALİYET]],Tablo2[[#This Row],[FİYAT]]),0))) -> 99.855 | N11: 2000 | P11: USD | X11: =+U11*$P$2 -> 0 | AA11: SAT-1 | AB11: 0.05 | AC11: =LOOKUP(AB11,{-1000,-0.15,-0.1,-0.05,0,0.05,0.1,0.15,0.2;-4,-3,-2,-1,0,1,2,3,4}) -> 1 | AD11: 0.1
B12: BIMAS | C12: =+BIMAS!C1 -> 120 | D12: =+BIMAS!F1 -> 364.42616 | E12: 370 | F12: =E12*C12 -> 44400 | G12: =+BIMAS!G1 -> 668.8608 | H12: =IFERROR(Tablo2[[#This Row],[FİYAT]]/Tablo2[[#This Row],[MALİYET]]-1,"") -> 0.015294841 | I12: =+BIMAS!$K$2/BIMAS!$J$2 -> 0.68244697 | J12: =IF(Tablo2[[#This Row],[MALİYET]]<1,6,IF(Tablo2[[#This Row],[HEDEF]]>1,1,LOOKUP(Tablo2[[#This Row],[ANALIZ]],{-1000000,-0.15,-0.1,-0.05,0,0.05,0.1,0.15,0.2;-4,-3,-2,-1,0,1,2,3,4}))) -> 0 | K12: =IF(Tablo2[[#This Row],[MALİYET]]<1,"TUT",IF(Tablo2[[#This Row],[HEDEF]]>2,"SAT",IFERROR(INDEX($AA$6:$AC$14,MATCH(Tablo2[[#This Row],[DATA]],$AC$6:$AC$14,0),1),""))) -> TUT | L12: =IF(Tablo2[[#This Row],[DURUM]]="SAT",Tablo2[[#This Row],[ADET]]*0.5,ROUND(-IFERROR(INDEX($AA$6:$AD$14,MATCH(Tablo2[[#This Row],[DATA]],$AC$6:$AC$14,0),4),"")*Tablo2[[#This Row],[ADET]],0)) -> 0 | M12: =IF(Tablo2[[#This Row],[DURUM]]="SAT",IF(Tablo2[[#This Row],[MALİYET]]<Tablo2[[#This Row],[FİYAT]],Tablo2[[#This Row],[FİYAT]],Tablo2[[#This Row],[MALİYET]])*1.1,IF(Tablo2[[#This Row],[DATA]]=0,"",IFERROR((1+INDEX($AA$6:$AD$14,MATCH(Tablo2[[#This Row],[DATA]],$AC$6:$AC$14,0),2))*IF(Tablo2[[#This Row],[DATA]]<0,Tablo2[[#This Row],[MALİYET]],Tablo2[[#This Row],[FİYAT]]),0))) | N12: 2000 | P12: TL | S12: 0 | U12: =+S12/P2 -> 0 | X12: =+U12*$P$2 -> 0 | AA12: SAT-2 | AB12: 0.1 | AC12: =LOOKUP(AB12,{-1000,-0.15,-0.1,-0.05,0,0.05,0.1,0.15,0.2;-4,-3,-2,-1,0,1,2,3,4}) -> 2 | AD12: 0.15
B13: BRLSM | C13: =BRLSM!C1 -> 2000 | D13: =BRLSM!F1 -> 23.83211 | E13: 27.8 | F13: =E13*C13 -> 55600 | G13: =+BRLSM!G1 -> 7935.7798 | H13: =IFERROR(Tablo2[[#This Row],[FİYAT]]/Tablo2[[#This Row],[MALİYET]]-1,"") -> 0.16649344 | I13: =+BRLSM!$K$2/BRLSM!$J$2 -> 1.7091915 | J13: =IF(Tablo2[[#This Row],[MALİYET]]<1,6,IF(Tablo2[[#This Row],[HEDEF]]>1,1,LOOKUP(Tablo2[[#This Row],[ANALIZ]],{-1000000,-0.15,-0.1,-0.05,0,0.05,0.1,0.15,0.2;-4,-3,-2,-1,0,1,2,3,4}))) -> 1 | K13: =IF(Tablo2[[#This Row],[MALİYET]]<1,"TUT",IF(Tablo2[[#This Row],[HEDEF]]>2,"SAT",IFERROR(INDEX($AA$6:$AC$14,MATCH(Tablo2[[#This Row],[DATA]],$AC$6:$AC$14,0),1),""))) -> SAT-1 | L13: =IF(Tablo2[[#This Row],[DURUM]]="SAT",Tablo2[[#This Row],[ADET]]*0.5,ROUND(-IFERROR(INDEX($AA$6:$AD$14,MATCH(Tablo2[[#This Row],[DATA]],$AC$6:$AC$14,0),4),"")*Tablo2[[#This Row],[ADET]],0)) -> -200 | M13: =IF(Tablo2[[#This Row],[DURUM]]="SAT",IF(Tablo2[[#This Row],[MALİYET]]<Tablo2[[#This Row],[FİYAT]],Tablo2[[#This Row],[FİYAT]],Tablo2[[#This Row],[MALİYET]])*1.1,IF(Tablo2[[#This Row],[DATA]]=0,"",IFERROR((1+INDEX($AA$6:$AD$14,MATCH(Tablo2[[#This Row],[DATA]],$AC$6:$AC$14,0),2))*IF(Tablo2[[#This Row],[DATA]]<0,Tablo2[[#This Row],[MALİYET]],Tablo2[[#This Row],[FİYAT]]),0))) -> 29.19 | N13: 1000 | P13: MIDAS | S13: 659253 | U13: =S13/P2 -> 20266.001 | X13: =+U13*$P$2 -> 659253 | AA13: SAT-3 | AB13: 0.15 | AC13: =LOOKUP(AB13,{-1000,-0.15,-0.1,-0.05,0,0.05,0.1,0.15,0.2;-4,-3,-2,-1,0,1,2,3,4}) -> 3 | AD13: 0.2
B14: BURVA | C14: =BURVA!C1 -> 100 | D14: =+BURVA!F1 -> 1.351979 | E14: 171.1 | F14: =E14*C14 -> 17110 | G14: =+BURVA!G1 -> 16974.802 | H14: =IFERROR(Tablo2[[#This Row],[FİYAT]]/Tablo2[[#This Row],[MALİYET]]-1,"") -> 125.55522 | I14: =+BURVA!$K$2/BURVA!$J$2 -> 0.52597602 | J14: =IF(Tablo2[[#This Row],[MALİYET]]<1,6,IF(Tablo2[[#This Row],[HEDEF]]>1,1,LOOKUP(Tablo2[[#This Row],[ANALIZ]],{-1000000,-0.15,-0.1,-0.05,0,0.05,0.1,0.15,0.2;-4,-3,-2,-1,0,1,2,3,4}))) -> 4 | K14: =IF(Tablo2[[#This Row],[MALİYET]]<1,"TUT",IF(Tablo2[[#This Row],[HEDEF]]>2,"SAT",IFERROR(INDEX($AA$6:$AC$14,MATCH(Tablo2[[#This Row],[DATA]],$AC$6:$AC$14,0),1),""))) -> SAT-4 | L14: =IF(Tablo2[[#This Row],[DURUM]]="SAT",Tablo2[[#This Row],[ADET]]*0.5,ROUND(-IFERROR(INDEX($AA$6:$AD$14,MATCH(Tablo2[[#This Row],[DATA]],$AC$6:$AC$14,0),4),"")*Tablo2[[#This Row],[ADET]],0)) -> -25 | M14: =IF(Tablo2[[#This Row],[DURUM]]="SAT",IF(Tablo2[[#This Row],[MALİYET]]<Tablo2[[#This Row],[FİYAT]],Tablo2[[#This Row],[FİYAT]],Tablo2[[#This Row],[MALİYET]])*1.1,IF(Tablo2[[#This Row],[DATA]]=0,"",IFERROR((1+INDEX($AA$6:$AD$14,MATCH(Tablo2[[#This Row],[DATA]],$AC$6:$AC$14,0),2))*IF(Tablo2[[#This Row],[DATA]]<0,Tablo2[[#This Row],[MALİYET]],Tablo2[[#This Row],[FİYAT]]),0))) -> 205.32 | N14: 1000 | AA14: SAT-4 | AB14: 0.2 | AC14: =LOOKUP(AB14,{-1000,-0.15,-0.1,-0.05,0,0.05,0.1,0.15,0.2;-4,-3,-2,-1,0,1,2,3,4}) -> 4 | AD14: 0.25
B15: CATES | C15: =+CATES!C1 -> 150 | D15: =+CATES!F1 -> 57.315 | E15: 58 | F15: =E15*C15 -> 8700 | G15: =+CATES!G1 -> 102.75 | H15: =IFERROR(Tablo2[[#This Row],[FİYAT]]/Tablo2[[#This Row],[MALİYET]]-1,"") -> 0.011951496 | I15: =+CATES!$K$2/CATES!$J$2 -> 267.44543 | J15: =IF(Tablo2[[#This Row],[MALİYET]]<1,6,IF(Tablo2[[#This Row],[HEDEF]]>1,1,LOOKUP(Tablo2[[#This Row],[ANALIZ]],{-1000000,-0.15,-0.1,-0.05,0,0.05,0.1,0.15,0.2;-4,-3,-2,-1,0,1,2,3,4}))) -> 1 | K15: =IF(Tablo2[[#This Row],[MALİYET]]<1,"TUT",IF(Tablo2[[#This Row],[HEDEF]]>2,"SAT",IFERROR(INDEX($AA$6:$AC$14,MATCH(Tablo2[[#This Row],[DATA]],$AC$6:$AC$14,0),1),""))) -> SAT | L15: =IF(Tablo2[[#This Row],[DURUM]]="SAT",Tablo2[[#This Row],[ADET]]*0.5,ROUND(-IFERROR(INDEX($AA$6:$AD$14,MATCH(Tablo2[[#This Row],[DATA]],$AC$6:$AC$14,0),4),"")*Tablo2[[#This Row],[ADET]],0)) -> 75 | M15: =IF(Tablo2[[#This Row],[DURUM]]="SAT",IF(Tablo2[[#This Row],[MALİYET]]<Tablo2[[#This Row],[FİYAT]],Tablo2[[#This Row],[FİYAT]],Tablo2[[#This Row],[MALİYET]])*1.1,IF(Tablo2[[#This Row],[DATA]]=0,"",IFERROR((1+INDEX($AA$6:$AD$14,MATCH(Tablo2[[#This Row],[DATA]],$AC$6:$AC$14,0),2))*IF(Tablo2[[#This Row],[DATA]]<0,Tablo2[[#This Row],[MALİYET]],Tablo2[[#This Row],[FİYAT]]),0))) -> 63.8 | N15: 1
B16: CWENE | C16: =+CWENE!C1 -> 85 | D16: =+CWENE!F1 -> 310.01471 | E16: 305 | F16: =E16*C16 -> 25925 | G16: =+CWENE!G1 -> -426.25 | H16: =IFERROR(Tablo2[[#This Row],[FİYAT]]/Tablo2[[#This Row],[MALİYET]]-1,"") -> -0.016175703 | I16: =+CWENE!$K$2/CWENE!$J$2 -> 0.79695666 | J16: =IF(Tablo2[[#This Row],[MALİYET]]<1,6,IF(Tablo2[[#This Row],[HEDEF]]>1,1,LOOKUP(Tablo2[[#This Row],[ANALIZ]],{-1000000,-0.15,-0.1,-0.05,0,0.05,0.1,0.15,0.2;-4,-3,-2,-1,0,1,2,3,4}))) -> -1 | K16: =IF(Tablo2[[#This Row],[MALİYET]]<1,"TUT",IF(Tablo2[[#This Row],[HEDEF]]>2,"SAT",IFERROR(INDEX($AA$6:$AC$14,MATCH(Tablo2[[#This Row],[DATA]],$AC$6:$AC$14,0),1),""))) -> AL-1 | L16: =IF(Tablo2[[#This Row],[DURUM]]="SAT",Tablo2[[#This Row],[ADET]]*0.5,ROUND(-IFERROR(INDEX($AA$6:$AD$14,MATCH(Tablo2[[#This Row],[DATA]],$AC$6:$AC$14,0),4),"")*Tablo2[[#This Row],[ADET]],0)) -> 9 | M16: =IF(Tablo2[[#This Row],[DURUM]]="SAT",IF(Tablo2[[#This Row],[MALİYET]]<Tablo2[[#This Row],[FİYAT]],Tablo2[[#This Row],[FİYAT]],Tablo2[[#This Row],[MALİYET]])*1.1,IF(Tablo2[[#This Row],[DATA]]=0,"",IFERROR((1+INDEX($AA$6:$AD$14,MATCH(Tablo2[[#This Row],[DATA]],$AC$6:$AC$14,0),2))*IF(Tablo2[[#This Row],[DATA]]<0,Tablo2[[#This Row],[MALİYET]],Tablo2[[#This Row],[FİYAT]]),0))) -> 294.51397 | N16: 1000
B17: DEVA | C17: =+DEVA!C1 -> 400 | D17: =+DEVA!F1 -> 79.0125 | E17: 73.9 | F17: =E17*C17 -> 29560 | G17: =+DEVA!G1 -> -646 | H17: =IFERROR(Tablo2[[#This Row],[FİYAT]]/Tablo2[[#This Row],[MALİYET]]-1,"") -> -0.064704952 | I17: =+DEVA!$K$2/DEVA!$J$2 -> 0.90869966 | J17: =IF(Tablo2[[#This Row],[MALİYET]]<1,6,IF(Tablo2[[#This Row],[HEDEF]]>1,1,LOOKUP(Tablo2[[#This Row],[ANALIZ]],{-1000000,-0.15,-0.1,-0.05,0,0.05,0.1,0.15,0.2;-4,-3,-2,-1,0,1,2,3,4}))) -> -2 | K17: =IF(Tablo2[[#This Row],[MALİYET]]<1,"TUT",IF(Tablo2[[#This Row],[HEDEF]]>2,"SAT",IFERROR(INDEX($AA$6:$AC$14,MATCH(Tablo2[[#This Row],[DATA]],$AC$6:$AC$14,0),1),""))) -> AL-2 | L17: =IF(Tablo2[[#This Row],[DURUM]]="SAT",Tablo2[[#This Row],[ADET]]*0.5,ROUND(-IFERROR(INDEX($AA$6:$AD$14,MATCH(Tablo2[[#This Row],[DATA]],$AC$6:$AC$14,0),4),"")*Tablo2[[#This Row],[ADET]],0)) -> 60 | M17: =IF(Tablo2[[#This Row],[DURUM]]="SAT",IF(Tablo2[[#This Row],[MALİYET]]<Tablo2[[#This Row],[FİYAT]],Tablo2[[#This Row],[FİYAT]],Tablo2[[#This Row],[MALİYET]])*1.1,IF(Tablo2[[#This Row],[DATA]]=0,"",IFERROR((1+INDEX($AA$6:$AD$14,MATCH(Tablo2[[#This Row],[DATA]],$AC$6:$AC$14,0),2))*IF(Tablo2[[#This Row],[DATA]]<0,Tablo2[[#This Row],[MALİYET]],Tablo2[[#This Row],[FİYAT]]),0))) -> 71.11125 | N17: 1000
B18: DOAS | C18: =+DOAS!C1 -> 530 | D18: =+DOAS!$F$1 -> 339.49059 | E18: 319 | F18: =E18*C18 -> 169070 | G18: =+DOAS!$G$1 -> -10860.012 | H18: =IFERROR(Tablo2[[#This Row],[FİYAT]]/Tablo2[[#This Row],[MALİYET]]-1,"") -> -0.060356866 | I18: =+DOAS!$K$2/DOAS!$J$2 -> 1.7324521 | J18: =IF(Tablo2[[#This Row],[MALİYET]]<1,6,IF(Tablo2[[#This Row],[HEDEF]]>1,1,LOOKUP(Tablo2[[#This Row],[ANALIZ]],{-1000000,-0.15,-0.1,-0.05,0,0.05,0.1,0.15,0.2;-4,-3,-2,-1,0,1,2,3,4}))) -> 1 | K18: =IF(Tablo2[[#This Row],[MALİYET]]<1,"TUT",IF(Tablo2[[#This Row],[HEDEF]]>2,"SAT",IFERROR(INDEX($AA$6:$AC$14,MATCH(Tablo2[[#This Row],[DATA]],$AC$6:$AC$14,0),1),""))) -> SAT-1 | L18: =IF(Tablo2[[#This Row],[DURUM]]="SAT",Tablo2[[#This Row],[ADET]]*0.5,ROUND(-IFERROR(INDEX($AA$6:$AD$14,MATCH(Tablo2[[#This Row],[DATA]],$AC$6:$AC$14,0),4),"")*Tablo2[[#This Row],[ADET]],0)) -> -53 | M18: =IF(Tablo2[[#This Row],[DURUM]]="SAT",IF(Tablo2[[#This Row],[MALİYET]]<Tablo2[[#This Row],[FİYAT]],Tablo2[[#This Row],[FİYAT]],Tablo2[[#This Row],[MALİYET]])*1.1,IF(Tablo2[[#This Row],[DATA]]=0,"",IFERROR((1+INDEX($AA$6:$AD$14,MATCH(Tablo2[[#This Row],[DATA]],$AC$6:$AC$14,0),2))*IF(Tablo2[[#This Row],[DATA]]<0,Tablo2[[#This Row],[MALİYET]],Tablo2[[#This Row],[FİYAT]]),0))) -> 334.95 | N18: 3000
B19: DOKTA | C19: =+DOKTA!$C$1 -> 4000 | D19: =+DOKTA!$F$1 -> 36.61325 | E19: 36.18 | F19: =E19*C19 -> 144720 | G19: =+DOKTA!$G$1 -> -1733 | H19: =IFERROR(Tablo2[[#This Row],[FİYAT]]/Tablo2[[#This Row],[MALİYET]]-1,"") -> -0.011833148 | I19: =+DOKTA!$K$2/DOKTA!$J$2 -> 4.4488165 | J19: =IF(Tablo2[[#This Row],[MALİYET]]<1,6,IF(Tablo2[[#This Row],[HEDEF]]>1,1,LOOKUP(Tablo2[[#This Row],[ANALIZ]],{-1000000,-0.15,-0.1,-0.05,0,0.05,0.1,0.15,0.2;-4,-3,-2,-1,0,1,2,3,4}))) -> 1 | K19: =IF(Tablo2[[#This Row],[MALİYET]]<1,"TUT",IF(Tablo2[[#This Row],[HEDEF]]>2,"SAT",IFERROR(INDEX($AA$6:$AC$14,MATCH(Tablo2[[#This Row],[DATA]],$AC$6:$AC$14,0),1),""))) -> SAT | L19: =IF(Tablo2[[#This Row],[DURUM]]="SAT",Tablo2[[#This Row],[ADET]]*0.5,ROUND(-IFERROR(INDEX($AA$6:$AD$14,MATCH(Tablo2[[#This Row],[DATA]],$AC$6:$AC$14,0),4),"")*Tablo2[[#This Row],[ADET]],0)) -> 2000 | M19: =IF(Tablo2[[#This Row],[DURUM]]="SAT",IF(Tablo2[[#This Row],[MALİYET]]<Tablo2[[#This Row],[FİYAT]],Tablo2[[#This Row],[FİYAT]],Tablo2[[#This Row],[MALİYET]])*1.1,IF(Tablo2[[#This Row],[DATA]]=0,"",IFERROR((1+INDEX($AA$6:$AD$14,MATCH(Tablo2[[#This Row],[DATA]],$AC$6:$AC$14,0),2))*IF(Tablo2[[#This Row],[DATA]]<0,Tablo2[[#This Row],[MALİYET]],Tablo2[[#This Row],[FİYAT]]),0))) -> 40.274575 | N19: 1000
B20: EDATA | C20: =+EDATA!$C$1 -> 1000 | D20: =EDATA!$F$1 -> 16.857092 | E20: 22.5 | F20: =E20*C20 -> 22500 | G20: =EDATA!$G$1 -> 5642.9075 | H20: =IFERROR(Tablo2[[#This Row],[FİYAT]]/Tablo2[[#This Row],[MALİYET]]-1,"") -> 0.33474975 | I20: =+EDATA!$K$2/EDATA!$J$2 -> 0.69166923 | J20: =IF(Tablo2[[#This Row],[MALİYET]]<1,6,IF(Tablo2[[#This Row],[HEDEF]]>1,1,LOOKUP(Tablo2[[#This Row],[ANALIZ]],{-1000000,-0.15,-0.1,-0.05,0,0.05,0.1,0.15,0.2;-4,-3,-2,-1,0,1,2,3,4}))) -> 4 | K20: =IF(Tablo2[[#This Row],[MALİYET]]<1,"TUT",IF(Tablo2[[#This Row],[HEDEF]]>2,"SAT",IFERROR(INDEX($AA$6:$AC$14,MATCH(Tablo2[[#This Row],[DATA]],$AC$6:$AC$14,0),1),""))) -> SAT-4 | L20: =IF(Tablo2[[#This Row],[DURUM]]="SAT",Tablo2[[#This Row],[ADET]]*0.5,ROUND(-IFERROR(INDEX($AA$6:$AD$14,MATCH(Tablo2[[#This Row],[DATA]],$AC$6:$AC$14,0),4),"")*Tablo2[[#This Row],[ADET]],0)) -> -250 | M20: =IF(Tablo2[[#This Row],[DURUM]]="SAT",IF(Tablo2[[#This Row],[MALİYET]]<Tablo2[[#This Row],[FİYAT]],Tablo2[[#This Row],[FİYAT]],Tablo2[[#This Row],[MALİYET]])*1.1,IF(Tablo2[[#This Row],[DATA]]=0,"",IFERROR((1+INDEX($AA$6:$AD$14,MATCH(Tablo2[[#This Row],[DATA]],$AC$6:$AC$14,0),2))*IF(Tablo2[[#This Row],[DATA]]<0,Tablo2[[#This Row],[MALİYET]],Tablo2[[#This Row],[FİYAT]]),0))) -> 27 | N20: 1000 | S20: =U20*P2 -> 2980298.1 | U20: =U12+U11+U10+U6+U13 -> 91616.911 | X20: =X12+X11+X10+X6+X13 -> 2980298.1
B21: EDIP | C21: =EDIP!$C$1 -> 0 | D21: =EDIP!$F$1 | E21: 19.65 | F21: =E21*C21 -> 0 | G21: =EDIP!$G$1 -> 3195.7885 | H21: =IFERROR(Tablo2[[#This Row],[FİYAT]]/Tablo2[[#This Row],[MALİYET]]-1,"") | I21: =+EDIP!$K$2/EDIP!$J$2 -> 0 | J21: =IF(Tablo2[[#This Row],[MALİYET]]<1,6,IF(Tablo2[[#This Row],[HEDEF]]>1,1,LOOKUP(Tablo2[[#This Row],[ANALIZ]],{-1000000,-0.15,-0.1,-0.05,0,0.05,0.1,0.15,0.2;-4,-3,-2,-1,0,1,2,3,4}))) -> #N/A | K21: =IF(Tablo2[[#This Row],[MALİYET]]<1,"TUT",IF(Tablo2[[#This Row],[HEDEF]]>2,"SAT",IFERROR(INDEX($AA$6:$AC$14,MATCH(Tablo2[[#This Row],[DATA]],$AC$6:$AC$14,0),1),""))) | L21: =IF(Tablo2[[#This Row],[DURUM]]="SAT",Tablo2[[#This Row],[ADET]]*0.5,ROUND(-IFERROR(INDEX($AA$6:$AD$14,MATCH(Tablo2[[#This Row],[DATA]],$AC$6:$AC$14,0),4),"")*Tablo2[[#This Row],[ADET]],0)) -> #VALUE! | M21: =IF(Tablo2[[#This Row],[DURUM]]="SAT",IF(Tablo2[[#This Row],[MALİYET]]<Tablo2[[#This Row],[FİYAT]],Tablo2[[#This Row],[FİYAT]],Tablo2[[#This Row],[MALİYET]])*1.1,IF(Tablo2[[#This Row],[DATA]]=0,"",IFERROR((1+INDEX($AA$6:$AD$14,MATCH(Tablo2[[#This Row],[DATA]],$AC$6:$AC$14,0),2))*IF(Tablo2[[#This Row],[DATA]]<0,Tablo2[[#This Row],[MALİYET]],Tablo2[[#This Row],[FİYAT]]),0))) -> #N/A | N21: 1000
B22: EKOS | C22: =EKOS!$C$1 -> 0 | D22: =EKOS!$F$1 | E22: 48.6 | F22: =E22*C22 -> 0 | G22: =EKOS!$G$1 -> 428 | H22: =IFERROR(Tablo2[[#This Row],[FİYAT]]/Tablo2[[#This Row],[MALİYET]]-1,"") | I22: =+EKOS!$K$2/EKOS!$J$2 -> 0 | J22: =IF(Tablo2[[#This Row],[MALİYET]]<1,6,IF(Tablo2[[#This Row],[HEDEF]]>1,1,LOOKUP(Tablo2[[#This Row],[ANALIZ]],{-1000000,-0.15,-0.1,-0.05,0,0.05,0.1,0.15,0.2;-4,-3,-2,-1,0,1,2,3,4}))) -> #N/A | K22: =IF(Tablo2[[#This Row],[MALİYET]]<1,"TUT",IF(Tablo2[[#This Row],[HEDEF]]>2,"SAT",IFERROR(INDEX($AA$6:$AC$14,MATCH(Tablo2[[#This Row],[DATA]],$AC$6:$AC$14,0),1),""))) | L22: =IF(Tablo2[[#This Row],[DURUM]]="SAT",Tablo2[[#This Row],[ADET]]*0.5,ROUND(-IFERROR(INDEX($AA$6:$AD$14,MATCH(Tablo2[[#This Row],[DATA]],$AC$6:$AC$14,0),4),"")*Tablo2[[#This Row],[ADET]],0)) -> #VALUE! | M22: =IF(Tablo2[[#This Row],[DURUM]]="SAT",IF(Tablo2[[#This Row],[MALİYET]]<Tablo2[[#This Row],[FİYAT]],Tablo2[[#This Row],[FİYAT]],Tablo2[[#This Row],[MALİYET]])*1.1,IF(Tablo2[[#This Row],[DATA]]=0,"",IFERROR((1+INDEX($AA$6:$AD$14,MATCH(Tablo2[[#This Row],[DATA]],$AC$6:$AC$14,0),2))*IF(Tablo2[[#This Row],[DATA]]<0,Tablo2[[#This Row],[MALİYET]],Tablo2[[#This Row],[FİYAT]]),0))) -> #N/A | N22: 1
B23: ENJSA | C23: =ENJSA!$C$1 -> 800 | D23: =ENJSA!$F$1 -> 50.885108 | E23: 63.05 | F23: =E23*C23 -> 50440 | G23: =ENJSA!$G$1 -> 17598.827 | H23: =IFERROR(Tablo2[[#This Row],[FİYAT]]/Tablo2[[#This Row],[MALİYET]]-1,"") -> 0.23906586 | I23: =+ENJSA!$K$2/ENJSA!$J$2 -> 0.77528435 | J23: =IF(Tablo2[[#This Row],[MALİYET]]<1,6,IF(Tablo2[[#This Row],[HEDEF]]>1,1,LOOKUP(Tablo2[[#This Row],[ANALIZ]],{-1000000,-0.15,-0.1,-0.05,0,0.05,0.1,0.15,0.2;-4,-3,-2,-1,0,1,2,3,4}))) -> 4 | K23: =IF(Tablo2[[#This Row],[MALİYET]]<1,"TUT",IF(Tablo2[[#This Row],[HEDEF]]>2,"SAT",IFERROR(INDEX($AA$6:$AC$14,MATCH(Tablo2[[#This Row],[DATA]],$AC$6:$AC$14,0),1),""))) -> SAT-4 | L23: =IF(Tablo2[[#This Row],[DURUM]]="SAT",Tablo2[[#This Row],[ADET]]*0.5,ROUND(-IFERROR(INDEX($AA$6:$AD$14,MATCH(Tablo2[[#This Row],[DATA]],$AC$6:$AC$14,0),4),"")*Tablo2[[#This Row],[ADET]],0)) -> -200 | M23: =IF(Tablo2[[#This Row],[DURUM]]="SAT",IF(Tablo2[[#This Row],[MALİYET]]<Tablo2[[#This Row],[FİYAT]],Tablo2[[#This Row],[FİYAT]],Tablo2[[#This Row],[MALİYET]])*1.1,IF(Tablo2[[#This Row],[DATA]]=0,"",IFERROR((1+INDEX($AA$6:$AD$14,MATCH(Tablo2[[#This Row],[DATA]],$AC$6:$AC$14,0),2))*IF(Tablo2[[#This Row],[DATA]]<0,Tablo2[[#This Row],[MALİYET]],Tablo2[[#This Row],[FİYAT]]),0))) -> 75.66 | N23: 2000
B24: ENKAI | C24: =ENKAI!$C$1 -> 500 | D24: =ENKAI!$F$1 -> 35.59 | E24: 36.14 | F24: =E24*C24 -> 18070 | G24: =ENKAI!$G$1 -> 275 | H24: =IFERROR(Tablo2[[#This Row],[FİYAT]]/Tablo2[[#This Row],[MALİYET]]-1,"") -> 0.015453779 | I24: =+ENKAI!$K$2/ENKAI!$J$2 -> 0.55548724 | J24: =IF(Tablo2[[#This Row],[MALİYET]]<1,6,IF(Tablo2[[#This Row],[HEDEF]]>1,1,LOOKUP(Tablo2[[#This Row],[ANALIZ]],{-1000000,-0.15,-0.1,-0.05,0,0.05,0.1,0.15,0.2;-4,-3,-2,-1,0,1,2,3,4}))) -> 0 | K24: =IF(Tablo2[[#This Row],[MALİYET]]<1,"TUT",IF(Tablo2[[#This Row],[HEDEF]]>2,"SAT",IFERROR(INDEX($AA$6:$AC$14,MATCH(Tablo2[[#This Row],[DATA]],$AC$6:$AC$14,0),1),""))) -> TUT | L24: =IF(Tablo2[[#This Row],[DURUM]]="SAT",Tablo2[[#This Row],[ADET]]*0.5,ROUND(-IFERROR(INDEX($AA$6:$AD$14,MATCH(Tablo2[[#This Row],[DATA]],$AC$6:$AC$14,0),4),"")*Tablo2[[#This Row],[ADET]],0)) -> 0 | M24: =IF(Tablo2[[#This Row],[DURUM]]="SAT",IF(Tablo2[[#This Row],[MALİYET]]<Tablo2[[#This Row],[FİYAT]],Tablo2[[#This Row],[FİYAT]],Tablo2[[#This Row],[MALİYET]])*1.1,IF(Tablo2[[#This Row],[DATA]]=0,"",IFERROR((1+INDEX($AA$6:$AD$14,MATCH(Tablo2[[#This Row],[DATA]],$AC$6:$AC$14,0),2))*IF(Tablo2[[#This Row],[DATA]]<0,Tablo2[[#This Row],[MALİYET]],Tablo2[[#This Row],[FİYAT]]),0))) | N24: 1000
B25: ENSRI | C25: =ENSRI!$C$1 -> 0 | D25: =ENSRI!$F$1 | E25: 37.98 | F25: =E25*C25 -> 0 | G25: =ENSRI!$G$1 -> 680 | H25: =IFERROR(Tablo2[[#This Row],[FİYAT]]/Tablo2[[#This Row],[MALİYET]]-1,"") | I25: =+ADESE!$K$2/ADESE!$J$2 -> 0.60166001 | J25: =IF(Tablo2[[#This Row],[MALİYET]]<1,6,IF(Tablo2[[#This Row],[HEDEF]]>1,1,LOOKUP(Tablo2[[#This Row],[ANALIZ]],{-1000000,-0.15,-0.1,-0.05,0,0.05,0.1,0.15,0.2;-4,-3,-2,-1,0,1,2,3,4}))) -> #N/A | K25: =IF(Tablo2[[#This Row],[MALİYET]]<1,"TUT",IF(Tablo2[[#This Row],[HEDEF]]>2,"SAT",IFERROR(INDEX($AA$6:$AC$14,MATCH(Tablo2[[#This Row],[DATA]],$AC$6:$AC$14,0),1),""))) | L25: =IF(Tablo2[[#This Row],[DURUM]]="SAT",Tablo2[[#This Row],[ADET]]*0.5,ROUND(-IFERROR(INDEX($AA$6:$AD$14,MATCH(Tablo2[[#This Row],[DATA]],$AC$6:$AC$14,0),4),"")*Tablo2[[#This Row],[ADET]],0)) -> #VALUE! | M25: =IF(Tablo2[[#This Row],[DURUM]]="SAT",IF(Tablo2[[#This Row],[MALİYET]]<Tablo2[[#This Row],[FİYAT]],Tablo2[[#This Row],[FİYAT]],Tablo2[[#This Row],[MALİYET]])*1.1,IF(Tablo2[[#This Row],[DATA]]=0,"",IFERROR((1+INDEX($AA$6:$AD$14,MATCH(Tablo2[[#This Row],[DATA]],$AC$6:$AC$14,0),2))*IF(Tablo2[[#This Row],[DATA]]<0,Tablo2[[#This Row],[MALİYET]],Tablo2[[#This Row],[FİYAT]]),0))) -> #N/A
B26: FENER | C26: =FENER!$C$1 -> 0 | D26: =FENER!$F$1 | E26: 103 | F26: =E26*C26 -> 0 | G26: =FENER!$G$1 -> #VALUE! | H26: =IFERROR(Tablo2[[#This Row],[FİYAT]]/Tablo2[[#This Row],[MALİYET]]-1,"") | I26: =+ADESE!$K$2/ADESE!$J$2 -> 0.60166001 | J26: =IF(Tablo2[[#This Row],[MALİYET]]<1,6,IF(Tablo2[[#This Row],[HEDEF]]>1,1,LOOKUP(Tablo2[[#This Row],[ANALIZ]],{-1000000,-0.15,-0.1,-0.05,0,0.05,0.1,0.15,0.2;-4,-3,-2,-1,0,1,2,3,4}))) -> #N/A | K26: =IF(Tablo2[[#This Row],[MALİYET]]<1,"TUT",IF(Tablo2[[#This Row],[HEDEF]]>2,"SAT",IFERROR(INDEX($AA$6:$AC$14,MATCH(Tablo2[[#This Row],[DATA]],$AC$6:$AC$14,0),1),""))) | L26: =IF(Tablo2[[#This Row],[DURUM]]="SAT",Tablo2[[#This Row],[ADET]]*0.5,ROUND(-IFERROR(INDEX($AA$6:$AD$14,MATCH(Tablo2[[#This Row],[DATA]],$AC$6:$AC$14,0),4),"")*Tablo2[[#This Row],[ADET]],0)) -> #VALUE! | M26: =IF(Tablo2[[#This Row],[DURUM]]="SAT",IF(Tablo2[[#This Row],[MALİYET]]<Tablo2[[#This Row],[FİYAT]],Tablo2[[#This Row],[FİYAT]],Tablo2[[#This Row],[MALİYET]])*1.1,IF(Tablo2[[#This Row],[DATA]]=0,"",IFERROR((1+INDEX($AA$6:$AD$14,MATCH(Tablo2[[#This Row],[DATA]],$AC$6:$AC$14,0),2))*IF(Tablo2[[#This Row],[DATA]]<0,Tablo2[[#This Row],[MALİYET]],Tablo2[[#This Row],[FİYAT]]),0))) -> #N/A
B27: FROTO | C27: =FROTO!$C$1 -> 30 | D27: =FROTO!$F$1 -> 979.00931 | E27: 1122 | F27: =E27*C27 -> 33660 | G27: =FROTO!$G$1 -> 4289.7207 | H27: =IFERROR(Tablo2[[#This Row],[FİYAT]]/Tablo2[[#This Row],[MALİYET]]-1,"") -> 0.14605652 | I27: =+FROTO!$K$2/FROTO!$J$2 -> 1.0347372 | J27: =IF(Tablo2[[#This Row],[MALİYET]]<1,6,IF(Tablo2[[#This Row],[HEDEF]]>1,1,LOOKUP(Tablo2[[#This Row],[ANALIZ]],{-1000000,-0.15,-0.1,-0.05,0,0.05,0.1,0.15,0.2;-4,-3,-2,-1,0,1,2,3,4}))) -> 1 | K27: =IF(Tablo2[[#This Row],[MALİYET]]<1,"TUT",IF(Tablo2[[#This Row],[HEDEF]]>2,"SAT",IFERROR(INDEX($AA$6:$AC$14,MATCH(Tablo2[[#This Row],[DATA]],$AC$6:$AC$14,0),1),""))) -> SAT-1 | L27: =IF(Tablo2[[#This Row],[DURUM]]="SAT",Tablo2[[#This Row],[ADET]]*0.5,ROUND(-IFERROR(INDEX($AA$6:$AD$14,MATCH(Tablo2[[#This Row],[DATA]],$AC$6:$AC$14,0),4),"")*Tablo2[[#This Row],[ADET]],0)) -> -3 | M27: =IF(Tablo2[[#This Row],[DURUM]]="SAT",IF(Tablo2[[#This Row],[MALİYET]]<Tablo2[[#This Row],[FİYAT]],Tablo2[[#This Row],[FİYAT]],Tablo2[[#This Row],[MALİYET]])*1.1,IF(Tablo2[[#This Row],[DATA]]=0,"",IFERROR((1+INDEX($AA$6:$AD$14,MATCH(Tablo2[[#This Row],[DATA]],$AC$6:$AC$14,0),2))*IF(Tablo2[[#This Row],[DATA]]<0,Tablo2[[#This Row],[MALİYET]],Tablo2[[#This Row],[FİYAT]]),0))) -> 1178.1 | N27: 1000
B28: GENTS | C28: =GENTS!$C$1 -> 0 | D28: =GENTS!$F$1 | E28: 9.23 | F28: =E28*C28 -> 0 | G28: =GENTS!$G$1 -> 460.44999 | H28: =IFERROR(Tablo2[[#This Row],[FİYAT]]/Tablo2[[#This Row],[MALİYET]]-1,"") | I28: =+ADESE!$K$2/ADESE!$J$2 -> 0.60166001 | J28: =IF(Tablo2[[#This Row],[MALİYET]]<1,6,IF(Tablo2[[#This Row],[HEDEF]]>1,1,LOOKUP(Tablo2[[#This Row],[ANALIZ]],{-1000000,-0.15,-0.1,-0.05,0,0.05,0.1,0.15,0.2;-4,-3,-2,-1,0,1,2,3,4}))) -> #N/A | K28: =IF(Tablo2[[#This Row],[MALİYET]]<1,"TUT",IF(Tablo2[[#This Row],[HEDEF]]>2,"SAT",IFERROR(INDEX($AA$6:$AC$14,MATCH(Tablo2[[#This Row],[DATA]],$AC$6:$AC$14,0),1),""))) | L28: =IF(Tablo2[[#This Row],[DURUM]]="SAT",Tablo2[[#This Row],[ADET]]*0.5,ROUND(-IFERROR(INDEX($AA$6:$AD$14,MATCH(Tablo2[[#This Row],[DATA]],$AC$6:$AC$14,0),4),"")*Tablo2[[#This Row],[ADET]],0)) -> #VALUE! | M28: =IF(Tablo2[[#This Row],[DURUM]]="SAT",IF(Tablo2[[#This Row],[MALİYET]]<Tablo2[[#This Row],[FİYAT]],Tablo2[[#This Row],[FİYAT]],Tablo2[[#This Row],[MALİYET]])*1.1,IF(Tablo2[[#This Row],[DATA]]=0,"",IFERROR((1+INDEX($AA$6:$AD$14,MATCH(Tablo2[[#This Row],[DATA]],$AC$6:$AC$14,0),2))*IF(Tablo2[[#This Row],[DATA]]<0,Tablo2[[#This Row],[MALİYET]],Tablo2[[#This Row],[FİYAT]]),0))) -> #N/A
B29: GEREL | C29: =GEREL!$C$1 -> 0 | D29: =GEREL!$F$1 | E29: 32.42 | F29: =E29*C29 -> 0 | G29: =GEREL!$G$1 -> -2274 | H29: =IFERROR(Tablo2[[#This Row],[FİYAT]]/Tablo2[[#This Row],[MALİYET]]-1,"") | I29: =+GEREL!$K$2/GEREL!$J$2 -> 0 | J29: =IF(Tablo2[[#This Row],[MALİYET]]<1,6,IF(Tablo2[[#This Row],[HEDEF]]>1,1,LOOKUP(Tablo2[[#This Row],[ANALIZ]],{-1000000,-0.15,-0.1,-0.05,0,0.05,0.1,0.15,0.2;-4,-3,-2,-1,0,1,2,3,4}))) -> #N/A | K29: =IF(Tablo2[[#This Row],[MALİYET]]<1,"TUT",IF(Tablo2[[#This Row],[HEDEF]]>2,"SAT",IFERROR(INDEX($AA$6:$AC$14,MATCH(Tablo2[[#This Row],[DATA]],$AC$6:$AC$14,0),1),""))) | L29: =IF(Tablo2[[#This Row],[DURUM]]="SAT",Tablo2[[#This Row],[ADET]]*0.5,ROUND(-IFERROR(INDEX($AA$6:$AD$14,MATCH(Tablo2[[#This Row],[DATA]],$AC$6:$AC$14,0),4),"")*Tablo2[[#This Row],[ADET]],0)) -> #VALUE! | M29: =IF(Tablo2[[#This Row],[DURUM]]="SAT",IF(Tablo2[[#This Row],[MALİYET]]<Tablo2[[#This Row],[FİYAT]],Tablo2[[#This Row],[FİYAT]],Tablo2[[#This Row],[MALİYET]])*1.1,IF(Tablo2[[#This Row],[DATA]]=0,"",IFERROR((1+INDEX($AA$6:$AD$14,MATCH(Tablo2[[#This Row],[DATA]],$AC$6:$AC$14,0),2))*IF(Tablo2[[#This Row],[DATA]]<0,Tablo2[[#This Row],[MALİYET]],Tablo2[[#This Row],[FİYAT]]),0))) -> #N/A | N29: 1000
B30: GRSEL | C30: =GRSEL!$C$1 -> 150 | D30: =GRSEL!$F$1 -> 47.99393 | E30: 90.7 | F30: =E30*C30 -> 13605 | G30: =GRSEL!$G$1 -> 6405.9106 | H30: =IFERROR(Tablo2[[#This Row],[FİYAT]]/Tablo2[[#This Row],[MALİYET]]-1,"") -> 0.88982233 | I30: =+GRSEL!$K$2/GRSEL!$J$2 -> 0.41822933 | J30: =IF(Tablo2[[#This Row],[MALİYET]]<1,6,IF(Tablo2[[#This Row],[HEDEF]]>1,1,LOOKUP(Tablo2[[#This Row],[ANALIZ]],{-1000000,-0.15,-0.1,-0.05,0,0.05,0.1,0.15,0.2;-4,-3,-2,-1,0,1,2,3,4}))) -> 4 | K30: =IF(Tablo2[[#This Row],[MALİYET]]<1,"TUT",IF(Tablo2[[#This Row],[HEDEF]]>2,"SAT",IFERROR(INDEX($AA$6:$AC$14,MATCH(Tablo2[[#This Row],[DATA]],$AC$6:$AC$14,0),1),""))) -> SAT-4 | L30: =IF(Tablo2[[#This Row],[DURUM]]="SAT",Tablo2[[#This Row],[ADET]]*0.5,ROUND(-IFERROR(INDEX($AA$6:$AD$14,MATCH(Tablo2[[#This Row],[DATA]],$AC$6:$AC$14,0),4),"")*Tablo2[[#This Row],[ADET]],0)) -> -38 | M30: =IF(Tablo2[[#This Row],[DURUM]]="SAT",IF(Tablo2[[#This Row],[MALİYET]]<Tablo2[[#This Row],[FİYAT]],Tablo2[[#This Row],[FİYAT]],Tablo2[[#This Row],[MALİYET]])*1.1,IF(Tablo2[[#This Row],[DATA]]=0,"",IFERROR((1+INDEX($AA$6:$AD$14,MATCH(Tablo2[[#This Row],[DATA]],$AC$6:$AC$14,0),2))*IF(Tablo2[[#This Row],[DATA]]<0,Tablo2[[#This Row],[MALİYET]],Tablo2[[#This Row],[FİYAT]]),0))) -> 108.84 | N30: 1000
B31: GWIND | C31: =GWIND!$C$1 -> 300 | D31: =GWIND!$F$1 -> 19.290062 | E31: 27.06 | F31: =E31*C31 -> 8118 | G31: =GWIND!$G$1 -> 4983.9628 | H31: =IFERROR(Tablo2[[#This Row],[FİYAT]]/Tablo2[[#This Row],[MALİYET]]-1,"") -> 0.40279487 | I31: =+GWIND!$K$2/GWIND!$J$2 -> 0.24955426 | J31: =IF(Tablo2[[#This Row],[MALİYET]]<1,6,IF(Tablo2[[#This Row],[HEDEF]]>1,1,LOOKUP(Tablo2[[#This Row],[ANALIZ]],{-1000000,-0.15,-0.1,-0.05,0,0.05,0.1,0.15,0.2;-4,-3,-2,-1,0,1,2,3,4}))) -> 4 | K31: =IF(Tablo2[[#This Row],[MALİYET]]<1,"TUT",IF(Tablo2[[#This Row],[HEDEF]]>2,"SAT",IFERROR(INDEX($AA$6:$AC$14,MATCH(Tablo2[[#This Row],[DATA]],$AC$6:$AC$14,0),1),""))) -> SAT-4 | L31: =IF(Tablo2[[#This Row],[DURUM]]="SAT",Tablo2[[#This Row],[ADET]]*0.5,ROUND(-IFERROR(INDEX($AA$6:$AD$14,MATCH(Tablo2[[#This Row],[DATA]],$AC$6:$AC$14,0),4),"")*Tablo2[[#This Row],[ADET]],0)) -> -75 | M31: =IF(Tablo2[[#This Row],[DURUM]]="SAT",IF(Tablo2[[#This Row],[MALİYET]]<Tablo2[[#This Row],[FİYAT]],Tablo2[[#This Row],[FİYAT]],Tablo2[[#This Row],[MALİYET]])*1.1,IF(Tablo2[[#This Row],[DATA]]=0,"",IFERROR((1+INDEX($AA$6:$AD$14,MATCH(Tablo2[[#This Row],[DATA]],$AC$6:$AC$14,0),2))*IF(Tablo2[[#This Row],[DATA]]<0,Tablo2[[#This Row],[MALİYET]],Tablo2[[#This Row],[FİYAT]]),0))) -> 32.472 | N31: 1000
B32: HTTBT | C32: =HTTBT!$C$1 -> 100 | D32: =HTTBT!$F$1 -> 32.425 | E32: 71.55 | F32: =E32*C32 -> 7155 | G32: =HTTBT!$G$1 -> 3912.5 | H32: =IFERROR(Tablo2[[#This Row],[FİYAT]]/Tablo2[[#This Row],[MALİYET]]-1,"") -> 1.2066307 | I32: =+HTTBT!$K$2/HTTBT!$J$2 -> 0.21995081 | J32: =IF(Tablo2[[#This Row],[MALİYET]]<1,6,IF(Tablo2[[#This Row],[HEDEF]]>1,1,LOOKUP(Tablo2[[#This Row],[ANALIZ]],{-1000000,-0.15,-0.1,-0.05,0,0.05,0.1,0.15,0.2;-4,-3,-2,-1,0,1,2,3,4}))) -> 4 | K32: =IF(Tablo2[[#This Row],[MALİYET]]<1,"TUT",IF(Tablo2[[#This Row],[HEDEF]]>2,"SAT",IFERROR(INDEX($AA$6:$AC$14,MATCH(Tablo2[[#This Row],[DATA]],$AC$6:$AC$14,0),1),""))) -> SAT-4 | L32: =IF(Tablo2[[#This Row],[DURUM]]="SAT",Tablo2[[#This Row],[ADET]]*0.5,ROUND(-IFERROR(INDEX($AA$6:$AD$14,MATCH(Tablo2[[#This Row],[DATA]],$AC$6:$AC$14,0),4),"")*Tablo2[[#This Row],[ADET]],0)) -> -25 | M32: =IF(Tablo2[[#This Row],[DURUM]]="SAT",IF(Tablo2[[#This Row],[MALİYET]]<Tablo2[[#This Row],[FİYAT]],Tablo2[[#This Row],[FİYAT]],Tablo2[[#This Row],[MALİYET]])*1.1,IF(Tablo2[[#This Row],[DATA]]=0,"",IFERROR((1+INDEX($AA$6:$AD$14,MATCH(Tablo2[[#This Row],[DATA]],$AC$6:$AC$14,0),2))*IF(Tablo2[[#This Row],[DATA]]<0,Tablo2[[#This Row],[MALİYET]],Tablo2[[#This Row],[FİYAT]]),0))) -> 85.86 | N32: 1000
B33: INDES | C33: =INDES!$C$1 -> 0 | D33: =INDES!$F$1 | E33: 10.6 | F33: =E33*C33 -> 0 | G33: =INDES!$G$1 -> 898.3981 | H33: =IFERROR(Tablo2[[#This Row],[FİYAT]]/Tablo2[[#This Row],[MALİYET]]-1,"") | I33: =+ADESE!$K$2/ADESE!$J$2 -> 0.60166001 | J33: =IF(Tablo2[[#This Row],[MALİYET]]<1,6,IF(Tablo2[[#This Row],[HEDEF]]>1,1,LOOKUP(Tablo2[[#This Row],[ANALIZ]],{-1000000,-0.15,-0.1,-0.05,0,0.05,0.1,0.15,0.2;-4,-3,-2,-1,0,1,2,3,4}))) -> #N/A | K33: =IF(Tablo2[[#This Row],[MALİYET]]<1,"TUT",IF(Tablo2[[#This Row],[HEDEF]]>2,"SAT",IFERROR(INDEX($AA$6:$AC$14,MATCH(Tablo2[[#This Row],[DATA]],$AC$6:$AC$14,0),1),""))) | L33: =IF(Tablo2[[#This Row],[DURUM]]="SAT",Tablo2[[#This Row],[ADET]]*0.5,ROUND(-IFERROR(INDEX($AA$6:$AD$14,MATCH(Tablo2[[#This Row],[DATA]],$AC$6:$AC$14,0),4),"")*Tablo2[[#This Row],[ADET]],0)) -> #VALUE! | M33: =IF(Tablo2[[#This Row],[DURUM]]="SAT",IF(Tablo2[[#This Row],[MALİYET]]<Tablo2[[#This Row],[FİYAT]],Tablo2[[#This Row],[FİYAT]],Tablo2[[#This Row],[MALİYET]])*1.1,IF(Tablo2[[#This Row],[DATA]]=0,"",IFERROR((1+INDEX($AA$6:$AD$14,MATCH(Tablo2[[#This Row],[DATA]],$AC$6:$AC$14,0),2))*IF(Tablo2[[#This Row],[DATA]]<0,Tablo2[[#This Row],[MALİYET]],Tablo2[[#This Row],[FİYAT]]),0))) -> #N/A
B34: KBORU | C34: =KBORU!$C$1 -> 90 | D34: =KBORU!$F$1 -> 119.55556 | E34: 110.6 | F34: =E34*C34 -> 9954 | G34: =KBORU!$G$1 -> -806 | H34: =IFERROR(Tablo2[[#This Row],[FİYAT]]/Tablo2[[#This Row],[MALİYET]]-1,"") -> -0.074907063 | I34: =+KBORU!$K$2/KBORU!$J$2 -> 305.99447 | J34: =IF(Tablo2[[#This Row],[MALİYET]]<1,6,IF(Tablo2[[#This Row],[HEDEF]]>1,1,LOOKUP(Tablo2[[#This Row],[ANALIZ]],{-1000000,-0.15,-0.1,-0.05,0,0.05,0.1,0.15,0.2;-4,-3,-2,-1,0,1,2,3,4}))) -> 1 | K34: =IF(Tablo2[[#This Row],[MALİYET]]<1,"TUT",IF(Tablo2[[#This Row],[HEDEF]]>2,"SAT",IFERROR(INDEX($AA$6:$AC$14,MATCH(Tablo2[[#This Row],[DATA]],$AC$6:$AC$14,0),1),""))) -> SAT | L34: =IF(Tablo2[[#This Row],[DURUM]]="SAT",Tablo2[[#This Row],[ADET]]*0.5,ROUND(-IFERROR(INDEX($AA$6:$AD$14,MATCH(Tablo2[[#This Row],[DATA]],$AC$6:$AC$14,0),4),"")*Tablo2[[#This Row],[ADET]],0)) -> 45 | M34: =IF(Tablo2[[#This Row],[DURUM]]="SAT",IF(Tablo2[[#This Row],[MALİYET]]<Tablo2[[#This Row],[FİYAT]],Tablo2[[#This Row],[FİYAT]],Tablo2[[#This Row],[MALİYET]])*1.1,IF(Tablo2[[#This Row],[DATA]]=0,"",IFERROR((1+INDEX($AA$6:$AD$14,MATCH(Tablo2[[#This Row],[DATA]],$AC$6:$AC$14,0),2))*IF(Tablo2[[#This Row],[DATA]]<0,Tablo2[[#This Row],[MALİYET]],Tablo2[[#This Row],[FİYAT]]),0))) -> 131.51111 | N34: 1
B35: KCHOL | C35: =KCHOL!$C$1 -> 230 | D35: =KCHOL!$F$1 -> 182.55284 | E35: 216 | F35: =E35*C35 -> 49680 | G35: =KCHOL!$G$1 -> 7692.847 | H35: =IFERROR(Tablo2[[#This Row],[FİYAT]]/Tablo2[[#This Row],[MALİYET]]-1,"") -> 0.18321907 | I35: =+KCHOL!$K$2/KCHOL!$J$2 -> 0.76360283 | J35: =IF(Tablo2[[#This Row],[MALİYET]]<1,6,IF(Tablo2[[#This Row],[HEDEF]]>1,1,LOOKUP(Tablo2[[#This Row],[ANALIZ]],{-1000000,-0.15,-0.1,-0.05,0,0.05,0.1,0.15,0.2;-4,-3,-2,-1,0,1,2,3,4}))) -> 3 | K35: =IF(Tablo2[[#This Row],[MALİYET]]<1,"TUT",IF(Tablo2[[#This Row],[HEDEF]]>2,"SAT",IFERROR(INDEX($AA$6:$AC$14,MATCH(Tablo2[[#This Row],[DATA]],$AC$6:$AC$14,0),1),""))) -> SAT-3 | L35: =IF(Tablo2[[#This Row],[DURUM]]="SAT",Tablo2[[#This Row],[ADET]]*0.5,ROUND(-IFERROR(INDEX($AA$6:$AD$14,MATCH(Tablo2[[#This Row],[DATA]],$AC$6:$AC$14,0),4),"")*Tablo2[[#This Row],[ADET]],0)) -> -46 | M35: =IF(Tablo2[[#This Row],[DURUM]]="SAT",IF(Tablo2[[#This Row],[MALİYET]]<Tablo2[[#This Row],[FİYAT]],Tablo2[[#This Row],[FİYAT]],Tablo2[[#This Row],[MALİYET]])*1.1,IF(Tablo2[[#This Row],[DATA]]=0,"",IFERROR((1+INDEX($AA$6:$AD$14,MATCH(Tablo2[[#This Row],[DATA]],$AC$6:$AC$14,0),2))*IF(Tablo2[[#This Row],[DATA]]<0,Tablo2[[#This Row],[MALİYET]],Tablo2[[#This Row],[FİYAT]]),0))) -> 248.4 | N35: 2000
B36: KIMMR | C36: =KIMMR!$C$1 -> 0 | D36: =KIMMR!$F$1 | E36: 9.97 | F36: =E36*C36 -> 0 | G36: =KIMMR!$G$1 -> 2420.7022 | H36: =IFERROR(Tablo2[[#This Row],[FİYAT]]/Tablo2[[#This Row],[MALİYET]]-1,"") | I36: =+ADESE!$K$2/ADESE!$J$2 -> 0.60166001 | J36: =IF(Tablo2[[#This Row],[MALİYET]]<1,6,IF(Tablo2[[#This Row],[HEDEF]]>1,1,LOOKUP(Tablo2[[#This Row],[ANALIZ]],{-1000000,-0.15,-0.1,-0.05,0,0.05,0.1,0.15,0.2;-4,-3,-2,-1,0,1,2,3,4}))) -> #N/A | K36: =IF(Tablo2[[#This Row],[MALİYET]]<1,"TUT",IF(Tablo2[[#This Row],[HEDEF]]>2,"SAT",IFERROR(INDEX($AA$6:$AC$14,MATCH(Tablo2[[#This Row],[DATA]],$AC$6:$AC$14,0),1),""))) | L36: =IF(Tablo2[[#This Row],[DURUM]]="SAT",Tablo2[[#This Row],[ADET]]*0.5,ROUND(-IFERROR(INDEX($AA$6:$AD$14,MATCH(Tablo2[[#This Row],[DATA]],$AC$6:$AC$14,0),4),"")*Tablo2[[#This Row],[ADET]],0)) -> #VALUE! | M36: =IF(Tablo2[[#This Row],[DURUM]]="SAT",IF(Tablo2[[#This Row],[MALİYET]]<Tablo2[[#This Row],[FİYAT]],Tablo2[[#This Row],[FİYAT]],Tablo2[[#This Row],[MALİYET]])*1.1,IF(Tablo2[[#This Row],[DATA]]=0,"",IFERROR((1+INDEX($AA$6:$AD$14,MATCH(Tablo2[[#This Row],[DATA]],$AC$6:$AC$14,0),2))*IF(Tablo2[[#This Row],[DATA]]<0,Tablo2[[#This Row],[MALİYET]],Tablo2[[#This Row],[FİYAT]]),0))) -> #N/A
B37: KRVGD | C37: =+KRVGD!C1 -> 0 | D37: =KRVGD!$F$1 | E37: 27.2 | F37: =E37*C37 -> 0 | G37: =KRVGD!$G$1 -> 602.5 | H37: =IFERROR(Tablo2[[#This Row],[FİYAT]]/Tablo2[[#This Row],[MALİYET]]-1,"") | I37: =+ADESE!$K$2/ADESE!$J$2 -> 0.60166001 | J37: =IF(Tablo2[[#This Row],[MALİYET]]<1,6,IF(Tablo2[[#This Row],[HEDEF]]>1,1,LOOKUP(Tablo2[[#This Row],[ANALIZ]],{-1000000,-0.15,-0.1,-0.05,0,0.05,0.1,0.15,0.2;-4,-3,-2,-1,0,1,2,3,4}))) -> #N/A | K37: =IF(Tablo2[[#This Row],[MALİYET]]<1,"TUT",IF(Tablo2[[#This Row],[HEDEF]]>2,"SAT",IFERROR(INDEX($AA$6:$AC$14,MATCH(Tablo2[[#This Row],[DATA]],$AC$6:$AC$14,0),1),""))) | L37: =IF(Tablo2[[#This Row],[DURUM]]="SAT",Tablo2[[#This Row],[ADET]]*0.5,ROUND(-IFERROR(INDEX($AA$6:$AD$14,MATCH(Tablo2[[#This Row],[DATA]],$AC$6:$AC$14,0),4),"")*Tablo2[[#This Row],[ADET]],0)) -> #VALUE! | M37: =IF(Tablo2[[#This Row],[DURUM]]="SAT",IF(Tablo2[[#This Row],[MALİYET]]<Tablo2[[#This Row],[FİYAT]],Tablo2[[#This Row],[FİYAT]],Tablo2[[#This Row],[MALİYET]])*1.1,IF(Tablo2[[#This Row],[DATA]]=0,"",IFERROR((1+INDEX($AA$6:$AD$14,MATCH(Tablo2[[#This Row],[DATA]],$AC$6:$AC$14,0),2))*IF(Tablo2[[#This Row],[DATA]]<0,Tablo2[[#This Row],[MALİYET]],Tablo2[[#This Row],[FİYAT]]),0))) -> #N/A
B38: KONTR | C38: =KONTR!$C$1 -> 30 | D38: =KONTR!$F$1 -> 464.45689 | E38: 233.5 | F38: =E38*C38 -> 7005 | G38: =KONTR!$G$1 -> -6928.7068 | H38: =IFERROR(Tablo2[[#This Row],[FİYAT]]/Tablo2[[#This Row],[MALİYET]]-1,"") -> -0.49726228 | I38: =+KONTR!$K$2/KONTR!$J$2 -> 0.21533969 | J38: =IF(Tablo2[[#This Row],[MALİYET]]<1,6,IF(Tablo2[[#This Row],[HEDEF]]>1,1,LOOKUP(Tablo2[[#This Row],[ANALIZ]],{-1000000,-0.15,-0.1,-0.05,0,0.05,0.1,0.15,0.2;-4,-3,-2,-1,0,1,2,3,4}))) -> -4 | K38: =IF(Tablo2[[#This Row],[MALİYET]]<1,"TUT",IF(Tablo2[[#This Row],[HEDEF]]>2,"SAT",IFERROR(INDEX($AA$6:$AC$14,MATCH(Tablo2[[#This Row],[DATA]],$AC$6:$AC$14,0),1),""))) -> AL-4 | L38: =IF(Tablo2[[#This Row],[DURUM]]="SAT",Tablo2[[#This Row],[ADET]]*0.5,ROUND(-IFERROR(INDEX($AA$6:$AD$14,MATCH(Tablo2[[#This Row],[DATA]],$AC$6:$AC$14,0),4),"")*Tablo2[[#This Row],[ADET]],0)) -> 8 | M38: =IF(Tablo2[[#This Row],[DURUM]]="SAT",IF(Tablo2[[#This Row],[MALİYET]]<Tablo2[[#This Row],[FİYAT]],Tablo2[[#This Row],[FİYAT]],Tablo2[[#This Row],[MALİYET]])*1.1,IF(Tablo2[[#This Row],[DATA]]=0,"",IFERROR((1+INDEX($AA$6:$AD$14,MATCH(Tablo2[[#This Row],[DATA]],$AC$6:$AC$14,0),2))*IF(Tablo2[[#This Row],[DATA]]<0,Tablo2[[#This Row],[MALİYET]],Tablo2[[#This Row],[FİYAT]]),0))) -> 371.56551 | N38: 1000
B39: MAVI | C39: =MAVI!$C$1 -> 450 | D39: =MAVI!$F$1 -> 64.178178 | E39: 81.05 | F39: =E39*C39 -> 36472.5 | G39: =MAVI!$G$1 -> 7592.32 | H39: =IFERROR(Tablo2[[#This Row],[FİYAT]]/Tablo2[[#This Row],[MALİYET]]-1,"") -> 0.26289033 | I39: =+ADESE!$K$2/ADESE!$J$2 -> 0.60166001 | J39: =IF(Tablo2[[#This Row],[MALİYET]]<1,6,IF(Tablo2[[#This Row],[HEDEF]]>1,1,LOOKUP(Tablo2[[#This Row],[ANALIZ]],{-1000000,-0.15,-0.1,-0.05,0,0.05,0.1,0.15,0.2;-4,-3,-2,-1,0,1,2,3,4}))) -> 4 | K39: =IF(Tablo2[[#This Row],[MALİYET]]<1,"TUT",IF(Tablo2[[#This Row],[HEDEF]]>2,"SAT",IFERROR(INDEX($AA$6:$AC$14,MATCH(Tablo2[[#This Row],[DATA]],$AC$6:$AC$14,0),1),""))) -> SAT-4 | L39: =IF(Tablo2[[#This Row],[DURUM]]="SAT",Tablo2[[#This Row],[ADET]]*0.5,ROUND(-IFERROR(INDEX($AA$6:$AD$14,MATCH(Tablo2[[#This Row],[DATA]],$AC$6:$AC$14,0),4),"")*Tablo2[[#This Row],[ADET]],0)) -> -113 | M39: =IF(Tablo2[[#This Row],[DURUM]]="SAT",IF(Tablo2[[#This Row],[MALİYET]]<Tablo2[[#This Row],[FİYAT]],Tablo2[[#This Row],[FİYAT]],Tablo2[[#This Row],[MALİYET]])*1.1,IF(Tablo2[[#This Row],[DATA]]=0,"",IFERROR((1+INDEX($AA$6:$AD$14,MATCH(Tablo2[[#This Row],[DATA]],$AC$6:$AC$14,0),2))*IF(Tablo2[[#This Row],[DATA]]<0,Tablo2[[#This Row],[MALİYET]],Tablo2[[#This Row],[FİYAT]]),0))) -> 97.26 | N39: 1000
B40: MEKAG | C40: =MEKAG!$C$1 -> 270 | D40: =MEKAG!$F$1 -> 63.112223 | E40: 61.35 | F40: =E40*C40 -> 16564.5 | G40: =MEKAG!$G$1 -> -475.8001 | H40: =IFERROR(Tablo2[[#This Row],[FİYAT]]/Tablo2[[#This Row],[MALİYET]]-1,"") -> -0.027922049 | I40: =+MEKAG!$K$2/MEKAG!$J$2 -> 0.50920689 | J40: =IF(Tablo2[[#This Row],[MALİYET]]<1,6,IF(Tablo2[[#This Row],[HEDEF]]>1,1,LOOKUP(Tablo2[[#This Row],[ANALIZ]],{-1000000,-0.15,-0.1,-0.05,0,0.05,0.1,0.15,0.2;-4,-3,-2,-1,0,1,2,3,4}))) -> -1 | K40: =IF(Tablo2[[#This Row],[MALİYET]]<1,"TUT",IF(Tablo2[[#This Row],[HEDEF]]>2,"SAT",IFERROR(INDEX($AA$6:$AC$14,MATCH(Tablo2[[#This Row],[DATA]],$AC$6:$AC$14,0),1),""))) -> AL-1 | L40: =IF(Tablo2[[#This Row],[DURUM]]="SAT",Tablo2[[#This Row],[ADET]]*0.5,ROUND(-IFERROR(INDEX($AA$6:$AD$14,MATCH(Tablo2[[#This Row],[DATA]],$AC$6:$AC$14,0),4),"")*Tablo2[[#This Row],[ADET]],0)) -> 27 | M40: =IF(Tablo2[[#This Row],[DURUM]]="SAT",IF(Tablo2[[#This Row],[MALİYET]]<Tablo2[[#This Row],[FİYAT]],Tablo2[[#This Row],[FİYAT]],Tablo2[[#This Row],[MALİYET]])*1.1,IF(Tablo2[[#This Row],[DATA]]=0,"",IFERROR((1+INDEX($AA$6:$AD$14,MATCH(Tablo2[[#This Row],[DATA]],$AC$6:$AC$14,0),2))*IF(Tablo2[[#This Row],[DATA]]<0,Tablo2[[#This Row],[MALİYET]],Tablo2[[#This Row],[FİYAT]]),0))) -> 59.956611 | N40: 1000
B41: MIATK | C41: =MIATK!$C$1 -> 0 | D41: =MIATK!$F$1 | E41: 79 | F41: =E41*C41 -> 0 | G41: =MIATK!$G$1 -> 154.86438 | H41: =IFERROR(Tablo2[[#This Row],[FİYAT]]/Tablo2[[#This Row],[MALİYET]]-1,"") | I41: =+ADESE!$K$2/ADESE!$J$2 -> 0.60166001 | J41: =IF(Tablo2[[#This Row],[MALİYET]]<1,6,IF(Tablo2[[#This Row],[HEDEF]]>1,1,LOOKUP(Tablo2[[#This Row],[ANALIZ]],{-1000000,-0.15,-0.1,-0.05,0,0.05,0.1,0.15,0.2;-4,-3,-2,-1,0,1,2,3,4}))) -> #N/A | K41: =IF(Tablo2[[#This Row],[MALİYET]]<1,"TUT",IF(Tablo2[[#This Row],[HEDEF]]>2,"SAT",IFERROR(INDEX($AA$6:$AC$14,MATCH(Tablo2[[#This Row],[DATA]],$AC$6:$AC$14,0),1),""))) | L41: =IF(Tablo2[[#This Row],[DURUM]]="SAT",Tablo2[[#This Row],[ADET]]*0.5,ROUND(-IFERROR(INDEX($AA$6:$AD$14,MATCH(Tablo2[[#This Row],[DATA]],$AC$6:$AC$14,0),4),"")*Tablo2[[#This Row],[ADET]],0)) -> #VALUE! | M41: =IF(Tablo2[[#This Row],[DURUM]]="SAT",IF(Tablo2[[#This Row],[MALİYET]]<Tablo2[[#This Row],[FİYAT]],Tablo2[[#This Row],[FİYAT]],Tablo2[[#This Row],[MALİYET]])*1.1,IF(Tablo2[[#This Row],[DATA]]=0,"",IFERROR((1+INDEX($AA$6:$AD$14,MATCH(Tablo2[[#This Row],[DATA]],$AC$6:$AC$14,0),2))*IF(Tablo2[[#This Row],[DATA]]<0,Tablo2[[#This Row],[MALİYET]],Tablo2[[#This Row],[FİYAT]]),0))) -> #N/A
B42: ONCSM | C42: =ONCSM!$C$1 -> 430 | D42: =ONCSM!$F$1 -> 184.31744 | E42: 174.2 | F42: =E42*C42 -> 74906 | G42: =ONCSM!$G$1 -> -4350.5 | H42: =IFERROR(Tablo2[[#This Row],[FİYAT]]/Tablo2[[#This Row],[MALİYET]]-1,"") -> -0.054891397 | I42: =+ONCSM!$K$2/ONCSM!$J$2 -> 2.3026745 | J42: =IF(Tablo2[[#This Row],[MALİYET]]<1,6,IF(Tablo2[[#This Row],[HEDEF]]>1,1,LOOKUP(Tablo2[[#This Row],[ANALIZ]],{-1000000,-0.15,-0.1,-0.05,0,0.05,0.1,0.15,0.2;-4,-3,-2,-1,0,1,2,3,4}))) -> 1 | K42: =IF(Tablo2[[#This Row],[MALİYET]]<1,"TUT",IF(Tablo2[[#This Row],[HEDEF]]>2,"SAT",IFERROR(INDEX($AA$6:$AC$14,MATCH(Tablo2[[#This Row],[DATA]],$AC$6:$AC$14,0),1),""))) -> SAT | L42: =IF(Tablo2[[#This Row],[DURUM]]="SAT",Tablo2[[#This Row],[ADET]]*0.5,ROUND(-IFERROR(INDEX($AA$6:$AD$14,MATCH(Tablo2[[#This Row],[DATA]],$AC$6:$AC$14,0),4),"")*Tablo2[[#This Row],[ADET]],0)) -> 215 | M42: =IF(Tablo2[[#This Row],[DURUM]]="SAT",IF(Tablo2[[#This Row],[MALİYET]]<Tablo2[[#This Row],[FİYAT]],Tablo2[[#This Row],[FİYAT]],Tablo2[[#This Row],[MALİYET]])*1.1,IF(Tablo2[[#This Row],[DATA]]=0,"",IFERROR((1+INDEX($AA$6:$AD$14,MATCH(Tablo2[[#This Row],[DATA]],$AC$6:$AC$14,0),2))*IF(Tablo2[[#This Row],[DATA]]<0,Tablo2[[#This Row],[MALİYET]],Tablo2[[#This Row],[FİYAT]]),0))) -> 202.74919 | N42: 1000
B43: ORGE | C43: =ORGE!$C$1 -> 450 | D43: =ORGE!$F$1 -> 65.811036 | E43: 70.3 | F43: =E43*C43 -> 31635 | G43: =ORGE!$G$1 -> 2020.0339 | H43: =IFERROR(Tablo2[[#This Row],[FİYAT]]/Tablo2[[#This Row],[MALİYET]]-1,"") -> 0.0682099 | I43: =+ORGE!$K$2/ORGE!$J$2 -> 0.97248694 | J43: =IF(Tablo2[[#This Row],[MALİYET]]<1,6,IF(Tablo2[[#This Row],[HEDEF]]>1,1,LOOKUP(Tablo2[[#This Row],[ANALIZ]],{-1000000,-0.15,-0.1,-0.05,0,0.05,0.1,0.15,0.2;-4,-3,-2,-1,0,1,2,3,4}))) -> 1 | K43: =IF(Tablo2[[#This Row],[MALİYET]]<1,"TUT",IF(Tablo2[[#This Row],[HEDEF]]>2,"SAT",IFERROR(INDEX($AA$6:$AC$14,MATCH(Tablo2[[#This Row],[DATA]],$AC$6:$AC$14,0),1),""))) -> SAT-1 | L43: =IF(Tablo2[[#This Row],[DURUM]]="SAT",Tablo2[[#This Row],[ADET]]*0.5,ROUND(-IFERROR(INDEX($AA$6:$AD$14,MATCH(Tablo2[[#This Row],[DATA]],$AC$6:$AC$14,0),4),"")*Tablo2[[#This Row],[ADET]],0)) -> -45 | M43: =IF(Tablo2[[#This Row],[DURUM]]="SAT",IF(Tablo2[[#This Row],[MALİYET]]<Tablo2[[#This Row],[FİYAT]],Tablo2[[#This Row],[FİYAT]],Tablo2[[#This Row],[MALİYET]])*1.1,IF(Tablo2[[#This Row],[DATA]]=0,"",IFERROR((1+INDEX($AA$6:$AD$14,MATCH(Tablo2[[#This Row],[DATA]],$AC$6:$AC$14,0),2))*IF(Tablo2[[#This Row],[DATA]]<0,Tablo2[[#This Row],[MALİYET]],Tablo2[[#This Row],[FİYAT]]),0))) -> 73.815 | N43: 1000
B44: OTTO | C44: =OTTO!$C$1 -> 0 | D44: =OTTO!$F$1 | E44: 315 | F44: =E44*C44 -> 0 | G44: =OTTO!$G$1 -> #VALUE! | H44: =IFERROR(Tablo2[[#This Row],[FİYAT]]/Tablo2[[#This Row],[MALİYET]]-1,"") | I44: =+ADESE!$K$2/ADESE!$J$2 -> 0.60166001 | J44: =IF(Tablo2[[#This Row],[MALİYET]]<1,6,IF(Tablo2[[#This Row],[HEDEF]]>1,1,LOOKUP(Tablo2[[#This Row],[ANALIZ]],{-1000000,-0.15,-0.1,-0.05,0,0.05,0.1,0.15,0.2;-4,-3,-2,-1,0,1,2,3,4}))) -> #N/A | K44: =IF(Tablo2[[#This Row],[MALİYET]]<1,"TUT",IF(Tablo2[[#This Row],[HEDEF]]>2,"SAT",IFERROR(INDEX($AA$6:$AC$14,MATCH(Tablo2[[#This Row],[DATA]],$AC$6:$AC$14,0),1),""))) | L44: =IF(Tablo2[[#This Row],[DURUM]]="SAT",Tablo2[[#This Row],[ADET]]*0.5,ROUND(-IFERROR(INDEX($AA$6:$AD$14,MATCH(Tablo2[[#This Row],[DATA]],$AC$6:$AC$14,0),4),"")*Tablo2[[#This Row],[ADET]],0)) -> #VALUE! | M44: =IF(Tablo2[[#This Row],[DURUM]]="SAT",IF(Tablo2[[#This Row],[MALİYET]]<Tablo2[[#This Row],[FİYAT]],Tablo2[[#This Row],[FİYAT]],Tablo2[[#This Row],[MALİYET]])*1.1,IF(Tablo2[[#This Row],[DATA]]=0,"",IFERROR((1+INDEX($AA$6:$AD$14,MATCH(Tablo2[[#This Row],[DATA]],$AC$6:$AC$14,0),2))*IF(Tablo2[[#This Row],[DATA]]<0,Tablo2[[#This Row],[MALİYET]],Tablo2[[#This Row],[FİYAT]]),0))) -> #N/A
B45: OYAKC | C45: =OYAKC!$C$1 -> 700 | D45: =OYAKC!$F$1 -> 62.282934 | E45: 57.65 | F45: =E45*C45 -> 40355 | G45: =OYAKC!$G$1 -> -3243.054 | H45: =IFERROR(Tablo2[[#This Row],[FİYAT]]/Tablo2[[#This Row],[MALİYET]]-1,"") -> -0.074385293 | I45: =+OYAKC!$K$2/OYAKC!$J$2 -> 0.62027359 | J45: =IF(Tablo2[[#This Row],[MALİYET]]<1,6,IF(Tablo2[[#This Row],[HEDEF]]>1,1,LOOKUP(Tablo2[[#This Row],[ANALIZ]],{-1000000,-0.15,-0.1,-0.05,0,0.05,0.1,0.15,0.2;-4,-3,-2,-1,0,1,2,3,4}))) -> -2 | K45: =IF(Tablo2[[#This Row],[MALİYET]]<1,"TUT",IF(Tablo2[[#This Row],[HEDEF]]>2,"SAT",IFERROR(INDEX($AA$6:$AC$14,MATCH(Tablo2[[#This Row],[DATA]],$AC$6:$AC$14,0),1),""))) -> AL-2 | L45: =IF(Tablo2[[#This Row],[DURUM]]="SAT",Tablo2[[#This Row],[ADET]]*0.5,ROUND(-IFERROR(INDEX($AA$6:$AD$14,MATCH(Tablo2[[#This Row],[DATA]],$AC$6:$AC$14,0),4),"")*Tablo2[[#This Row],[ADET]],0)) -> 105 | M45: =IF(Tablo2[[#This Row],[DURUM]]="SAT",IF(Tablo2[[#This Row],[MALİYET]]<Tablo2[[#This Row],[FİYAT]],Tablo2[[#This Row],[FİYAT]],Tablo2[[#This Row],[MALİYET]])*1.1,IF(Tablo2[[#This Row],[DATA]]=0,"",IFERROR((1+INDEX($AA$6:$AD$14,MATCH(Tablo2[[#This Row],[DATA]],$AC$6:$AC$14,0),2))*IF(Tablo2[[#This Row],[DATA]]<0,Tablo2[[#This Row],[MALİYET]],Tablo2[[#This Row],[FİYAT]]),0))) -> 56.054641 | N45: 2000
B46: OYLUM | C46: =OYLUM!$C$1 -> 0 | D46: =OYLUM!$F$1 | E46: 11.9 | F46: =E46*C46 -> 0 | G46: =OYLUM!$G$1 -> #VALUE! | H46: =IFERROR(Tablo2[[#This Row],[FİYAT]]/Tablo2[[#This Row],[MALİYET]]-1,"") | I46: =+ADESE!$K$2/ADESE!$J$2 -> 0.60166001 | J46: =IF(Tablo2[[#This Row],[MALİYET]]<1,6,IF(Tablo2[[#This Row],[HEDEF]]>1,1,LOOKUP(Tablo2[[#This Row],[ANALIZ]],{-1000000,-0.15,-0.1,-0.05,0,0.05,0.1,0.15,0.2;-4,-3,-2,-1,0,1,2,3,4}))) -> #N/A | K46: =IF(Tablo2[[#This Row],[MALİYET]]<1,"TUT",IF(Tablo2[[#This Row],[HEDEF]]>2,"SAT",IFERROR(INDEX($AA$6:$AC$14,MATCH(Tablo2[[#This Row],[DATA]],$AC$6:$AC$14,0),1),""))) | L46: =IF(Tablo2[[#This Row],[DURUM]]="SAT",Tablo2[[#This Row],[ADET]]*0.5,ROUND(-IFERROR(INDEX($AA$6:$AD$14,MATCH(Tablo2[[#This Row],[DATA]],$AC$6:$AC$14,0),4),"")*Tablo2[[#This Row],[ADET]],0)) -> #VALUE! | M46: =IF(Tablo2[[#This Row],[DURUM]]="SAT",IF(Tablo2[[#This Row],[MALİYET]]<Tablo2[[#This Row],[FİYAT]],Tablo2[[#This Row],[FİYAT]],Tablo2[[#This Row],[MALİYET]])*1.1,IF(Tablo2[[#This Row],[DATA]]=0,"",IFERROR((1+INDEX($AA$6:$AD$14,MATCH(Tablo2[[#This Row],[DATA]],$AC$6:$AC$14,0),2))*IF(Tablo2[[#This Row],[DATA]]<0,Tablo2[[#This Row],[MALİYET]],Tablo2[[#This Row],[FİYAT]]),0))) -> #N/A
B47: OZRDN | C47: =OZRDN!$C$1 -> 200 | D47: =OZRDN!$F$1 -> 55.08388 | E47: 60.85 | F47: =E47*C47 -> 12170 | G47: =OZRDN!$G$1 -> 1153.224 | H47: =IFERROR(Tablo2[[#This Row],[FİYAT]]/Tablo2[[#This Row],[MALİYET]]-1,"") -> 0.1046789 | I47: =+OZRDN!$K$2/OZRDN!$J$2 -> 0.3741162 | J47: =IF(Tablo2[[#This Row],[MALİYET]]<1,6,IF(Tablo2[[#This Row],[HEDEF]]>1,1,LOOKUP(Tablo2[[#This Row],[ANALIZ]],{-1000000,-0.15,-0.1,-0.05,0,0.05,0.1,0.15,0.2;-4,-3,-2,-1,0,1,2,3,4}))) -> 2 | K47: =IF(Tablo2[[#This Row],[MALİYET]]<1,"TUT",IF(Tablo2[[#This Row],[HEDEF]]>2,"SAT",IFERROR(INDEX($AA$6:$AC$14,MATCH(Tablo2[[#This Row],[DATA]],$AC$6:$AC$14,0),1),""))) -> SAT-2 | L47: =IF(Tablo2[[#This Row],[DURUM]]="SAT",Tablo2[[#This Row],[ADET]]*0.5,ROUND(-IFERROR(INDEX($AA$6:$AD$14,MATCH(Tablo2[[#This Row],[DATA]],$AC$6:$AC$14,0),4),"")*Tablo2[[#This Row],[ADET]],0)) -> -30 | M47: =IF(Tablo2[[#This Row],[DURUM]]="SAT",IF(Tablo2[[#This Row],[MALİYET]]<Tablo2[[#This Row],[FİYAT]],Tablo2[[#This Row],[FİYAT]],Tablo2[[#This Row],[MALİYET]])*1.1,IF(Tablo2[[#This Row],[DATA]]=0,"",IFERROR((1+INDEX($AA$6:$AD$14,MATCH(Tablo2[[#This Row],[DATA]],$AC$6:$AC$14,0),2))*IF(Tablo2[[#This Row],[DATA]]<0,Tablo2[[#This Row],[MALİYET]],Tablo2[[#This Row],[FİYAT]]),0))) -> 66.935 | N47: 1000
B48: PCILT | C48: =PCILT!$C$1 -> 1100 | D48: =PCILT!$F$1 -> 12.625346 | E48: 13.52 | F48: =E48*C48 -> 14872 | G48: =PCILT!$G$1 -> 984.1191 | H48: =IFERROR(Tablo2[[#This Row],[FİYAT]]/Tablo2[[#This Row],[MALİYET]]-1,"") -> 0.070861718 | I48: =+PCILT!$K$2/PCILT!$J$2 -> 0.45717799 | J48: =IF(Tablo2[[#This Row],[MALİYET]]<1,6,IF(Tablo2[[#This Row],[HEDEF]]>1,1,LOOKUP(Tablo2[[#This Row],[ANALIZ]],{-1000000,-0.15,-0.1,-0.05,0,0.05,0.1,0.15,0.2;-4,-3,-2,-1,0,1,2,3,4}))) -> 1 | K48: =IF(Tablo2[[#This Row],[MALİYET]]<1,"TUT",IF(Tablo2[[#This Row],[HEDEF]]>2,"SAT",IFERROR(INDEX($AA$6:$AC$14,MATCH(Tablo2[[#This Row],[DATA]],$AC$6:$AC$14,0),1),""))) -> SAT-1 | L48: =IF(Tablo2[[#This Row],[DURUM]]="SAT",Tablo2[[#This Row],[ADET]]*0.5,ROUND(-IFERROR(INDEX($AA$6:$AD$14,MATCH(Tablo2[[#This Row],[DATA]],$AC$6:$AC$14,0),4),"")*Tablo2[[#This Row],[ADET]],0)) -> -110 | M48: =IF(Tablo2[[#This Row],[DURUM]]="SAT",IF(Tablo2[[#This Row],[MALİYET]]<Tablo2[[#This Row],[FİYAT]],Tablo2[[#This Row],[FİYAT]],Tablo2[[#This Row],[MALİYET]])*1.1,IF(Tablo2[[#This Row],[DATA]]=0,"",IFERROR((1+INDEX($AA$6:$AD$14,MATCH(Tablo2[[#This Row],[DATA]],$AC$6:$AC$14,0),2))*IF(Tablo2[[#This Row],[DATA]]<0,Tablo2[[#This Row],[MALİYET]],Tablo2[[#This Row],[FİYAT]]),0))) -> 14.196 | N48: 1000
B49: PRDGS | C49: =PRDGS!$C$1 -> 1000 | D49: =PRDGS!$F$1 -> 5.941 | E49: 6.75 | F49: =E49*C49 -> 6750 | G49: =PRDGS!$G$1 -> 809 | H49: =IFERROR(Tablo2[[#This Row],[FİYAT]]/Tablo2[[#This Row],[MALİYET]]-1,"") -> 0.13617236 | I49: =+PRDGS!$K$2/PRDGS!$J$2 -> 0.41500154 | J49: =IF(Tablo2[[#This Row],[MALİYET]]<1,6,IF(Tablo2[[#This Row],[HEDEF]]>1,1,LOOKUP(Tablo2[[#This Row],[ANALIZ]],{-1000000,-0.15,-0.1,-0.05,0,0.05,0.1,0.15,0.2;-4,-3,-2,-1,0,1,2,3,4}))) -> 2 | K49: =IF(Tablo2[[#This Row],[MALİYET]]<1,"TUT",IF(Tablo2[[#This Row],[HEDEF]]>2,"SAT",IFERROR(INDEX($AA$6:$AC$14,MATCH(Tablo2[[#This Row],[DATA]],$AC$6:$AC$14,0),1),""))) -> SAT-2 | L49: =IF(Tablo2[[#This Row],[DURUM]]="SAT",Tablo2[[#This Row],[ADET]]*0.5,ROUND(-IFERROR(INDEX($AA$6:$AD$14,MATCH(Tablo2[[#This Row],[DATA]],$AC$6:$AC$14,0),4),"")*Tablo2[[#This Row],[ADET]],0)) -> -150 | M49: =IF(Tablo2[[#This Row],[DURUM]]="SAT",IF(Tablo2[[#This Row],[MALİYET]]<Tablo2[[#This Row],[FİYAT]],Tablo2[[#This Row],[FİYAT]],Tablo2[[#This Row],[MALİYET]])*1.1,IF(Tablo2[[#This Row],[DATA]]=0,"",IFERROR((1+INDEX($AA$6:$AD$14,MATCH(Tablo2[[#This Row],[DATA]],$AC$6:$AC$14,0),2))*IF(Tablo2[[#This Row],[DATA]]<0,Tablo2[[#This Row],[MALİYET]],Tablo2[[#This Row],[FİYAT]]),0))) -> 7.425 | N49: 500
B50: QUAGR | C50: =QUAGR!$C$1 -> 2500 | D50: =QUAGR!$F$1 -> 4.3946959 | E50: 4.11 | F50: =E50*C50 -> 10275 | G50: =QUAGR!$G$1 -> -711.7397 | H50: =IFERROR(Tablo2[[#This Row],[FİYAT]]/Tablo2[[#This Row],[MALİYET]]-1,"") -> -0.064781702 | I50: =+QUAGR!$K$2/QUAGR!$J$2 -> 0.31586228 | J50: =IF(Tablo2[[#This Row],[MALİYET]]<1,6,IF(Tablo2[[#This Row],[HEDEF]]>1,1,LOOKUP(Tablo2[[#This Row],[ANALIZ]],{-1000000,-0.15,-0.1,-0.05,0,0.05,0.1,0.15,0.2;-4,-3,-2,-1,0,1,2,3,4}))) -> -2 | K50: =IF(Tablo2[[#This Row],[MALİYET]]<1,"TUT",IF(Tablo2[[#This Row],[HEDEF]]>2,"SAT",IFERROR(INDEX($AA$6:$AC$14,MATCH(Tablo2[[#This Row],[DATA]],$AC$6:$AC$14,0),1),""))) -> AL-2 | L50: =IF(Tablo2[[#This Row],[DURUM]]="SAT",Tablo2[[#This Row],[ADET]]*0.5,ROUND(-IFERROR(INDEX($AA$6:$AD$14,MATCH(Tablo2[[#This Row],[DATA]],$AC$6:$AC$14,0),4),"")*Tablo2[[#This Row],[ADET]],0)) -> 375 | M50: =IF(Tablo2[[#This Row],[DURUM]]="SAT",IF(Tablo2[[#This Row],[MALİYET]]<Tablo2[[#This Row],[FİYAT]],Tablo2[[#This Row],[FİYAT]],Tablo2[[#This Row],[MALİYET]])*1.1,IF(Tablo2[[#This Row],[DATA]]=0,"",IFERROR((1+INDEX($AA$6:$AD$14,MATCH(Tablo2[[#This Row],[DATA]],$AC$6:$AC$14,0),2))*IF(Tablo2[[#This Row],[DATA]]<0,Tablo2[[#This Row],[MALİYET]],Tablo2[[#This Row],[FİYAT]]),0))) -> 3.9552263 | N50: 1000
B51: SAFKR | C51: =SAFKR!$C$1 -> 0 | D51: =SAFKR!$F$1 | E51: 44.04 | F51: =E51*C51 -> 0 | G51: =SAFKR!$G$1 -> 2070 | H51: =IFERROR(Tablo2[[#This Row],[FİYAT]]/Tablo2[[#This Row],[MALİYET]]-1,"") | I51: =+ADESE!$K$2/ADESE!$J$2 -> 0.60166001 | J51: =IF(Tablo2[[#This Row],[MALİYET]]<1,6,IF(Tablo2[[#This Row],[HEDEF]]>1,1,LOOKUP(Tablo2[[#This Row],[ANALIZ]],{-1000000,-0.15,-0.1,-0.05,0,0.05,0.1,0.15,0.2;-4,-3,-2,-1,0,1,2,3,4}))) -> #N/A | K51: =IF(Tablo2[[#This Row],[MALİYET]]<1,"TUT",IF(Tablo2[[#This Row],[HEDEF]]>2,"SAT",IFERROR(INDEX($AA$6:$AC$14,MATCH(Tablo2[[#This Row],[DATA]],$AC$6:$AC$14,0),1),""))) | L51: =IF(Tablo2[[#This Row],[DURUM]]="SAT",Tablo2[[#This Row],[ADET]]*0.5,ROUND(-IFERROR(INDEX($AA$6:$AD$14,MATCH(Tablo2[[#This Row],[DATA]],$AC$6:$AC$14,0),4),"")*Tablo2[[#This Row],[ADET]],0)) -> #VALUE! | M51: =IF(Tablo2[[#This Row],[DURUM]]="SAT",IF(Tablo2[[#This Row],[MALİYET]]<Tablo2[[#This Row],[FİYAT]],Tablo2[[#This Row],[FİYAT]],Tablo2[[#This Row],[MALİYET]])*1.1,IF(Tablo2[[#This Row],[DATA]]=0,"",IFERROR((1+INDEX($AA$6:$AD$14,MATCH(Tablo2[[#This Row],[DATA]],$AC$6:$AC$14,0),2))*IF(Tablo2[[#This Row],[DATA]]<0,Tablo2[[#This Row],[MALİYET]],Tablo2[[#This Row],[FİYAT]]),0))) -> #N/A
B52: SAHOL | C52: =SAHOL!$C$1 -> 410 | D52: =SAHOL!$F$1 -> 77.316261 | E52: 85.7 | F52: =E52*C52 -> 35137 | G52: =SAHOL!$G$1 -> 3437.333 | H52: =IFERROR(Tablo2[[#This Row],[FİYAT]]/Tablo2[[#This Row],[MALİYET]]-1,"") -> 0.10843436 | I52: =+SAHOL!$K$2/SAHOL!$J$2 -> 0.5400707 | J52: =IF(Tablo2[[#This Row],[MALİYET]]<1,6,IF(Tablo2[[#This Row],[HEDEF]]>1,1,LOOKUP(Tablo2[[#This Row],[ANALIZ]],{-1000000,-0.15,-0.1,-0.05,0,0.05,0.1,0.15,0.2;-4,-3,-2,-1,0,1,2,3,4}))) -> 2 | K52: =IF(Tablo2[[#This Row],[MALİYET]]<1,"TUT",IF(Tablo2[[#This Row],[HEDEF]]>2,"SAT",IFERROR(INDEX($AA$6:$AC$14,MATCH(Tablo2[[#This Row],[DATA]],$AC$6:$AC$14,0),1),""))) -> SAT-2 | L52: =IF(Tablo2[[#This Row],[DURUM]]="SAT",Tablo2[[#This Row],[ADET]]*0.5,ROUND(-IFERROR(INDEX($AA$6:$AD$14,MATCH(Tablo2[[#This Row],[DATA]],$AC$6:$AC$14,0),4),"")*Tablo2[[#This Row],[ADET]],0)) -> -62 | M52: =IF(Tablo2[[#This Row],[DURUM]]="SAT",IF(Tablo2[[#This Row],[MALİYET]]<Tablo2[[#This Row],[FİYAT]],Tablo2[[#This Row],[FİYAT]],Tablo2[[#This Row],[MALİYET]])*1.1,IF(Tablo2[[#This Row],[DATA]]=0,"",IFERROR((1+INDEX($AA$6:$AD$14,MATCH(Tablo2[[#This Row],[DATA]],$AC$6:$AC$14,0),2))*IF(Tablo2[[#This Row],[DATA]]<0,Tablo2[[#This Row],[MALİYET]],Tablo2[[#This Row],[FİYAT]]),0))) -> 94.27 | N52: 2000
B53: SASA | C53: =SASA!$C$1 -> 240 | D53: =SASA!$F$1 -> 29.838412 | E53: 40 | F53: =E53*C53 -> 9600 | G53: =SASA!$G$1 -> 2438.781 | H53: =IFERROR(Tablo2[[#This Row],[FİYAT]]/Tablo2[[#This Row],[MALİYET]]-1,"") -> 0.3405539 | I53: =+SASA!$K$2/SASA!$J$2 -> 0.1475561 | J53: =IF(Tablo2[[#This Row],[MALİYET]]<1,6,IF(Tablo2[[#This Row],[HEDEF]]>1,1,LOOKUP(Tablo2[[#This Row],[ANALIZ]],{-1000000,-0.15,-0.1,-0.05,0,0.05,0.1,0.15,0.2;-4,-3,-2,-1,0,1,2,3,4}))) -> 4 | K53: =IF(Tablo2[[#This Row],[MALİYET]]<1,"TUT",IF(Tablo2[[#This Row],[HEDEF]]>2,"SAT",IFERROR(INDEX($AA$6:$AC$14,MATCH(Tablo2[[#This Row],[DATA]],$AC$6:$AC$14,0),1),""))) -> SAT-4 | L53: =IF(Tablo2[[#This Row],[DURUM]]="SAT",Tablo2[[#This Row],[ADET]]*0.5,ROUND(-IFERROR(INDEX($AA$6:$AD$14,MATCH(Tablo2[[#This Row],[DATA]],$AC$6:$AC$14,0),4),"")*Tablo2[[#This Row],[ADET]],0)) -> -60 | M53: =IF(Tablo2[[#This Row],[DURUM]]="SAT",IF(Tablo2[[#This Row],[MALİYET]]<Tablo2[[#This Row],[FİYAT]],Tablo2[[#This Row],[FİYAT]],Tablo2[[#This Row],[MALİYET]])*1.1,IF(Tablo2[[#This Row],[DATA]]=0,"",IFERROR((1+INDEX($AA$6:$AD$14,MATCH(Tablo2[[#This Row],[DATA]],$AC$6:$AC$14,0),2))*IF(Tablo2[[#This Row],[DATA]]<0,Tablo2[[#This Row],[MALİYET]],Tablo2[[#This Row],[FİYAT]]),0))) -> 48 | N53: 2000
B54: SEYKM | C54: =SEYKM!$C$1 -> 100 | D54: =SEYKM!$F$1 -> 13.484572 | E54: 8 | F54: =E54*C54 -> 800 | G54: =SEYKM!$G$1 -> -1064.0156 | H54: =IFERROR(Tablo2[[#This Row],[FİYAT]]/Tablo2[[#This Row],[MALİYET]]-1,"") -> -0.40672941 | I54: =+SEYKM!$K$2/SEYKM!$J$2 -> 24.592684 | J54: =IF(Tablo2[[#This Row],[MALİYET]]<1,6,IF(Tablo2[[#This Row],[HEDEF]]>1,1,LOOKUP(Tablo2[[#This Row],[ANALIZ]],{-1000000,-0.15,-0.1,-0.05,0,0.05,0.1,0.15,0.2;-4,-3,-2,-1,0,1,2,3,4}))) -> 1 | K54: =IF(Tablo2[[#This Row],[MALİYET]]<1,"TUT",IF(Tablo2[[#This Row],[HEDEF]]>2,"SAT",IFERROR(INDEX($AA$6:$AC$14,MATCH(Tablo2[[#This Row],[DATA]],$AC$6:$AC$14,0),1),""))) -> SAT | L54: =IF(Tablo2[[#This Row],[DURUM]]="SAT",Tablo2[[#This Row],[ADET]]*0.5,ROUND(-IFERROR(INDEX($AA$6:$AD$14,MATCH(Tablo2[[#This Row],[DATA]],$AC$6:$AC$14,0),4),"")*Tablo2[[#This Row],[ADET]],0)) -> 50 | M54: =IF(Tablo2[[#This Row],[DURUM]]="SAT",IF(Tablo2[[#This Row],[MALİYET]]<Tablo2[[#This Row],[FİYAT]],Tablo2[[#This Row],[FİYAT]],Tablo2[[#This Row],[MALİYET]])*1.1,IF(Tablo2[[#This Row],[DATA]]=0,"",IFERROR((1+INDEX($AA$6:$AD$14,MATCH(Tablo2[[#This Row],[DATA]],$AC$6:$AC$14,0),2))*IF(Tablo2[[#This Row],[DATA]]<0,Tablo2[[#This Row],[MALİYET]],Tablo2[[#This Row],[FİYAT]]),0))) -> 14.833029 | N54: 1
B55: SMART | C55: =SMART!$C$1 -> 0 | D55: =SMART!$F$1 | E55: 45 | F55: =E55*C55 -> 0 | G55: =SMART!$G$1 -> 24606.574 | H55: =IFERROR(Tablo2[[#This Row],[FİYAT]]/Tablo2[[#This Row],[MALİYET]]-1,"") | I55: =+SMART!$K$2/SMART!$J$2 -> 0 | J55: =IF(Tablo2[[#This Row],[MALİYET]]<1,6,IF(Tablo2[[#This Row],[HEDEF]]>1,1,LOOKUP(Tablo2[[#This Row],[ANALIZ]],{-1000000,-0.15,-0.1,-0.05,0,0.05,0.1,0.15,0.2;-4,-3,-2,-1,0,1,2,3,4}))) -> #N/A | K55: =IF(Tablo2[[#This Row],[MALİYET]]<1,"TUT",IF(Tablo2[[#This Row],[HEDEF]]>2,"SAT",IFERROR(INDEX($AA$6:$AC$14,MATCH(Tablo2[[#This Row],[DATA]],$AC$6:$AC$14,0),1),""))) | L55: =IF(Tablo2[[#This Row],[DURUM]]="SAT",Tablo2[[#This Row],[ADET]]*0.5,ROUND(-IF(Tablo2[[#This Row],[MALİYET]]<1,0,INDEX($AA$6:$AD$14,MATCH(Tablo2[[#This Row],[DATA]],$AC$6:$AC$14,0),4))*Tablo2[[#This Row],[ADET]],0)) -> #N/A | M55: =IF(Tablo2[[#This Row],[DURUM]]="SAT",IF(Tablo2[[#This Row],[MALİYET]]<Tablo2[[#This Row],[FİYAT]],Tablo2[[#This Row],[FİYAT]],Tablo2[[#This Row],[MALİYET]])*1.1,IF(Tablo2[[#This Row],[DATA]]=0,"",IFERROR((1+INDEX($AA$6:$AD$14,MATCH(Tablo2[[#This Row],[DATA]],$AC$6:$AC$14,0),2))*IF(Tablo2[[#This Row],[DATA]]<0,Tablo2[[#This Row],[MALİYET]],Tablo2[[#This Row],[FİYAT]]),0))) -> #N/A | N55: 1000
B56: SMRTG | C56: =SMRTG!$C$1 -> 1500 | D56: =SMRTG!$F$1 -> 58.421443 | E56: 56.1 | F56: =E56*C56 -> 84150 | G56: =SMRTG!$G$1 -> -3482.1645 | H56: =IFERROR(Tablo2[[#This Row],[FİYAT]]/Tablo2[[#This Row],[MALİYET]]-1,"") -> -0.039736146 | I56: =+SMRTG!$K$2/SMRTG!$J$2 -> 2.5868429 | J56: =IF(Tablo2[[#This Row],[MALİYET]]<1,6,IF(Tablo2[[#This Row],[HEDEF]]>1,1,LOOKUP(Tablo2[[#This Row],[ANALIZ]],{-1000000,-0.15,-0.1,-0.05,0,0.05,0.1,0.15,0.2;-4,-3,-2,-1,0,1,2,3,4}))) -> 1 | K56: =IF(Tablo2[[#This Row],[MALİYET]]<1,"TUT",IF(Tablo2[[#This Row],[HEDEF]]>2,"SAT",IFERROR(INDEX($AA$6:$AC$14,MATCH(Tablo2[[#This Row],[DATA]],$AC$6:$AC$14,0),1),""))) -> SAT | L56: =IF(Tablo2[[#This Row],[DURUM]]="SAT",Tablo2[[#This Row],[ADET]]*0.5,ROUND(-IFERROR(INDEX($AA$6:$AD$14,MATCH(Tablo2[[#This Row],[DATA]],$AC$6:$AC$14,0),4),"")*Tablo2[[#This Row],[ADET]],0)) -> 750 | M56: =IF(Tablo2[[#This Row],[DURUM]]="SAT",IF(Tablo2[[#This Row],[MALİYET]]<Tablo2[[#This Row],[FİYAT]],Tablo2[[#This Row],[FİYAT]],Tablo2[[#This Row],[MALİYET]])*1.1,IF(Tablo2[[#This Row],[DATA]]=0,"",IFERROR((1+INDEX($AA$6:$AD$14,MATCH(Tablo2[[#This Row],[DATA]],$AC$6:$AC$14,0),2))*IF(Tablo2[[#This Row],[DATA]]<0,Tablo2[[#This Row],[MALİYET]],Tablo2[[#This Row],[FİYAT]]),0))) -> 64.263587 | N56: 1000
B57: TARKM | C57: =TARKM!$C$1 -> 85 | D57: =TARKM!$F$1 -> 660.45586 | E57: 569 | F57: =E57*C57 -> 48365 | G57: =TARKM!$G$1 -> -7773.7483 | H57: =IFERROR(Tablo2[[#This Row],[FİYAT]]/Tablo2[[#This Row],[MALİYET]]-1,"") -> -0.13847384 | I57: =+TARKM!$K$2/TARKM!$J$2 -> 1.4867814 | J57: =IF(Tablo2[[#This Row],[MALİYET]]<1,6,IF(Tablo2[[#This Row],[HEDEF]]>1,1,LOOKUP(Tablo2[[#This Row],[ANALIZ]],{-1000000,-0.15,-0.1,-0.05,0,0.05,0.1,0.15,0.2;-4,-3,-2,-1,0,1,2,3,4}))) -> 1 | K57: =IF(Tablo2[[#This Row],[MALİYET]]<1,"TUT",IF(Tablo2[[#This Row],[HEDEF]]>2,"SAT",IFERROR(INDEX($AA$6:$AC$14,MATCH(Tablo2[[#This Row],[DATA]],$AC$6:$AC$14,0),1),""))) -> SAT-1 | L57: =IF(Tablo2[[#This Row],[DURUM]]="SAT",Tablo2[[#This Row],[ADET]]*0.5,ROUND(-IFERROR(INDEX($AA$6:$AD$14,MATCH(Tablo2[[#This Row],[DATA]],$AC$6:$AC$14,0),4),"")*Tablo2[[#This Row],[ADET]],0)) -> -9 | M57: =IF(Tablo2[[#This Row],[DURUM]]="SAT",IF(Tablo2[[#This Row],[MALİYET]]<Tablo2[[#This Row],[FİYAT]],Tablo2[[#This Row],[FİYAT]],Tablo2[[#This Row],[MALİYET]])*1.1,IF(Tablo2[[#This Row],[DATA]]=0,"",IFERROR((1+INDEX($AA$6:$AD$14,MATCH(Tablo2[[#This Row],[DATA]],$AC$6:$AC$14,0),2))*IF(Tablo2[[#This Row],[DATA]]<0,Tablo2[[#This Row],[MALİYET]],Tablo2[[#This Row],[FİYAT]]),0))) -> 597.45 | N57: 1000
B58: TAVHL | C58: =TAVHL!$C$1 -> 240 | D58: =TAVHL!$F$1 -> 173.72669 | E58: 194.3 | F58: =E58*C58 -> 46632 | G58: =TAVHL!$G$1 -> 4937.5946 | H58: =IFERROR(Tablo2[[#This Row],[FİYAT]]/Tablo2[[#This Row],[MALİYET]]-1,"") -> 0.11842343 | I58: =+TAVHL!$K$2/TAVHL!$J$2 -> 1.4335075 | J58: =IF(Tablo2[[#This Row],[MALİYET]]<1,6,IF(Tablo2[[#This Row],[HEDEF]]>1,1,LOOKUP(Tablo2[[#This Row],[ANALIZ]],{-1000000,-0.15,-0.1,-0.05,0,0.05,0.1,0.15,0.2;-4,-3,-2,-1,0,1,2,3,4}))) -> 1 | K58: =IF(Tablo2[[#This Row],[MALİYET]]<1,"TUT",IF(Tablo2[[#This Row],[HEDEF]]>2,"SAT",IFERROR(INDEX($AA$6:$AC$14,MATCH(Tablo2[[#This Row],[DATA]],$AC$6:$AC$14,0),1),""))) -> SAT-1 | L58: =IF(Tablo2[[#This Row],[DURUM]]="SAT",Tablo2[[#This Row],[ADET]]*0.5,ROUND(-IFERROR(INDEX($AA$6:$AD$14,MATCH(Tablo2[[#This Row],[DATA]],$AC$6:$AC$14,0),4),"")*Tablo2[[#This Row],[ADET]],0)) -> -24 | M58: =IF(Tablo2[[#This Row],[DURUM]]="SAT",IF(Tablo2[[#This Row],[MALİYET]]<Tablo2[[#This Row],[FİYAT]],Tablo2[[#This Row],[FİYAT]],Tablo2[[#This Row],[MALİYET]])*1.1,IF(Tablo2[[#This Row],[DATA]]=0,"",IFERROR((1+INDEX($AA$6:$AD$14,MATCH(Tablo2[[#This Row],[DATA]],$AC$6:$AC$14,0),2))*IF(Tablo2[[#This Row],[DATA]]<0,Tablo2[[#This Row],[MALİYET]],Tablo2[[#This Row],[FİYAT]]),0))) -> 204.015 | N58: 1000
B59: TCELL | C59: =TCELL!$C$1 -> 0 | D59: =TCELL!$F$1 | E59: 76.55 | F59: =E59*C59 -> 0 | G59: =TCELL!$G$1 -> 2211.8489 | H59: =IFERROR(Tablo2[[#This Row],[FİYAT]]/Tablo2[[#This Row],[MALİYET]]-1,"") | I59: =+TCELL!$K$2/TCELL!$J$2 -> 0 | J59: =IF(Tablo2[[#This Row],[MALİYET]]<1,6,IF(Tablo2[[#This Row],[HEDEF]]>1,1,LOOKUP(Tablo2[[#This Row],[ANALIZ]],{-1000000,-0.15,-0.1,-0.05,0,0.05,0.1,0.15,0.2;-4,-3,-2,-1,0,1,2,3,4}))) -> #N/A | K59: =IF(Tablo2[[#This Row],[MALİYET]]<1,"TUT",IF(Tablo2[[#This Row],[HEDEF]]>2,"SAT",IFERROR(INDEX($AA$6:$AC$14,MATCH(Tablo2[[#This Row],[DATA]],$AC$6:$AC$14,0),1),""))) | L59: =IF(Tablo2[[#This Row],[DURUM]]="SAT",Tablo2[[#This Row],[ADET]]*0.5,ROUND(-IFERROR(INDEX($AA$6:$AD$14,MATCH(Tablo2[[#This Row],[DATA]],$AC$6:$AC$14,0),4),"")*Tablo2[[#This Row],[ADET]],0)) -> #VALUE! | M59: =IF(Tablo2[[#This Row],[DURUM]]="SAT",IF(Tablo2[[#This Row],[MALİYET]]<Tablo2[[#This Row],[FİYAT]],Tablo2[[#This Row],[FİYAT]],Tablo2[[#This Row],[MALİYET]])*1.1,IF(Tablo2[[#This Row],[DATA]]=0,"",IFERROR((1+INDEX($AA$6:$AD$14,MATCH(Tablo2[[#This Row],[DATA]],$AC$6:$AC$14,0),2))*IF(Tablo2[[#This Row],[DATA]]<0,Tablo2[[#This Row],[MALİYET]],Tablo2[[#This Row],[FİYAT]]),0))) -> #N/A | N59: 1000
B60: THYAO | C60: =THYAO!$C$1 -> 300 | D60: =THYAO!$F$1 -> 270.08475 | E60: 302.75 | F60: =E60*C60 -> 90825 | G60: =THYAO!$G$1 -> 9799.5736 | H60: =IFERROR(Tablo2[[#This Row],[FİYAT]]/Tablo2[[#This Row],[MALİYET]]-1,"") -> 0.12094442 | I60: =+THYAO!$K$2/THYAO!$J$2 -> 1.3960191 | J60: =IF(Tablo2[[#This Row],[MALİYET]]<1,6,IF(Tablo2[[#This Row],[HEDEF]]>1,1,LOOKUP(Tablo2[[#This Row],[ANALIZ]],{-1000000,-0.15,-0.1,-0.05,0,0.05,0.1,0.15,0.2;-4,-3,-2,-1,0,1,2,3,4}))) -> 1 | K60: =IF(Tablo2[[#This Row],[MALİYET]]<1,"TUT",IF(Tablo2[[#This Row],[HEDEF]]>2,"SAT",IFERROR(INDEX($AA$6:$AC$14,MATCH(Tablo2[[#This Row],[DATA]],$AC$6:$AC$14,0),1),""))) -> SAT-1 | L60: =IF(Tablo2[[#This Row],[DURUM]]="SAT",Tablo2[[#This Row],[ADET]]*0.5,ROUND(-IFERROR(INDEX($AA$6:$AD$14,MATCH(Tablo2[[#This Row],[DATA]],$AC$6:$AC$14,0),4),"")*Tablo2[[#This Row],[ADET]],0)) -> -30 | M60: =IF(Tablo2[[#This Row],[DURUM]]="SAT",IF(Tablo2[[#This Row],[MALİYET]]<Tablo2[[#This Row],[FİYAT]],Tablo2[[#This Row],[FİYAT]],Tablo2[[#This Row],[MALİYET]])*1.1,IF(Tablo2[[#This Row],[DATA]]=0,"",IFERROR((1+INDEX($AA$6:$AD$14,MATCH(Tablo2[[#This Row],[DATA]],$AC$6:$AC$14,0),2))*IF(Tablo2[[#This Row],[DATA]]<0,Tablo2[[#This Row],[MALİYET]],Tablo2[[#This Row],[FİYAT]]),0))) -> 317.8875 | N60: 2000
B61: TKFEN | C61: =TKFEN!$C$1 -> 0 | D61: =TKFEN!$F$1 | E61: 46.34 | F61: =E61*C61 -> 0 | G61: =TKFEN!$G$1 -> 7243.7644 | H61: =IFERROR(Tablo2[[#This Row],[FİYAT]]/Tablo2[[#This Row],[MALİYET]]-1,"") | I61: =+ADESE!$K$2/ADESE!$J$2 -> 0.60166001 | J61: =IF(Tablo2[[#This Row],[MALİYET]]<1,6,IF(Tablo2[[#This Row],[HEDEF]]>1,1,LOOKUP(Tablo2[[#This Row],[ANALIZ]],{-1000000,-0.15,-0.1,-0.05,0,0.05,0.1,0.15,0.2;-4,-3,-2,-1,0,1,2,3,4}))) -> #N/A | K61: =IF(Tablo2[[#This Row],[MALİYET]]<1,"TUT",IF(Tablo2[[#This Row],[HEDEF]]>2,"SAT",IFERROR(INDEX($AA$6:$AC$14,MATCH(Tablo2[[#This Row],[DATA]],$AC$6:$AC$14,0),1),""))) | L61: =IF(Tablo2[[#This Row],[DURUM]]="SAT",Tablo2[[#This Row],[ADET]]*0.5,ROUND(-IFERROR(INDEX($AA$6:$AD$14,MATCH(Tablo2[[#This Row],[DATA]],$AC$6:$AC$14,0),4),"")*Tablo2[[#This Row],[ADET]],0)) -> #VALUE! | M61: =IF(Tablo2[[#This Row],[DURUM]]="SAT",IF(Tablo2[[#This Row],[MALİYET]]<Tablo2[[#This Row],[FİYAT]],Tablo2[[#This Row],[FİYAT]],Tablo2[[#This Row],[MALİYET]])*1.1,IF(Tablo2[[#This Row],[DATA]]=0,"",IFERROR((1+INDEX($AA$6:$AD$14,MATCH(Tablo2[[#This Row],[DATA]],$AC$6:$AC$14,0),2))*IF(Tablo2[[#This Row],[DATA]]<0,Tablo2[[#This Row],[MALİYET]],Tablo2[[#This Row],[FİYAT]]),0))) -> #N/A
B62: TNZTP | C62: =TNZTP!$C$1 -> 400 | D62: =TNZTP!$F$1 -> 69 | E62: 62.25 | F62: =E62*C62 -> 24900 | G62: =TNZTP!$G$1 -> -2700 | H62: =IFERROR(Tablo2[[#This Row],[FİYAT]]/Tablo2[[#This Row],[MALİYET]]-1,"") -> -0.097826087 | I62: =+TNZTP!$K$2/ADESE!$J$2 -> 1.5308946 | J62: =IF(Tablo2[[#This Row],[MALİYET]]<1,6,IF(Tablo2[[#This Row],[HEDEF]]>1,1,LOOKUP(Tablo2[[#This Row],[ANALIZ]],{-1000000,-0.15,-0.1,-0.05,0,0.05,0.1,0.15,0.2;-4,-3,-2,-1,0,1,2,3,4}))) -> 1 | K62: =IF(Tablo2[[#This Row],[MALİYET]]<1,"TUT",IF(Tablo2[[#This Row],[HEDEF]]>2,"SAT",IFERROR(INDEX($AA$6:$AC$14,MATCH(Tablo2[[#This Row],[DATA]],$AC$6:$AC$14,0),1),""))) -> SAT-1 | L62: =IF(Tablo2[[#This Row],[DURUM]]="SAT",Tablo2[[#This Row],[ADET]]*0.5,ROUND(-IFERROR(INDEX($AA$6:$AD$14,MATCH(Tablo2[[#This Row],[DATA]],$AC$6:$AC$14,0),4),"")*Tablo2[[#This Row],[ADET]],0)) -> -40 | M62: =IF(Tablo2[[#This Row],[DURUM]]="SAT",IF(Tablo2[[#This Row],[MALİYET]]<Tablo2[[#This Row],[FİYAT]],Tablo2[[#This Row],[FİYAT]],Tablo2[[#This Row],[MALİYET]])*1.1,IF(Tablo2[[#This Row],[DATA]]=0,"",IFERROR((1+INDEX($AA$6:$AD$14,MATCH(Tablo2[[#This Row],[DATA]],$AC$6:$AC$14,0),2))*IF(Tablo2[[#This Row],[DATA]]<0,Tablo2[[#This Row],[MALİYET]],Tablo2[[#This Row],[FİYAT]]),0))) -> 65.3625 | N62: 1000
B63: TOASO | C63: =TOASO!$C$1 -> 65 | D63: =TOASO!$F$1 -> 193.11083 | E63: 264 | F63: =E63*C63 -> 17160 | G63: =TOASO!$G$1 -> 4607.7962 | H63: =IFERROR(Tablo2[[#This Row],[FİYAT]]/Tablo2[[#This Row],[MALİYET]]-1,"") -> 0.36709061 | I63: =+TOASO!$K$2/TOASO!$J$2 -> 0.26375653 | J63: =IF(Tablo2[[#This Row],[MALİYET]]<1,6,IF(Tablo2[[#This Row],[HEDEF]]>1,1,LOOKUP(Tablo2[[#This Row],[ANALIZ]],{-1000000,-0.15,-0.1,-0.05,0,0.05,0.1,0.15,0.2;-4,-3,-2,-1,0,1,2,3,4}))) -> 4 | K63: =IF(Tablo2[[#This Row],[MALİYET]]<1,"TUT",IF(Tablo2[[#This Row],[HEDEF]]>2,"SAT",IFERROR(INDEX($AA$6:$AC$14,MATCH(Tablo2[[#This Row],[DATA]],$AC$6:$AC$14,0),1),""))) -> SAT-4 | L63: =IF(Tablo2[[#This Row],[DURUM]]="SAT",Tablo2[[#This Row],[ADET]]*0.5,ROUND(-IFERROR(INDEX($AA$6:$AD$14,MATCH(Tablo2[[#This Row],[DATA]],$AC$6:$AC$14,0),4),"")*Tablo2[[#This Row],[ADET]],0)) -> -16 | M63: =IF(Tablo2[[#This Row],[DURUM]]="SAT",IF(Tablo2[[#This Row],[MALİYET]]<Tablo2[[#This Row],[FİYAT]],Tablo2[[#This Row],[FİYAT]],Tablo2[[#This Row],[MALİYET]])*1.1,IF(Tablo2[[#This Row],[DATA]]=0,"",IFERROR((1+INDEX($AA$6:$AD$14,MATCH(Tablo2[[#This Row],[DATA]],$AC$6:$AC$14,0),2))*IF(Tablo2[[#This Row],[DATA]]<0,Tablo2[[#This Row],[MALİYET]],Tablo2[[#This Row],[FİYAT]]),0))) -> 316.8 | N63: 2000
B64: TTRAK | C64: =TTRAK!$C$1 -> 60 | D64: =TTRAK!$F$1 -> 793.99474 | E64: 902 | F64: =E64*C64 -> 54120 | G64: =TTRAK!$G$1 -> 6480.3156 | H64: =IFERROR(Tablo2[[#This Row],[FİYAT]]/Tablo2[[#This Row],[MALİYET]]-1,"") -> 0.13602768 | I64: =+TTRAK!$K$2/TTRAK!$J$2 -> 3.3273901 | J64: =IF(Tablo2[[#This Row],[MALİYET]]<1,6,IF(Tablo2[[#This Row],[HEDEF]]>1,1,LOOKUP(Tablo2[[#This Row],[ANALIZ]],{-1000000,-0.15,-0.1,-0.05,0,0.05,0.1,0.15,0.2;-4,-3,-2,-1,0,1,2,3,4}))) -> 1 | K64: =IF(Tablo2[[#This Row],[MALİYET]]<1,"TUT",IF(Tablo2[[#This Row],[HEDEF]]>2,"SAT",IFERROR(INDEX($AA$6:$AC$14,MATCH(Tablo2[[#This Row],[DATA]],$AC$6:$AC$14,0),1),""))) -> SAT | L64: =IF(Tablo2[[#This Row],[DURUM]]="SAT",Tablo2[[#This Row],[ADET]]*0.5,ROUND(-IFERROR(INDEX($AA$6:$AD$14,MATCH(Tablo2[[#This Row],[DATA]],$AC$6:$AC$14,0),4),"")*Tablo2[[#This Row],[ADET]],0)) -> 30 | M64: =IF(Tablo2[[#This Row],[DURUM]]="SAT",IF(Tablo2[[#This Row],[MALİYET]]<Tablo2[[#This Row],[FİYAT]],Tablo2[[#This Row],[FİYAT]],Tablo2[[#This Row],[MALİYET]])*1.1,IF(Tablo2[[#This Row],[DATA]]=0,"",IFERROR((1+INDEX($AA$6:$AD$14,MATCH(Tablo2[[#This Row],[DATA]],$AC$6:$AC$14,0),2))*IF(Tablo2[[#This Row],[DATA]]<0,Tablo2[[#This Row],[MALİYET]],Tablo2[[#This Row],[FİYAT]]),0))) -> 992.2 | N64: 2000
B65: TURSG | C65: =TURSG!$C$1 -> 300 | D65: =TURSG!$F$1 -> 54.833333 | E65: 62.9 | F65: =E65*C65 -> 18870 | G65: =TURSG!$G$1 -> 2420 | H65: =IFERROR(Tablo2[[#This Row],[FİYAT]]/Tablo2[[#This Row],[MALİYET]]-1,"") -> 0.14711246 | I65: =+TURSG!$K$2/TURSG!$J$2 -> 0.29003996 | J65: =IF(Tablo2[[#This Row],[MALİYET]]<1,6,IF(Tablo2[[#This Row],[HEDEF]]>1,1,LOOKUP(Tablo2[[#This Row],[ANALIZ]],{-1000000,-0.15,-0.1,-0.05,0,0.05,0.1,0.15,0.2;-4,-3,-2,-1,0,1,2,3,4}))) -> 2 | K65: =IF(Tablo2[[#This Row],[MALİYET]]<1,"TUT",IF(Tablo2[[#This Row],[HEDEF]]>2,"SAT",IFERROR(INDEX($AA$6:$AC$14,MATCH(Tablo2[[#This Row],[DATA]],$AC$6:$AC$14,0),1),""))) -> SAT-2 | L65: =IF(Tablo2[[#This Row],[DURUM]]="SAT",Tablo2[[#This Row],[ADET]]*0.5,ROUND(-IFERROR(INDEX($AA$6:$AD$14,MATCH(Tablo2[[#This Row],[DATA]],$AC$6:$AC$14,0),4),"")*Tablo2[[#This Row],[ADET]],0)) -> -45 | M65: =IF(Tablo2[[#This Row],[DURUM]]="SAT",IF(Tablo2[[#This Row],[MALİYET]]<Tablo2[[#This Row],[FİYAT]],Tablo2[[#This Row],[FİYAT]],Tablo2[[#This Row],[MALİYET]])*1.1,IF(Tablo2[[#This Row],[DATA]]=0,"",IFERROR((1+INDEX($AA$6:$AD$14,MATCH(Tablo2[[#This Row],[DATA]],$AC$6:$AC$14,0),2))*IF(Tablo2[[#This Row],[DATA]]<0,Tablo2[[#This Row],[MALİYET]],Tablo2[[#This Row],[FİYAT]]),0))) -> 69.19 | N65: 2000
B66: TUPRS | C66: =TUPRS!$C$1 -> 1100 | D66: =TUPRS!$F$1 -> 155.87406 | E66: 188.5 | F66: =E66*C66 -> 207350 | G66: =TUPRS!$G$1 -> 35888.534 | H66: =IFERROR(Tablo2[[#This Row],[FİYAT]]/Tablo2[[#This Row],[MALİYET]]-1,"") -> 0.20930962 | I66: =+TUPRS!$K$2/TUPRS!$J$2 -> 2.1247054 | J66: =IF(Tablo2[[#This Row],[MALİYET]]<1,6,IF(Tablo2[[#This Row],[HEDEF]]>1,1,LOOKUP(Tablo2[[#This Row],[ANALIZ]],{-1000000,-0.15,-0.1,-0.05,0,0.05,0.1,0.15,0.2;-4,-3,-2,-1,0,1,2,3,4}))) -> 1 | K66: =IF(Tablo2[[#This Row],[MALİYET]]<1,"TUT",IF(Tablo2[[#This Row],[HEDEF]]>2,"SAT",IFERROR(INDEX($AA$6:$AC$14,MATCH(Tablo2[[#This Row],[DATA]],$AC$6:$AC$14,0),1),""))) -> SAT | L66: =IF(Tablo2[[#This Row],[DURUM]]="SAT",Tablo2[[#This Row],[ADET]]*0.5,ROUND(-IFERROR(INDEX($AA$6:$AD$14,MATCH(Tablo2[[#This Row],[DATA]],$AC$6:$AC$14,0),4),"")*Tablo2[[#This Row],[ADET]],0)) -> 550 | M66: =IF(Tablo2[[#This Row],[DURUM]]="SAT",IF(Tablo2[[#This Row],[MALİYET]]<Tablo2[[#This Row],[FİYAT]],Tablo2[[#This Row],[FİYAT]],Tablo2[[#This Row],[MALİYET]])*1.1,IF(Tablo2[[#This Row],[DATA]]=0,"",IFERROR((1+INDEX($AA$6:$AD$14,MATCH(Tablo2[[#This Row],[DATA]],$AC$6:$AC$14,0),2))*IF(Tablo2[[#This Row],[DATA]]<0,Tablo2[[#This Row],[MALİYET]],Tablo2[[#This Row],[FİYAT]]),0))) -> 207.35 | N66: 3000
B67: TUCLK | C67: =TUCLK!$C$1 -> 3100 | D67: =TUCLK!$F$1 -> 12.433097 | E67: 11.39 | F67: =E67*C67 -> 35309 | G67: =TUCLK!$G$1 -> -3233.6 | H67: =IFERROR(Tablo2[[#This Row],[FİYAT]]/Tablo2[[#This Row],[MALİYET]]-1,"") -> -0.083896779 | I67: =+TUCLK!$K$2/TUCLK!$J$2 -> 1085.4288 | J67: =IF(Tablo2[[#This Row],[MALİYET]]<1,6,IF(Tablo2[[#This Row],[HEDEF]]>1,1,LOOKUP(Tablo2[[#This Row],[ANALIZ]],{-1000000,-0.15,-0.1,-0.05,0,0.05,0.1,0.15,0.2;-4,-3,-2,-1,0,1,2,3,4}))) -> 1 | K67: =IF(Tablo2[[#This Row],[MALİYET]]<1,"TUT",IF(Tablo2[[#This Row],[HEDEF]]>2,"SAT",IFERROR(INDEX($AA$6:$AC$14,MATCH(Tablo2[[#This Row],[DATA]],$AC$6:$AC$14,0),1),""))) -> SAT | L67: =IF(Tablo2[[#This Row],[DURUM]]="SAT",Tablo2[[#This Row],[ADET]]*0.5,ROUND(-IFERROR(INDEX($AA$6:$AD$14,MATCH(Tablo2[[#This Row],[DATA]],$AC$6:$AC$14,0),4),"")*Tablo2[[#This Row],[ADET]],0)) -> 1550 | M67: =IF(Tablo2[[#This Row],[DURUM]]="SAT",IF(Tablo2[[#This Row],[MALİYET]]<Tablo2[[#This Row],[FİYAT]],Tablo2[[#This Row],[FİYAT]],Tablo2[[#This Row],[MALİYET]])*1.1,IF(Tablo2[[#This Row],[DATA]]=0,"",IFERROR((1+INDEX($AA$6:$AD$14,MATCH(Tablo2[[#This Row],[DATA]],$AC$6:$AC$14,0),2))*IF(Tablo2[[#This Row],[DATA]]<0,Tablo2[[#This Row],[MALİYET]],Tablo2[[#This Row],[FİYAT]]),0))) -> 13.676406 | N67: 1
B68: UNLU | C68: =UNLU!$C$1 -> 1900 | D68: =UNLU!$F$1 -> 14.402526 | E68: 15.32 | F68: =E68*C68 -> 29108 | G68: =UNLU!$G$1 -> 1743.2 | H68: =IFERROR(Tablo2[[#This Row],[FİYAT]]/Tablo2[[#This Row],[MALİYET]]-1,"") -> 0.063702274 | I68: =+UNLU!$K$2/UNLU!$J$2 -> 894.8048 | J68: =IF(Tablo2[[#This Row],[MALİYET]]<1,6,IF(Tablo2[[#This Row],[HEDEF]]>1,1,LOOKUP(Tablo2[[#This Row],[ANALIZ]],{-1000000,-0.15,-0.1,-0.05,0,0.05,0.1,0.15,0.2;-4,-3,-2,-1,0,1,2,3,4}))) -> 1 | K68: =IF(Tablo2[[#This Row],[MALİYET]]<1,"TUT",IF(Tablo2[[#This Row],[HEDEF]]>2,"SAT",IFERROR(INDEX($AA$6:$AC$14,MATCH(Tablo2[[#This Row],[DATA]],$AC$6:$AC$14,0),1),""))) -> SAT | L68: =IF(Tablo2[[#This Row],[DURUM]]="SAT",Tablo2[[#This Row],[ADET]]*0.5,ROUND(-IFERROR(INDEX($AA$6:$AD$14,MATCH(Tablo2[[#This Row],[DATA]],$AC$6:$AC$14,0),4),"")*Tablo2[[#This Row],[ADET]],0)) -> 950 | M68: =IF(Tablo2[[#This Row],[DURUM]]="SAT",IF(Tablo2[[#This Row],[MALİYET]]<Tablo2[[#This Row],[FİYAT]],Tablo2[[#This Row],[FİYAT]],Tablo2[[#This Row],[MALİYET]])*1.1,IF(Tablo2[[#This Row],[DATA]]=0,"",IFERROR((1+INDEX($AA$6:$AD$14,MATCH(Tablo2[[#This Row],[DATA]],$AC$6:$AC$14,0),2))*IF(Tablo2[[#This Row],[DATA]]<0,Tablo2[[#This Row],[MALİYET]],Tablo2[[#This Row],[FİYAT]]),0))) -> 16.852 | N68: 1
B69: YEOTK | C69: =YEOTK!$C$1 -> 50 | D69: =YEOTK!$F$1 -> 188.42064 | E69: 213.8 | F69: =E69*C69 -> 10690 | G69: =YEOTK!$G$1 -> 1268.968 | H69: =IFERROR(Tablo2[[#This Row],[FİYAT]]/Tablo2[[#This Row],[MALİYET]]-1,"") -> 0.13469522 | I69: =+YEOTK!$K$2/YEOTK!$J$2 -> 0.32861974 | J69: =IF(Tablo2[[#This Row],[MALİYET]]<1,6,IF(Tablo2[[#This Row],[HEDEF]]>1,1,LOOKUP(Tablo2[[#This Row],[ANALIZ]],{-1000000,-0.15,-0.1,-0.05,0,0.05,0.1,0.15,0.2;-4,-3,-2,-1,0,1,2,3,4}))) -> 2 | K69: =IF(Tablo2[[#This Row],[MALİYET]]<1,"TUT",IF(Tablo2[[#This Row],[HEDEF]]>2,"SAT",IFERROR(INDEX($AA$6:$AC$14,MATCH(Tablo2[[#This Row],[DATA]],$AC$6:$AC$14,0),1),""))) -> SAT-2 | L69: =IF(Tablo2[[#This Row],[DURUM]]="SAT",Tablo2[[#This Row],[ADET]]*0.5,ROUND(-IFERROR(INDEX($AA$6:$AD$14,MATCH(Tablo2[[#This Row],[DATA]],$AC$6:$AC$14,0),4),"")*Tablo2[[#This Row],[ADET]],0)) -> -8 | M69: =IF(Tablo2[[#This Row],[DURUM]]="SAT",IF(Tablo2[[#This Row],[MALİYET]]<Tablo2[[#This Row],[FİYAT]],Tablo2[[#This Row],[FİYAT]],Tablo2[[#This Row],[MALİYET]])*1.1,IF(Tablo2[[#This Row],[DATA]]=0,"",IFERROR((1+INDEX($AA$6:$AD$14,MATCH(Tablo2[[#This Row],[DATA]],$AC$6:$AC$14,0),2))*IF(Tablo2[[#This Row],[DATA]]<0,Tablo2[[#This Row],[MALİYET]],Tablo2[[#This Row],[FİYAT]]),0))) -> 235.18 | N69: 1000
B70: YKBNK | C70: =YKBNK!$C$1 -> 300 | D70: =YKBNK!$F$1 -> 25.122237 | E70: 30.58 | F70: =E70*C70 -> 9174 | G70: =YKBNK!$G$1 -> 1637.329 | H70: =IFERROR(Tablo2[[#This Row],[FİYAT]]/Tablo2[[#This Row],[MALİYET]]-1,"") -> 0.2172483 | I70: =+YKBNK!$K$2/YKBNK!$J$2 -> 282.0166 | J70: =IF(Tablo2[[#This Row],[MALİYET]]<1,6,IF(Tablo2[[#This Row],[HEDEF]]>1,1,LOOKUP(Tablo2[[#This Row],[ANALIZ]],{-1000000,-0.15,-0.1,-0.05,0,0.05,0.1,0.15,0.2;-4,-3,-2,-1,0,1,2,3,4}))) -> 1 | K70: =IF(Tablo2[[#This Row],[MALİYET]]<1,"TUT",IF(Tablo2[[#This Row],[HEDEF]]>2,"SAT",IFERROR(INDEX($AA$6:$AC$14,MATCH(Tablo2[[#This Row],[DATA]],$AC$6:$AC$14,0),1),""))) -> SAT | L70: =IF(Tablo2[[#This Row],[DURUM]]="SAT",Tablo2[[#This Row],[ADET]]*0.5,ROUND(-IFERROR(INDEX($AA$6:$AD$14,MATCH(Tablo2[[#This Row],[DATA]],$AC$6:$AC$14,0),4),"")*Tablo2[[#This Row],[ADET]],0)) -> 150 | M70: =IF(Tablo2[[#This Row],[DURUM]]="SAT",IF(Tablo2[[#This Row],[MALİYET]]<Tablo2[[#This Row],[FİYAT]],Tablo2[[#This Row],[FİYAT]],Tablo2[[#This Row],[MALİYET]])*1.1,IF(Tablo2[[#This Row],[DATA]]=0,"",IFERROR((1+INDEX($AA$6:$AD$14,MATCH(Tablo2[[#This Row],[DATA]],$AC$6:$AC$14,0),2))*IF(Tablo2[[#This Row],[DATA]]<0,Tablo2[[#This Row],[MALİYET]],Tablo2[[#This Row],[FİYAT]]),0))) -> 33.638 | N70: 1
B71: FONERIA | C71: 1 | D71: 7024.94 | E71: 16890 | F71: =E71*C71 -> 16890 | G71: =+Tablo2[[#This Row],[GÜNCEL TUTAT]]-Tablo2[[#This Row],[MALİYET]] -> 9865.06 | H71: =IFERROR(Tablo2[[#This Row],[FİYAT]]/Tablo2[[#This Row],[MALİYET]]-1,"") -> 1.404291 | J71: =IF(Tablo2[[#This Row],[MALİYET]]<1,6,IF(Tablo2[[#This Row],[HEDEF]]>1,1,LOOKUP(Tablo2[[#This Row],[ANALIZ]],{-1000000,-0.15,-0.1,-0.05,0,0.05,0.1,0.15,0.2;-4,-3,-2,-1,0,1,2,3,4}))) -> 4 | K71: =IF(Tablo2[[#This Row],[MALİYET]]<1,"TUT",IF(Tablo2[[#This Row],[HEDEF]]>2,"SAT",IFERROR(INDEX($AA$6:$AC$14,MATCH(Tablo2[[#This Row],[DATA]],$AC$6:$AC$14,0),1),""))) -> SAT-4

Sheet ADESE
B1: ANA SAYFA | C1: =SUMIF(Tablo165[KAR],"Açık",Tablo165[ADET]) -> 4200 | D1: =+İcmal!E3 -> 2.33 | E1: =C1*D1 -> 9786 | F1: =IFERROR(((SUM(Tablo165[ALIŞ TUTAR])-SUM(Tablo165[SATIŞ TUTAR]))/C1),"") -> 2.6280952 | G1: =IF(M3=0,L3,C1*(D1-F1)) -> -1252 | J1: HEDEF | K1: YATIRIM | L1: KALAN
B2: ADESE | J2: =SUMIFS(Tablo2[HEDEF2],Tablo2[HİSSE],B2) -> 500 | K2: =+E1/İcmal!$P$2 -> 300.83 | L2: =+J2-K2 -> 199.17
B3: TARİH | C3: ADET | D3: ALIŞ | E3: SATIŞ | F3: KAR | G3: ALIŞ TUTAR | H3: SATIŞ TUTAR | L3: =SUM(Tablo165[KAR]) -> 20 | M3: =C1 -> 4200
B4: 45366 | C4: 1000 | D4: 2.8 | F4: =IF(Tablo165[[#This Row],[SATIŞ]]=0,"Açık",(E4-D4)*C4) -> Açık | G4: =Tablo165[[#This Row],[ADET]]*Tablo165[[#This Row],[ALIŞ]] -> 2800 | H4: =Tablo165[[#This Row],[ADET]]*Tablo165[[#This Row],[SATIŞ]] -> 0 | J4: =IF(E4=0,D4*1.05,"") -> 2.94
B5: 45369 | C5: 1000 | D5: 2.7 | F5: =IF(Tablo165[[#This Row],[SATIŞ]]=0,"Açık",(E5-D5)*C5) -> Açık | G5: =Tablo165[[#This Row],[ADET]]*Tablo165[[#This Row],[ALIŞ]] -> 2700 | H5: =Tablo165[[#This Row],[ADET]]*Tablo165[[#This Row],[SATIŞ]] -> 0 | J5: =IF(E5=0,D5*1.05,"") -> 2.835
B6: 45371 | C6: 100 | D6: 2.63 | F6: =IF(Tablo165[[#This Row],[SATIŞ]]=0,"Açık",(E6-D6)*C6) -> Açık | G6: =Tablo165[[#This Row],[ADET]]*Tablo165[[#This Row],[ALIŞ]] -> 263 | H6: =Tablo165[[#This Row],[ADET]]*Tablo165[[#This Row],[SATIŞ]] -> 0 | J6: =IF(E6=0,D6*1.05,"") -> 2.7615
B7: 45371 | C7: 200 | D7: 2.61 | F7: =IF(Tablo165[[#This Row],[SATIŞ]]=0,"Açık",(E7-D7)*C7) -> Açık | G7: =Tablo165[[#This Row],[ADET]]*Tablo165[[#This Row],[ALIŞ]] -> 522 | H7: =Tablo165[[#This Row],[ADET]]*Tablo165[[#This Row],[SATIŞ]] -> 0 | J7: =IF(E7=0,D7*1.05,"") -> 2.7405
B8: 45371 | C8: 200 | D8: 2.59 | F8: =IF(Tablo165[[#This Row],[SATIŞ]]=0,"Açık",(E8-D8)*C8) -> Açık | G8: =Tablo165[[#This Row],[ADET]]*Tablo165[[#This Row],[ALIŞ]] -> 518 | H8: =Tablo165[[#This Row],[ADET]]*Tablo165[[#This Row],[SATIŞ]] -> 0 | J8: =IF(E8=0,D8*1.05,"") -> 2.7195
B9: 45371 | C9: 200 | D9: 2.57 | F9: =IF(Tablo165[[#This Row],[SATIŞ]]=0,"Açık",(E9-D9)*C9) -> Açık | G9: =Tablo165[[#This Row],[ADET]]*Tablo165[[#This Row],[ALIŞ]] -> 514 | H9: =Tablo165[[#This Row],[ADET]]*Tablo165[[#This Row],[SATIŞ]] -> 0 | J9: =IF(E9=0,D9*1.05,"") -> 2.6985
B10: 45371 | C10: 100 | D10: 2.58 | F10: =IF(Tablo165[[#This Row],[SATIŞ]]=0,"Açık",(E10-D10)*C10) -> Açık | G10: =Tablo165[[#This Row],[ADET]]*Tablo165[[#This Row],[ALIŞ]] -> 258 | H10: =Tablo165[[#This Row],[ADET]]*Tablo165[[#This Row],[SATIŞ]] -> 0 | J10: =IF(E10=0,D10*1.05,"") -> 2.709
B11: 45371 | C11: 100 | D11: 2.55 | E11: 2.57 | F11: =IF(Tablo165[[#This Row],[SATIŞ]]=0,"Açık",(E11-D11)*C11) -> 2 | G11: =Tablo165[[#This Row],[ADET]]*Tablo165[[#This Row],[ALIŞ]] -> 255 | H11: =Tablo165[[#This Row],[ADET]]*Tablo165[[#This Row],[SATIŞ]] -> 257 | J11: =IF(E11=0,D11*1.05,"")
B12: 45371 | C12: 400 | D12: 2.55 | F12: =IF(Tablo165[[#This Row],[SATIŞ]]=0,"Açık",(E12-D12)*C12) -> Açık | G12: =Tablo165[[#This Row],[ADET]]*Tablo165[[#This Row],[ALIŞ]] -> 1020 | H12: =Tablo165[[#This Row],[ADET]]*Tablo165[[#This Row],[SATIŞ]] -> 0 | J12: =IF(E12=0,D12*1.05,"") -> 2.6775
B13: 45372 | C13: 100 | D13: 2.52 | F13: =IF(Tablo165[[#This Row],[SATIŞ]]=0,"Açık",(E13-D13)*C13) -> Açık | G13: =Tablo165[[#This Row],[ADET]]*Tablo165[[#This Row],[ALIŞ]] -> 252 | H13: =Tablo165[[#This Row],[ADET]]*Tablo165[[#This Row],[SATIŞ]] -> 0 | J13: =IF(E13=0,D13*1.05,"") -> 2.646
B14: 45372 | C14: 100 | D14: 2.51 | F14: =IF(Tablo165[[#This Row],[SATIŞ]]=0,"Açık",(E14-D14)*C14) -> Açık | G14: =Tablo165[[#This Row],[ADET]]*Tablo165[[#This Row],[ALIŞ]] -> 251 | H14: =Tablo165[[#This Row],[ADET]]*Tablo165[[#This Row],[SATIŞ]] -> 0 | J14: =IF(E14=0,D14*1.05,"") -> 2.6355
B15: 45372 | C15: 100 | D15: 2.5 | F15: =IF(Tablo165[[#This Row],[SATIŞ]]=0,"Açık",(E15-D15)*C15) -> Açık | G15: =Tablo165[[#This Row],[ADET]]*Tablo165[[#This Row],[ALIŞ]] -> 250 | H15: =Tablo165[[#This Row],[ADET]]*Tablo165[[#This Row],[SATIŞ]] -> 0 | J15: =IF(E15=0,D15*1.05,"") -> 2.625
B16: 45372 | C16: 100 | D16: 2.49 | F16: =IF(Tablo165[[#This Row],[SATIŞ]]=0,"Açık",(E16-D16)*C16) -> Açık | G16: =Tablo165[[#This Row],[ADET]]*Tablo165[[#This Row],[ALIŞ]] -> 249 | H16: =Tablo165[[#This Row],[ADET]]*Tablo165[[#This Row],[SATIŞ]] -> 0 | J16: =IF(E16=0,D16*1.05,"") -> 2.6145
B17: 45372 | C17: 100 | D17: 2.48 | F17: =IF(Tablo165[[#This Row],[SATIŞ]]=0,"Açık",(E17-D17)*C17) -> Açık | G17: =Tablo165[[#This Row],[ADET]]*Tablo165[[#This Row],[ALIŞ]] -> 248 | H17: =Tablo165[[#This Row],[ADET]]*Tablo165[[#This Row],[SATIŞ]] -> 0 | J17: =IF(E17=0,D17*1.05,"") -> 2.604
B18: 45372 | C18: 100 | D18: 2.47 | F18: =IF(Tablo165[[#This Row],[SATIŞ]]=0,"Açık",(E18-D18)*C18) -> Açık | G18: =Tablo165[[#This Row],[ADET]]*Tablo165[[#This Row],[ALIŞ]] -> 247 | H18: =Tablo165[[#This Row],[ADET]]*Tablo165[[#This Row],[SATIŞ]] -> 0 | J18: =IF(E18=0,D18*1.05,"") -> 2.5935
B19: 45373 | C19: 100 | D19: 2.43 | F19: =IF(Tablo165[[#This Row],[SATIŞ]]=0,"Açık",(E19-D19)*C19) -> Açık | G19: =Tablo165[[#This Row],[ADET]]*Tablo165[[#This Row],[ALIŞ]] -> 243 | H19: =Tablo165[[#This Row],[ADET]]*Tablo165[[#This Row],[SATIŞ]] -> 0 | J19: =IF(E19=0,D19*1.05,"") -> 2.5515
B20: 45373 | C20: 100 | D20: 2.42 | F20: =IF(Tablo165[[#This Row],[SATIŞ]]=0,"Açık",(E20-D20)*C20) -> Açık | G20: =Tablo165[[#This Row],[ADET]]*Tablo165[[#This Row],[ALIŞ]] -> 242 | H20: =Tablo165[[#This Row],[ADET]]*Tablo165[[#This Row],[SATIŞ]] -> 0 | J20: =IF(E20=0,D20*1.05,"") -> 2.541
B21: 45373 | C21: 100 | D21: 2.41 | F21: =IF(Tablo165[[#This Row],[SATIŞ]]=0,"Açık",(E21-D21)*C21) -> Açık | G21: =Tablo165[[#This Row],[ADET]]*Tablo165[[#This Row],[ALIŞ]] -> 241 | H21: =Tablo165[[#This Row],[ADET]]*Tablo165[[#This Row],[SATIŞ]] -> 0 | J21: =IF(E21=0,D21*1.05,"") -> 2.5305
B22: 45373 | C22: 100 | D22: 2.4 | F22: =IF(Tablo165[[#This Row],[SATIŞ]]=0,"Açık",(E22-D22)*C22) -> Açık | G22: =Tablo165[[#This Row],[ADET]]*Tablo165[[#This Row],[ALIŞ]] -> 240 | H22: =Tablo165[[#This Row],[ADET]]*Tablo165[[#This Row],[SATIŞ]] -> 0 | J22: =IF(E22=0,D22*1.05,"") -> 2.52
B23: 45373 | C23: 100 | D23: 2.39 | E23: 2.4 | F23: =IF(Tablo165[[#This Row],[SATIŞ]]=0,"Açık",(E23-D23)*C23) -> 1 | G23: =Tablo165[[#This Row],[ADET]]*Tablo165[[#This Row],[ALIŞ]] -> 239 | H23: =Tablo165[[#This Row],[ADET]]*Tablo165[[#This Row],[SATIŞ]] -> 240 | J23: =IF(E23=0,D23*1.05,"")
B24: 45377 | C24: 100 | D24: 2.28 | E24: 2.3 | F24: =IF(Tablo165[[#This Row],[SATIŞ]]=0,"Açık",(E24-D24)*C24) -> 2 | G24: =Tablo165[[#This Row],[ADET]]*Tablo165[[#This Row],[ALIŞ]] -> 228 | H24: =Tablo165[[#This Row],[ADET]]*Tablo165[[#This Row],[SATIŞ]] -> 230 | J24: =IF(E24=0,D24*1.05,"")
B25: 45377 | C25: 100 | D25: 2.25 | E25: 2.3 | F25: =IF(Tablo165[[#This Row],[SATIŞ]]=0,"Açık",(E25-D25)*C25) -> 5 | G25: =Tablo165[[#This Row],[ADET]]*Tablo165[[#This Row],[ALIŞ]] -> 225 | H25: =Tablo165[[#This Row],[ADET]]*Tablo165[[#This Row],[SATIŞ]] -> 230 | J25: =IF(E25=0,D25*1.05,"")
B26: 45383 | C26: 100 | D26: 2.2 | E26: 2.25 | F26: =IF(Tablo165[[#This Row],[SATIŞ]]=0,"Açık",(E26-D26)*C26) -> 5 | G26: =Tablo165[[#This Row],[ADET]]*Tablo165[[#This Row],[ALIŞ]] -> 220 | H26: =Tablo165[[#This Row],[ADET]]*Tablo165[[#This Row],[SATIŞ]] -> 225 | J26: =IF(E26=0,D26*1.05,"")
B27: 45384 | C27: 100 | D27: 2.15 | E27: 2.2 | F27: =IF(Tablo165[[#This Row],[SATIŞ]]=0,"Açık",(E27-D27)*C27) -> 5 | G27: =Tablo165[[#This Row],[ADET]]*Tablo165[[#This Row],[ALIŞ]] -> 215 | H27: =Tablo165[[#This Row],[ADET]]*Tablo165[[#This Row],[SATIŞ]] -> 220 | J27: =IF(E27=0,D27*1.05,"")
F28: =IF(Tablo165[[#This Row],[SATIŞ]]=0,"Açık",(E28-D28)*C28) -> Açık | G28: =Tablo165[[#This Row],[ADET]]*Tablo165[[#This Row],[ALIŞ]] -> 0 | H28: =Tablo165[[#This Row],[ADET]]*Tablo165[[#This Row],[SATIŞ]] -> 0 | J28: =IF(E28=0,D28*1.05,"") -> 0
F29: =IF(Tablo165[[#This Row],[SATIŞ]]=0,"Açık",(E29-D29)*C29) -> Açık | G29: =Tablo165[[#This Row],[ADET]]*Tablo165[[#This Row],[ALIŞ]] -> 0 | H29: =Tablo165[[#This Row],[ADET]]*Tablo165[[#This Row],[SATIŞ]] -> 0 | J29: =IF(E29=0,D29*1.05,"") -> 0
F30: =IF(Tablo165[[#This Row],[SATIŞ]]=0,"Açık",(E30-D30)*C30) -> Açık | G30: =Tablo165[[#This Row],[ADET]]*Tablo165[[#This Row],[ALIŞ]] -> 0 | H30: =Tablo165[[#This Row],[ADET]]*Tablo165[[#This Row],[SATIŞ]] -> 0 | J30: =IF(E30=0,D30*1.05,"") -> 0
F31: =IF(Tablo165[[#This Row],[SATIŞ]]=0,"Açık",(E31-D31)*C31) -> Açık | G31: =Tablo165[[#This Row],[ADET]]*Tablo165[[#This Row],[ALIŞ]] -> 0 | H31: =Tablo165[[#This Row],[ADET]]*Tablo165[[#This Row],[SATIŞ]] -> 0 | J31: =IF(E31=0,D31*1.05,"") -> 0
F32: =IF(Tablo165[[#This Row],[SATIŞ]]=0,"Açık",(E32-D32)*C32) -> Açık | G32: =Tablo165[[#This Row],[ADET]]*Tablo165[[#This Row],[ALIŞ]] -> 0 | H32: =Tablo165[[#This Row],[ADET]]*Tablo165[[#This Row],[SATIŞ]] -> 0 | J32: =IF(E32=0,D32*1.05,"") -> 0
F33: =IF(Tablo165[[#This Row],[SATIŞ]]=0,"Açık",(E33-D33)*C33) -> Açık | G33: =Tablo165[[#This Row],[ADET]]*Tablo165[[#This Row],[ALIŞ]] -> 0 | H33: =Tablo165[[#This Row],[ADET]]*Tablo165[[#This Row],[SATIŞ]] -> 0 | J33: =IF(E33=0,D33*1.05,"") -> 0
F34: =IF(Tablo165[[#This Row],[SATIŞ]]=0,"Açık",(E34-D34)*C34) -> Açık | G34: =Tablo165[[#This Row],[ADET]]*Tablo165[[#This Row],[ALIŞ]] -> 0 | H34: =Tablo165[[#This Row],[ADET]]*Tablo165[[#This Row],[SATIŞ]] -> 0 | J34: =IF(E34=0,D34*1.05,"") -> 0
F35: =IF(Tablo165[[#This Row],[SATIŞ]]=0,"Açık",(E35-D35)*C35) -> Açık | G35: =Tablo165[[#This Row],[ADET]]*Tablo165[[#This Row],[ALIŞ]] -> 0 | H35: =Tablo165[[#This Row],[ADET]]*Tablo165[[#This Row],[SATIŞ]] -> 0 | J35: =IF(E35=0,D35*1.05,"") -> 0
F36: =IF(Tablo165[[#This Row],[SATIŞ]]=0,"Açık",(E36-D36)*C36) -> Açık | G36: =Tablo165[[#This Row],[ADET]]*Tablo165[[#This Row],[ALIŞ]] -> 0 | H36: =Tablo165[[#This Row],[ADET]]*Tablo165[[#This Row],[SATIŞ]] -> 0 | J36: =IF(E36=0,D36*1.05,"") -> 0
F37: =IF(Tablo165[[#This Row],[SATIŞ]]=0,"Açık",(E37-D37)*C37) -> Açık | G37: =Tablo165[[#This Row],[ADET]]*Tablo165[[#This Row],[ALIŞ]] -> 0 | H37: =Tablo165[[#This Row],[ADET]]*Tablo165[[#This Row],[SATIŞ]] -> 0

Sheet AKBNK
B1: ANA SAYFA | C1: =SUMIF(Tablo1[KAR],"Açık",Tablo1[ADET]) -> 0 | D1: =+İcmal!E4 -> 56.05 | E1: =C1*D1 -> 0 | F1: =IFERROR(((SUM(Tablo1[ALIŞ TUTAR])-SUM(Tablo1[SATIŞ TUTAR]))/C1),"") | G1: =IF(M3=0,L3,C1*(D1-F1)) -> 3643.7905 | J1: HEDEF | K1: YATIRIM | L1: KALAN | M1: =F1 | N1: =M1*(1+$J$1) -> #VALUE! | P1: =Q1*(1-$J$1) -> #VALUE! | Q1: =+D1 -> 56.05 | R1: =Q1*(1+$J$1) -> #VALUE!
B2: AKBNK | J2: =SUMIFS(Tablo2[HEDEF2],Tablo2[HİSSE],B2) -> 1000 | K2: =+E1/İcmal!$P$2 -> 0 | L2: =+J2-K2 -> 1000
B3: TARİH | C3: ADET | D3: ALIŞ | E3: SATIŞ | F3: KAR | G3: ALIŞ TUTAR | H3: SATIŞ TUTAR | L3: =SUM(Tablo1[KAR]) -> 3643.7905 | M3: =C1 -> 0
B4: 45291 | C4: 950 | D4: 16.94244 | E4: 16.80143 | F4: =IF(Tablo1[[#This Row],[SATIŞ]]=0,"Açık",(E4-D4)*C4) -> -133.9595 | G4: =Tablo1[[#This Row],[ADET]]*Tablo1[[#This Row],[ALIŞ]] -> 16095.318 | H4: =Tablo1[[#This Row],[ADET]]*Tablo1[[#This Row],[SATIŞ]] -> 15961.359
B5: 45329 | C5: 10 | D5: 41 | E5: 41.2 | F5: =IF(Tablo1[[#This Row],[SATIŞ]]=0,"Açık",(E5-D5)*C5) -> 2 | G5: =Tablo1[[#This Row],[ADET]]*Tablo1[[#This Row],[ALIŞ]] -> 410 | H5: =Tablo1[[#This Row],[ADET]]*Tablo1[[#This Row],[SATIŞ]] -> 412
B6: 45329 | C6: 15 | D6: 40.9 | E6: 41.2 | F6: =IF(Tablo1[[#This Row],[SATIŞ]]=0,"Açık",(E6-D6)*C6) -> 4.5 | G6: =Tablo1[[#This Row],[ADET]]*Tablo1[[#This Row],[ALIŞ]] -> 613.5 | H6: =Tablo1[[#This Row],[ADET]]*Tablo1[[#This Row],[SATIŞ]] -> 618
B7: 45329 | C7: 20 | D7: 40.9 | E7: 41.7 | F7: =IF(Tablo1[[#This Row],[SATIŞ]]=0,"Açık",(E7-D7)*C7) -> 16 | G7: =Tablo1[[#This Row],[ADET]]*Tablo1[[#This Row],[ALIŞ]] -> 818 | H7: =Tablo1[[#This Row],[ADET]]*Tablo1[[#This Row],[SATIŞ]] -> 834
B8: 45329 | C8: 20 | D8: 41.1 | E8: 41.7 | F8: =IF(Tablo1[[#This Row],[SATIŞ]]=0,"Açık",(E8-D8)*C8) -> 12 | G8: =Tablo1[[#This Row],[ADET]]*Tablo1[[#This Row],[ALIŞ]] -> 822 | H8: =Tablo1[[#This Row],[ADET]]*Tablo1[[#This Row],[SATIŞ]] -> 834
B9: 45329 | C9: 30 | D9: 41 | E9: 42.3 | F9: =IF(Tablo1[[#This Row],[SATIŞ]]=0,"Açık",(E9-D9)*C9) -> 39 | G9: =Tablo1[[#This Row],[ADET]]*Tablo1[[#This Row],[ALIŞ]] -> 1230 | H9: =Tablo1[[#This Row],[ADET]]*Tablo1[[#This Row],[SATIŞ]] -> 1269
B10: 45329 | C10: 20 | D10: 40.8 | E10: 42.3 | F10: =IF(Tablo1[[#This Row],[SATIŞ]]=0,"Açık",(E10-D10)*C10) -> 30 | G10: =Tablo1[[#This Row],[ADET]]*Tablo1[[#This Row],[ALIŞ]] -> 816 | H10: =Tablo1[[#This Row],[ADET]]*Tablo1[[#This Row],[SATIŞ]] -> 846
B11: 45329 | C11: 25 | D11: 40.5 | E11: 42.3 | F11: =IF(Tablo1[[#This Row],[SATIŞ]]=0,"Açık",(E11-D11)*C11) -> 45 | G11: =Tablo1[[#This Row],[ADET]]*Tablo1[[#This Row],[ALIŞ]] -> 1012.5 | H11: =Tablo1[[#This Row],[ADET]]*Tablo1[[#This Row],[SATIŞ]] -> 1057.5 | J11: =+Tablo1[[#This Row],[ALIŞ]]*1.02 -> 41.31
B12: 45329 | C12: 75 | D12: 40.5 | E12: 42.1 | F12: =IF(Tablo1[[#This Row],[SATIŞ]]=0,"Açık",(E12-D12)*C12) -> 120 | G12: =Tablo1[[#This Row],[ADET]]*Tablo1[[#This Row],[ALIŞ]] -> 3037.5 | H12: =Tablo1[[#This Row],[ADET]]*Tablo1[[#This Row],[SATIŞ]] -> 3157.5
B13: 45331 | C13: 15 | D13: 40 | E13: 41.2 | F13: =IF(Tablo1[[#This Row],[SATIŞ]]=0,"Açık",(E13-D13)*C13) -> 18 | G13: =Tablo1[[#This Row],[ADET]]*Tablo1[[#This Row],[ALIŞ]] -> 600 | H13: =Tablo1[[#This Row],[ADET]]*Tablo1[[#This Row],[SATIŞ]] -> 618
B14: 45331 | C14: 25 | D14: 40 | E14: 40.99 | F14: =IF(Tablo1[[#This Row],[SATIŞ]]=0,"Açık",(E14-D14)*C14) -> 24.75 | G14: =Tablo1[[#This Row],[ADET]]*Tablo1[[#This Row],[ALIŞ]] -> 1000 | H14: =Tablo1[[#This Row],[ADET]]*Tablo1[[#This Row],[SATIŞ]] -> 1024.75
B15: 45334 | C15: 25 | D15: 40.5 | E15: 41 | F15: =IF(Tablo1[[#This Row],[SATIŞ]]=0,"Açık",(E15-D15)*C15) -> 12.5 | G15: =Tablo1[[#This Row],[ADET]]*Tablo1[[#This Row],[ALIŞ]] -> 1012.5 | H15: =Tablo1[[#This Row],[ADET]]*Tablo1[[#This Row],[SATIŞ]] -> 1025
B16: 45334 | C16: 25 | D16: 40.5 | E16: 40.62 | F16: =IF(Tablo1[[#This Row],[SATIŞ]]=0,"Açık",(E16-D16)*C16) -> 3 | G16: =Tablo1[[#This Row],[ADET]]*Tablo1[[#This Row],[ALIŞ]] -> 1012.5 | H16: =Tablo1[[#This Row],[ADET]]*Tablo1[[#This Row],[SATIŞ]] -> 1015.5
B17: 45334 | C17: 35 | D17: 40.5 | E17: 41.7 | F17: =IF(Tablo1[[#This Row],[SATIŞ]]=0,"Açık",(E17-D17)*C17) -> 42 | G17: =Tablo1[[#This Row],[ADET]]*Tablo1[[#This Row],[ALIŞ]] -> 1417.5 | H17: =Tablo1[[#This Row],[ADET]]*Tablo1[[#This Row],[SATIŞ]] -> 1459.5
B18: 45336 | C18: 25 | D18: 40 | E18: 42.1 | F18: =IF(Tablo1[[#This Row],[SATIŞ]]=0,"Açık",(E18-D18)*C18) -> 52.5 | G18: =Tablo1[[#This Row],[ADET]]*Tablo1[[#This Row],[ALIŞ]] -> 1000 | H18: =Tablo1[[#This Row],[ADET]]*Tablo1[[#This Row],[SATIŞ]] -> 1052.5
B19: 45336 | C19: 25 | D19: 40 | E19: 42.5 | F19: =IF(Tablo1[[#This Row],[SATIŞ]]=0,"Açık",(E19-D19)*C19) -> 62.5 | G19: =Tablo1[[#This Row],[ADET]]*Tablo1[[#This Row],[ALIŞ]] -> 1000 | H19: =Tablo1[[#This Row],[ADET]]*Tablo1[[#This Row],[SATIŞ]] -> 1062.5
B20: 45337 | C20: 50 | D20: 42 | E20: 43 | F20: =IF(Tablo1[[#This Row],[SATIŞ]]=0,"Açık",(E20-D20)*C20) -> 50 | G20: =Tablo1[[#This Row],[ADET]]*Tablo1[[#This Row],[ALIŞ]] -> 2100 | H20: =Tablo1[[#This Row],[ADET]]*Tablo1[[#This Row],[SATIŞ]] -> 2150
B21: 45337 | C21: 75 | D21: 42 | E21: 42.02 | F21: =IF(Tablo1[[#This Row],[SATIŞ]]=0,"Açık",(E21-D21)*C21) -> 1.5 | G21: =Tablo1[[#This Row],[ADET]]*Tablo1[[#This Row],[ALIŞ]] -> 3150 | H21: =Tablo1[[#This Row],[ADET]]*Tablo1[[#This Row],[SATIŞ]] -> 3151.5
B22: 45338 | C22: 75 | D22: 41.5 | E22: 42.3 | F22: =IF(Tablo1[[#This Row],[SATIŞ]]=0,"Açık",(E22-D22)*C22) -> 60 | G22: =Tablo1[[#This Row],[ADET]]*Tablo1[[#This Row],[ALIŞ]] -> 3112.5 | H22: =Tablo1[[#This Row],[ADET]]*Tablo1[[#This Row],[SATIŞ]] -> 3172.5
B23: 45341 | C23: 50 | D23: 42.5 | E23: 42.3 | F23: =IF(Tablo1[[#This Row],[SATIŞ]]=0,"Açık",(E23-D23)*C23) -> -10 | G23: =Tablo1[[#This Row],[ADET]]*Tablo1[[#This Row],[ALIŞ]] -> 2125 | H23: =Tablo1[[#This Row],[ADET]]*Tablo1[[#This Row],[SATIŞ]] -> 2115
... B33: 45356 | C33: 50 | D33: 38.8 | E33: 39.5 | F33: =IF(Tablo1[[#This Row],[SATIŞ]]=0,"Açık",(E33-D33)*C33) -> 35 | G33: =Tablo1[[#This Row],[ADET]]*Tablo1[[#This Row],[ALIŞ]] -> 1940 | H33: =Tablo1[[#This Row],[ADET]]*Tablo1[[#This Row],[SATIŞ]] -> 1975
B34: 45362 | C34: 100 | D34: 44 | E34: 46 | F34: =IF(Tablo1[[#This Row],[SATIŞ]]=0,"Açık",(E34-D34)*C34) -> 200 | G34: =Tablo1[[#This Row],[ADET]]*Tablo1[[#This Row],[ALIŞ]] -> 4400 | H34: =Tablo1[[#This Row],[ADET]]*Tablo1[[#This Row],[SATIŞ]] -> 4600 | J34: =IF(E34=0,D34*1.05,"")
B35: 45362 | C35: 100 | D35: 43 | E35: 44 | F35: =IF(Tablo1[[#This Row],[SATIŞ]]=0,"Açık",(E35-D35)*C35) -> 100 | G35: =Tablo1[[#This Row],[ADET]]*Tablo1[[#This Row],[ALIŞ]] -> 4300 | H35: =Tablo1[[#This Row],[ADET]]*Tablo1[[#This Row],[SATIŞ]] -> 4400 | J35: =IF(E35=0,D35*1.05,"")
B36: 45362 | C36: 100 | D36: 43 | E36: 46 | F36: =IF(Tablo1[[#This Row],[SATIŞ]]=0,"Açık",(E36-D36)*C36) -> 300 | G36: =Tablo1[[#This Row],[ADET]]*Tablo1[[#This Row],[ALIŞ]] -> 4300 | H36: =Tablo1[[#This Row],[ADET]]*Tablo1[[#This Row],[SATIŞ]] -> 4600 | J36: =IF(E36=0,D36*1.05,"")
B37: 45364 | C37: 100 | D37: 42 | E37: 44 | F37: =IF(Tablo1[[#This Row],[SATIŞ]]=0,"Açık",(E37-D37)*C37) -> 200 | G37: =Tablo1[[#This Row],[ADET]]*Tablo1[[#This Row],[ALIŞ]] -> 4200 | H37: =Tablo1[[#This Row],[ADET]]*Tablo1[[#This Row],[SATIŞ]] -> 4400 | J37: =IF(E37=0,D37*1.05,"")
B38: 45366 | C38: 100 | D38: 40 | E38: 42 | F38: =IF(Tablo1[[#This Row],[SATIŞ]]=0,"Açık",(E38-D38)*C38) -> 200 | G38: =Tablo1[[#This Row],[ADET]]*Tablo1[[#This Row],[ALIŞ]] -> 4000 | H38: =Tablo1[[#This Row],[ADET]]*Tablo1[[#This Row],[SATIŞ]] -> 4200 | J38: =IF(E38=0,D38*1.05,"")
B39: 45371 | C39: 100 | D39: 41.9 | E39: 43.2 | F39: =IF(Tablo1[[#This Row],[SATIŞ]]=0,"Açık",(E39-D39)*C39) -> 130 | G39: =Tablo1[[#This Row],[ADET]]*Tablo1[[#This Row],[ALIŞ]] -> 4190 | H39: =Tablo1[[#This Row],[ADET]]*Tablo1[[#This Row],[SATIŞ]] -> 4320 | J39: =IF(E39=0,D39*1.05,"")
B40: 45390 | C40: 100 | D40: 55.95 | E40: 58.5 | F40: =IF(Tablo1[[#This Row],[SATIŞ]]=0,"Açık",(E40-D40)*C40) -> 255 | G40: =Tablo1[[#This Row],[ADET]]*Tablo1[[#This Row],[ALIŞ]] -> 5595 | H40: =Tablo1[[#This Row],[ADET]]*Tablo1[[#This Row],[SATIŞ]] -> 5850 | J40: =IF(E40=0,D40*1.05,"")
B41: 45390 | C41: 100 | D41: 55.8 | E41: 59 | F41: =IF(Tablo1[[#This Row],[SATIŞ]]=0,"Açık",(E41-D41)*C41) -> 320 | G41: =Tablo1[[#This Row],[ADET]]*Tablo1[[#This Row],[ALIŞ]] -> 5580 | H41: =Tablo1[[#This Row],[ADET]]*Tablo1[[#This Row],[SATIŞ]] -> 5900 | J41: =IF(E41=0,D41*1.05,"")
B42: 45390 | C42: 200 | D42: 55.6 | E42: 57.5 | F42: =IF(Tablo1[[#This Row],[SATIŞ]]=0,"Açık",(E42-D42)*C42) -> 380 | G42: =Tablo1[[#This Row],[ADET]]*Tablo1[[#This Row],[ALIŞ]] -> 11120 | H42: =Tablo1[[#This Row],[ADET]]*Tablo1[[#This Row],[SATIŞ]] -> 11500 | J42: =IF(E42=0,D42*1.05,"")
B43: 45398 | C43: 100 | D43: 56 | E43: 58 | F43: =IF(Tablo1[[#This Row],[SATIŞ]]=0,"Açık",(E43-D43)*C43) -> 200 | G43: =Tablo1[[#This Row],[ADET]]*Tablo1[[#This Row],[ALIŞ]] -> 5600 | H43: =Tablo1[[#This Row],[ADET]]*Tablo1[[#This Row],[SATIŞ]] -> 5800 | J43: =IF(E43=0,D43*1.05,"")
B44: 45399 | C44: 100 | D44: 57 | E44: 58 | F44: =IF(Tablo1[[#This Row],[SATIŞ]]=0,"Açık",(E44-D44)*C44) -> 100 | G44: =Tablo1[[#This Row],[ADET]]*Tablo1[[#This Row],[ALIŞ]] -> 5700 | H44: =Tablo1[[#This Row],[ADET]]*Tablo1[[#This Row],[SATIŞ]] -> 5800 | J44: =IF(E44=0,D44*1.05,"")
J45: =IF(E45=0,D45*1.05,"") -> 0
J46: =IF(E46=0,D46*1.05,"") -> 0
J47: =IF(E47=0,D47*1.05,"") -> 0

Sheet ALARK
B1: ANA SAYFA | C1: =SUMIF(Tablo14567891011121314151617181920212223242526272829303132333435363738394041424344454647596869[KAR],"Açık",Tablo14567891011121314151617181920212223242526272829303132333435363738394041424344454647596869[ADET]) -> 530 | D1: =+İcmal!E5 -> 114.7 | E1: =C1*D1 -> 60791 | F1: =IFERROR(((SUM(Tablo14567891011121314151617181920212223242526272829303132333435363738394041424344454647596869[ALIŞ TUTAR])-SUM(Tablo14567891011121314151617181920212223242526272829303132333435363738394041424344454647596869[SATIŞ TUTAR]))/C1),"") -> 137.48113 | G1: =IF(M3=0,L3,C1*(D1-F1)) -> -12074 | J1: HEDEF | K1: YATIRIM | L1: KALAN | M1: =F1 -> 137.48113 | N1: =M1*(1+$J$1) -> #VALUE! | P1: =Q1*(1-$J$1) -> #VALUE! | Q1: =+D1 -> 114.7 | R1: =Q1*(1+$J$1) -> #VALUE!
B2: ALARK | J2: =SUMIFS(Tablo2[HEDEF2],Tablo2[HİSSE],B2) -> 1000 | K2: =+E1/İcmal!$P$2 -> 1868.7673 | L2: =+J2-K2 -> -868.76729
B3: TARİH | C3: ADET | D3: ALIŞ | E3: SATIŞ | F3: KAR | G3: ALIŞ TUTAR | H3: SATIŞ TUTAR | L3: =SUM(Tablo14567891011121314151617181920212223242526272829303132333435363738394041424344454647596869[KAR]) -> 49 | M3: =C1 -> 530
B4: 45390 | C4: 100 | D4: 142.5 | F4: =IF(Tablo14567891011121314151617181920212223242526272829303132333435363738394041424344454647596869[[#This Row],[SATIŞ]]=0,"Açık",(E4-D4)*C4) -> Açık | G4: =Tablo14567891011121314151617181920212223242526272829303132333435363738394041424344454647596869[[#This Row],[ADET]]*Tablo14567891011121314151617181920212223242526272829303132333435363738394041424344454647596869[[#This Row],[ALIŞ]] -> 14250 | H4: =Tablo14567891011121314151617181920212223242526272829303132333435363738394041424344454647596869[[#This Row],[ADET]]*Tablo14567891011121314151617181920212223242526272829303132333435363738394041424344454647596869[[#This Row],[SATIŞ]] -> 0 | L4: =SUM(Tablo14567891011121314151617181920212223242526272829303132333435363738394041424344454647596869[ALIŞ TUTAR]) -> 76895 | M4: =SUM(Tablo14567891011121314151617181920212223242526272829303132333435363738394041424344454647596869[SATIŞ TUTAR]) -> 4030 | N4: =L4-M4 -> 72865
B5: 45390 | C5: 100 | D5: 142 | F5: =IF(Tablo14567891011121314151617181920212223242526272829303132333435363738394041424344454647596869[[#This Row],[SATIŞ]]=0,"Açık",(E5-D5)*C5) -> Açık | G5: =Tablo14567891011121314151617181920212223242526272829303132333435363738394041424344454647596869[[#This Row],[ADET]]*Tablo14567891011121314151617181920212223242526272829303132333435363738394041424344454647596869[[#This Row],[ALIŞ]] -> 14200 | H5: =Tablo14567891011121314151617181920212223242526272829303132333435363738394041424344454647596869[[#This Row],[ADET]]*Tablo14567891011121314151617181920212223242526272829303132333435363738394041424344454647596869[[#This Row],[SATIŞ]] -> 0 | N5: =+N4/80 -> 910.8125
B6: 45391 | C6: 100 | D6: 141 | F6: =IF(Tablo14567891011121314151617181920212223242526272829303132333435363738394041424344454647596869[[#This Row],[SATIŞ]]=0,"Açık",(E6-D6)*C6) -> Açık | G6: =Tablo14567891011121314151617181920212223242526272829303132333435363738394041424344454647596869[[#This Row],[ADET]]*Tablo14567891011121314151617181920212223242526272829303132333435363738394041424344454647596869[[#This Row],[ALIŞ]] -> 14100 | H6: =Tablo14567891011121314151617181920212223242526272829303132333435363738394041424344454647596869[[#This Row],[ADET]]*Tablo14567891011121314151617181920212223242526272829303132333435363738394041424344454647596869[[#This Row],[SATIŞ]] -> 0
B7: 45397 | C7: 100 | D7: 140 | F7: =IF(Tablo14567891011121314151617181920212223242526272829303132333435363738394041424344454647596869[[#This Row],[SATIŞ]]=0,"Açık",(E7-D7)*C7) -> Açık | G7: =Tablo14567891011121314151617181920212223242526272829303132333435363738394041424344454647596869[[#This Row],[ADET]]*Tablo14567891011121314151617181920212223242526272829303132333435363738394041424344454647596869[[#This Row],[ALIŞ]] -> 14000 | H7: =Tablo14567891011121314151617181920212223242526272829303132333435363738394041424344454647596869[[#This Row],[ADET]]*Tablo14567891011121314151617181920212223242526272829303132333435363738394041424344454647596869[[#This Row],[SATIŞ]] -> 0 | J7: =IF(E7=0,D7*1.05,"") -> 147
B8: 45398 | C8: 10 | D8: 139.5 | F8: =IF(Tablo14567891011121314151617181920212223242526272829303132333435363738394041424344454647596869[[#This Row],[SATIŞ]]=0,"Açık",(E8-D8)*C8) -> Açık | G8: =Tablo14567891011121314151617181920212223242526272829303132333435363738394041424344454647596869[[#This Row],[ADET]]*Tablo14567891011121314151617181920212223242526272829303132333435363738394041424344454647596869[[#This Row],[ALIŞ]] -> 1395 | H8: =Tablo14567891011121314151617181920212223242526272829303132333435363738394041424344454647596869[[#This Row],[ADET]]*Tablo14567891011121314151617181920212223242526272829303132333435363738394041424344454647596869[[#This Row],[SATIŞ]] -> 0 | J8: =IF(E8=0,D8*1.05,"") -> 146.475
B9: 45398 | C9: 10 | D9: 139 | F9: =IF(Tablo14567891011121314151617181920212223242526272829303132333435363738394041424344454647596869[[#This Row],[SATIŞ]]=0,"Açık",(E9-D9)*C9) -> Açık | G9: =Tablo14567891011121314151617181920212223242526272829303132333435363738394041424344454647596869[[#This Row],[ADET]]*Tablo14567891011121314151617181920212223242526272829303132333435363738394041424344454647596869[[#This Row],[ALIŞ]] -> 1390 | H9: =Tablo14567891011121314151617181920212223242526272829303132333435363738394041424344454647596869[[#This Row],[ADET]]*Tablo14567891011121314151617181920212223242526272829303132333435363738394041424344454647596869[[#This Row],[SATIŞ]] -> 0 | J9: =IF(E9=0,D9*1.05,"") -> 145.95
B10: 45398 | C10: 10 | D10: 138.5 | E10: 140 | F10: =IF(Tablo14567891011121314151617181920212223242526272829303132333435363738394041424344454647596869[[#This Row],[SATIŞ]]=0,"Açık",(E10-D10)*C10) -> 15 | G10: =Tablo14567891011121314151617181920212223242526272829303132333435363738394041424344454647596869[[#This Row],[ADET]]*Tablo14567891011121314151617181920212223242526272829303132333435363738394041424344454647596869[[#This Row],[ALIŞ]] -> 1385 | H10: =Tablo14567891011121314151617181920212223242526272829303132333435363738394041424344454647596869[[#This Row],[ADET]]*Tablo14567891011121314151617181920212223242526272829303132333435363738394041424344454647596869[[#This Row],[SATIŞ]] -> 1400 | J10: =IF(E10=0,D10*1.05,"")
B11: 45400 | C11: 10 | D11: 131 | F11: =IF(Tablo14567891011121314151617181920212223242526272829303132333435363738394041424344454647596869[[#This Row],[SATIŞ]]=0,"Açık",(E11-D11)*C11) -> Açık | G11: =Tablo14567891011121314151617181920212223242526272829303132333435363738394041424344454647596869[[#This Row],[ADET]]*Tablo14567891011121314151617181920212223242526272829303132333435363738394041424344454647596869[[#This Row],[ALIŞ]] -> 1310 | H11: =Tablo14567891011121314151617181920212223242526272829303132333435363738394041424344454647596869[[#This Row],[ADET]]*Tablo14567891011121314151617181920212223242526272829303132333435363738394041424344454647596869[[#This Row],[SATIŞ]] -> 0 | J11: =IF(E11=0,D11*1.05,"") -> 137.55
B12: 45400 | C12: 20 | D12: 130 | F12: =IF(Tablo14567891011121314151617181920212223242526272829303132333435363738394041424344454647596869[[#This Row],[SATIŞ]]=0,"Açık",(E12-D12)*C12) -> Açık | G12: =Tablo14567891011121314151617181920212223242526272829303132333435363738394041424344454647596869[[#This Row],[ADET]]*Tablo14567891011121314151617181920212223242526272829303132333435363738394041424344454647596869[[#This Row],[ALIŞ]] -> 2600 | H12: =Tablo14567891011121314151617181920212223242526272829303132333435363738394041424344454647596869[[#This Row],[ADET]]*Tablo14567891011121314151617181920212223242526272829303132333435363738394041424344454647596869[[#This Row],[SATIŞ]] -> 0 | J12: =IF(E12=0,D12*1.05,"") -> 136.5
B13: 45400 | C13: 10 | D13: 129.8 | E13: 131 | F13: =IF(Tablo14567891011121314151617181920212223242526272829303132333435363738394041424344454647596869[[#This Row],[SATIŞ]]=0,"Açık",(E13-D13)*C13) -> 12 | G13: =Tablo14567891011121314151617181920212223242526272829303132333435363738394041424344454647596869[[#This Row],[ADET]]*Tablo14567891011121314151617181920212223242526272829303132333435363738394041424344454647596869[[#This Row],[ALIŞ]] -> 1298 | H13: =Tablo14567891011121314151617181920212223242526272829303132333435363738394041424344454647596869[[#This Row],[ADET]]*Tablo14567891011121314151617181920212223242526272829303132333435363738394041424344454647596869[[#This Row],[SATIŞ]] -> 1310 | J13: =IF(E13=0,D13*1.05,"")
B14: 45400 | C14: 10 | D14: 129.8 | E14: 132 | F14: =IF(Tablo14567891011121314151617181920212223242526272829303132333435363738394041424344454647596869[[#This Row],[SATIŞ]]=0,"Açık",(E14-D14)*C14) -> 22 | G14: =Tablo14567891011121314151617181920212223242526272829303132333435363738394041424344454647596869[[#This Row],[ADET]]*Tablo14567891011121314151617181920212223242526272829303132333435363738394041424344454647596869[[#This Row],[ALIŞ]] -> 1298 | H14: =Tablo14567891011121314151617181920212223242526272829303132333435363738394041424344454647596869[[#This Row],[ADET]]*Tablo14567891011121314151617181920212223242526272829303132333435363738394041424344454647596869[[#This Row],[SATIŞ]] -> 1320 | J14: =IF(E14=0,D14*1.05,"")
B15: 45400 | C15: 30 | D15: 129.8 | F15: =IF(Tablo14567891011121314151617181920212223242526272829303132333435363738394041424344454647596869[[#This Row],[SATIŞ]]=0,"Açık",(E15-D15)*C15) -> Açık | G15: =Tablo14567891011121314151617181920212223242526272829303132333435363738394041424344454647596869[[#This Row],[ADET]]*Tablo14567891011121314151617181920212223242526272829303132333435363738394041424344454647596869[[#This Row],[ALIŞ]] -> 3894 | H15: =Tablo14567891011121314151617181920212223242526272829303132333435363738394041424344454647596869[[#This Row],[ADET]]*Tablo14567891011121314151617181920212223242526272829303132333435363738394041424344454647596869[[#This Row],[SATIŞ]] -> 0 | J15: =IF(E15=0,D15*1.05,"") -> 136.29
B16: 45404 | C16: 50 | D16: 115.5 | F16: =IF(Tablo14567891011121314151617181920212223242526272829303132333435363738394041424344454647596869[[#This Row],[SATIŞ]]=0,"Açık",(E16-D16)*C16) -> Açık | G16: =Tablo14567891011121314151617181920212223242526272829303132333435363738394041424344454647596869[[#This Row],[ADET]]*Tablo14567891011121314151617181920212223242526272829303132333435363738394041424344454647596869[[#This Row],[ALIŞ]] -> 5775 | H16: =Tablo14567891011121314151617181920212223242526272829303132333435363738394041424344454647596869[[#This Row],[ADET]]*Tablo14567891011121314151617181920212223242526272829303132333435363738394041424344454647596869[[#This Row],[SATIŞ]] -> 0 | J16: =IF(E16=0,D16*1.05,"") -> 121.275
F17: =IF(Tablo14567891011121314151617181920212223242526272829303132333435363738394041424344454647596869[[#This Row],[SATIŞ]]=0,"Açık",(E17-D17)*C17) -> Açık | G17: =Tablo14567891011121314151617181920212223242526272829303132333435363738394041424344454647596869[[#This Row],[ADET]]*Tablo14567891011121314151617181920212223242526272829303132333435363738394041424344454647596869[[#This Row],[ALIŞ]] -> 0 | H17: =Tablo14567891011121314151617181920212223242526272829303132333435363738394041424344454647596869[[#This Row],[ADET]]*Tablo14567891011121314151617181920212223242526272829303132333435363738394041424344454647596869[[#This Row],[SATIŞ]] -> 0 | J17: =IF(E17=0,D17*1.05,"") -> 0
F18: =IF(Tablo14567891011121314151617181920212223242526272829303132333435363738394041424344454647596869[[#This Row],[SATIŞ]]=0,"Açık",(E18-D18)*C18) -> Açık | G18: =Tablo14567891011121314151617181920212223242526272829303132333435363738394041424344454647596869[[#This Row],[ADET]]*Tablo14567891011121314151617181920212223242526272829303132333435363738394041424344454647596869[[#This Row],[ALIŞ]] -> 0 | H18: =Tablo14567891011121314151617181920212223242526272829303132333435363738394041424344454647596869[[#This Row],[ADET]]*Tablo14567891011121314151617181920212223242526272829303132333435363738394041424344454647596869[[#This Row],[SATIŞ]] -> 0 | J18: =IF(E18=0,D18*1.05,"") -> 0
F19: =IF(Tablo14567891011121314151617181920212223242526272829303132333435363738394041424344454647596869[[#This Row],[SATIŞ]]=0,"Açık",(E19-D19)*C19) -> Açık | G19: =Tablo14567891011121314151617181920212223242526272829303132333435363738394041424344454647596869[[#This Row],[ADET]]*Tablo14567891011121314151617181920212223242526272829303132333435363738394041424344454647596869[[#This Row],[ALIŞ]] -> 0 | H19: =Tablo14567891011121314151617181920212223242526272829303132333435363738394041424344454647596869[[#This Row],[ADET]]*Tablo14567891011121314151617181920212223242526272829303132333435363738394041424344454647596869[[#This Row],[SATIŞ]] -> 0 | J19: =IF(E19=0,D19*1.05,"") -> 0
F20: =IF(Tablo14567891011121314151617181920212223242526272829303132333435363738394041424344454647596869[[#This Row],[SATIŞ]]=0,"Açık",(E20-D20)*C20) -> Açık | G20: =Tablo14567891011121314151617181920212223242526272829303132333435363738394041424344454647596869[[#This Row],[ADET]]*Tablo14567891011121314151617181920212223242526272829303132333435363738394041424344454647596869[[#This Row],[ALIŞ]] -> 0 | H20: =Tablo14567891011121314151617181920212223242526272829303132333435363738394041424344454647596869[[#This Row],[ADET]]*Tablo14567891011121314151617181920212223242526272829303132333435363738394041424344454647596869[[#This Row],[SATIŞ]] -> 0 | J20: =IF(E20=0,D20*1.05,"") -> 0
F21: =IF(Tablo14567891011121314151617181920212223242526272829303132333435363738394041424344454647596869[[#This Row],[SATIŞ]]=0,"Açık",(E21-D21)*C21) -> Açık | G21: =Tablo14567891011121314151617181920212223242526272829303132333435363738394041424344454647596869[[#This Row],[ADET]]*Tablo14567891011121314151617181920212223242526272829303132333435363738394041424344454647596869[[#This Row],[ALIŞ]] -> 0 | H21: =Tablo14567891011121314151617181920212223242526272829303132333435363738394041424344454647596869[[#This Row],[ADET]]*Tablo14567891011121314151617181920212223242526272829303132333435363738394041424344454647596869[[#This Row],[SATIŞ]] -> 0 | J21: =IF(E21=0,D21*1.05,"") -> 0
F22: =IF(Tablo14567891011121314151617181920212223242526272829303132333435363738394041424344454647596869[[#This Row],[SATIŞ]]=0,"Açık",(E22-D22)*C22) -> Açık | G22: =Tablo14567891011121314151617181920212223242526272829303132333435363738394041424344454647596869[[#This Row],[ADET]]*Tablo14567891011121314151617181920212223242526272829303132333435363738394041424344454647596869[[#This Row],[ALIŞ]] -> 0 | H22: =Tablo14567891011121314151617181920212223242526272829303132333435363738394041424344454647596869[[#This Row],[ADET]]*Tablo14567891011121314151617181920212223242526272829303132333435363738394041424344454647596869[[#This Row],[SATIŞ]] -> 0 | J22: =IF(E22=0,D22*1.05,"") -> 0
F23: =IF(Tablo14567891011121314151617181920212223242526272829303132333435363738394041424344454647596869[[#This Row],[SATIŞ]]=0,"Açık",(E23-D23)*C23) -> Açık | G23: =Tablo14567891011121314151617181920212223242526272829303132333435363738394041424344454647596869[[#This Row],[ADET]]*Tablo14567891011121314151617181920212223242526272829303132333435363738394041424344454647596869[[#This Row],[ALIŞ]] -> 0 | H23: =Tablo14567891011121314151617181920212223242526272829303132333435363738394041424344454647596869[[#This Row],[ADET]]*Tablo14567891011121314151617181920212223242526272829303132333435363738394041424344454647596869[[#This Row],[SATIŞ]] -> 0 | J23: =IF(E23=0,D23*1.05,"") -> 0
F24: =IF(Tablo14567891011121314151617181920212223242526272829303132333435363738394041424344454647596869[[#This Row],[SATIŞ]]=0,"Açık",(E24-D24)*C24) -> Açık | G24: =Tablo14567891011121314151617181920212223242526272829303132333435363738394041424344454647596869[[#This Row],[ADET]]*Tablo14567891011121314151617181920212223242526272829303132333435363738394041424344454647596869[[#This Row],[ALIŞ]] -> 0 | H24: =Tablo14567891011121314151617181920212223242526272829303132333435363738394041424344454647596869[[#This Row],[ADET]]*Tablo14567891011121314151617181920212223242526272829303132333435363738394041424344454647596869[[#This Row],[SATIŞ]] -> 0 | J24: =IF(E24=0,D24*1.05,"") -> 0
F25: =IF(Tablo14567891011121314151617181920212223242526272829303132333435363738394041424344454647596869[[#This Row],[SATIŞ]]=0,"Açık",(E25-D25)*C25) -> Açık | G25: =Tablo14567891011121314151617181920212223242526272829303132333435363738394041424344454647596869[[#This Row],[ADET]]*Tablo14567891011121314151617181920212223242526272829303132333435363738394041424344454647596869[[#This Row],[ALIŞ]] -> 0 | H25: =Tablo14567891011121314151617181920212223242526272829303132333435363738394041424344454647596869[[#This Row],[ADET]]*Tablo14567891011121314151617181920212223242526272829303132333435363738394041424344454647596869[[#This Row],[SATIŞ]] -> 0 | J25: =IF(E25=0,D25*1.05,"") -> 0
F26: =IF(Tablo14567891011121314151617181920212223242526272829303132333435363738394041424344454647596869[[#This Row],[SATIŞ]]=0,"Açık",(E26-D26)*C26) -> Açık | G26: =Tablo14567891011121314151617181920212223242526272829303132333435363738394041424344454647596869[[#This Row],[ADET]]*Tablo14567891011121314151617181920212223242526272829303132333435363738394041424344454647596869[[#This Row],[ALIŞ]] -> 0 | H26: =Tablo14567891011121314151617181920212223242526272829303132333435363738394041424344454647596869[[#This Row],[ADET]]*Tablo14567891011121314151617181920212223242526272829303132333435363738394041424344454647596869[[#This Row],[SATIŞ]] -> 0 | J26: =IF(E26=0,D26*1.05,"") -> 0
F27: =IF(Tablo14567891011121314151617181920212223242526272829303132333435363738394041424344454647596869[[#This Row],[SATIŞ]]=0,"Açık",(E27-D27)*C27) -> Açık | G27: =Tablo14567891011121314151617181920212223242526272829303132333435363738394041424344454647596869[[#This Row],[ADET]]*Tablo14567891011121314151617181920212223242526272829303132333435363738394041424344454647596869[[#This Row],[ALIŞ]] -> 0 | H27: =Tablo14567891011121314151617181920212223242526272829303132333435363738394041424344454647596869[[#This Row],[ADET]]*Tablo14567891011121314151617181920212223242526272829303132333435363738394041424344454647596869[[#This Row],[SATIŞ]] -> 0 | J27: =IF(E27=0,D27*1.05,"") -> 0
F28: =IF(Tablo14567891011121314151617181920212223242526272829303132333435363738394041424344454647596869[[#This Row],[SATIŞ]]=0,"Açık",(E28-D28)*C28) -> Açık | G28: =Tablo14567891011121314151617181920212223242526272829303132333435363738394041424344454647596869[[#This Row],[ADET]]*Tablo14567891011121314151617181920212223242526272829303132333435363738394041424344454647596869[[#This Row],[ALIŞ]] -> 0 | H28: =Tablo14567891011121314151617181920212223242526272829303132333435363738394041424344454647596869[[#This Row],[ADET]]*Tablo14567891011121314151617181920212223242526272829303132333435363738394041424344454647596869[[#This Row],[SATIŞ]] -> 0 | J28: =IF(E28=0,D28*1.05,"") -> 0
... F44: =IF(Tablo14567891011121314151617181920212223242526272829303132333435363738394041424344454647596869[[#This Row],[SATIŞ]]=0,"Açık",(E44-D44)*C44) -> Açık | G44: =Tablo14567891011121314151617181920212223242526272829303132333435363738394041424344454647596869[[#This Row],[ADET]]*Tablo14567891011121314151617181920212223242526272829303132333435363738394041424344454647596869[[#This Row],[ALIŞ]] -> 0 | H44: =Tablo14567891011121314151617181920212223242526272829303132333435363738394041424344454647596869[[#This Row],[ADET]]*Tablo14567891011121314151617181920212223242526272829303132333435363738394041424344454647596869[[#This Row],[SATIŞ]] -> 0 | J44: =IF(E44=0,D44*1.05,"") -> 0
F45: =IF(Tablo14567891011121314151617181920212223242526272829303132333435363738394041424344454647596869[[#This Row],[SATIŞ]]=0,"Açık",(E45-D45)*C45) -> Açık | G45: =Tablo14567891011121314151617181920212223242526272829303132333435363738394041424344454647596869[[#This Row],[ADET]]*Tablo14567891011121314151617181920212223242526272829303132333435363738394041424344454647596869[[#This Row],[ALIŞ]] -> 0 | H45: =Tablo14567891011121314151617181920212223242526272829303132333435363738394041424344454647596869[[#This Row],[ADET]]*Tablo14567891011121314151617181920212223242526272829303132333435363738394041424344454647596869[[#This Row],[SATIŞ]] -> 0
F46: =IF(Tablo14567891011121314151617181920212223242526272829303132333435363738394041424344454647596869[[#This Row],[SATIŞ]]=0,"Açık",(E46-D46)*C46) -> Açık | G46: =Tablo14567891011121314151617181920212223242526272829303132333435363738394041424344454647596869[[#This Row],[ADET]]*Tablo14567891011121314151617181920212223242526272829303132333435363738394041424344454647596869[[#This Row],[ALIŞ]] -> 0 | H46: =Tablo14567891011121314151617181920212223242526272829303132333435363738394041424344454647596869[[#This Row],[ADET]]*Tablo14567891011121314151617181920212223242526272829303132333435363738394041424344454647596869[[#This Row],[SATIŞ]] -> 0
F47: =IF(Tablo14567891011121314151617181920212223242526272829303132333435363738394041424344454647596869[[#This Row],[SATIŞ]]=0,"Açık",(E47-D47)*C47) -> Açık | G47: =Tablo14567891011121314151617181920212223242526272829303132333435363738394041424344454647596869[[#This Row],[ADET]]*Tablo14567891011121314151617181920212223242526272829303132333435363738394041424344454647596869[[#This Row],[ALIŞ]] -> 0 | H47: =Tablo14567891011121314151617181920212223242526272829303132333435363738394041424344454647596869[[#This Row],[ADET]]*Tablo14567891011121314151617181920212223242526272829303132333435363738394041424344454647596869[[#This Row],[SATIŞ]] -> 0
F48: =IF(Tablo14567891011121314151617181920212223242526272829303132333435363738394041424344454647596869[[#This Row],[SATIŞ]]=0,"Açık",(E48-D48)*C48) -> Açık | G48: =Tablo14567891011121314151617181920212223242526272829303132333435363738394041424344454647596869[[#This Row],[ADET]]*Tablo14567891011121314151617181920212223242526272829303132333435363738394041424344454647596869[[#This Row],[ALIŞ]] -> 0 | H48: =Tablo14567891011121314151617181920212223242526272829303132333435363738394041424344454647596869[[#This Row],[ADET]]*Tablo14567891011121314151617181920212223242526272829303132333435363738394041424344454647596869[[#This Row],[SATIŞ]] -> 0

Sheet ARASE
B1: ANA SAYFA | C1: =SUMIF(Tablo14[KAR],"Açık",Tablo14[ADET]) -> 1200 | D1: =+İcmal!E6 -> 69.1 | E1: =C1*D1 -> 82920 | F1: =IFERROR(((SUM(Tablo14[ALIŞ TUTAR])-SUM(Tablo14[SATIŞ TUTAR]))/C1),"") -> 70.334333 | G1: =SUM(Tablo14[KAR])+C1*(D1-F1) -> 7182.6014 | J1: HEDEF | K1: YATIRIM | L1: KALAN | M1: =F1 -> 70.334333 | N1: =M1*(1+$J$1) -> #VALUE! | P1: =Q1*(1-$J$1) -> #VALUE! | Q1: =+D1 -> 69.1 | R1: =Q1*(1+$J$1) -> #VALUE!
B2: ARASE | J2: =SUMIFS(Tablo2[HEDEF2],Tablo2[HİSSE],B2) -> 2000 | K2: =+E1/İcmal!$P$2 -> 2549.0317 | L2: =+J2-K2 -> -549.03166
B3: TARİH | C3: ADET | D3: ALIŞ | E3: SATIŞ | F3: KAR | G3: ALIŞ TUTAR | H3: SATIŞ TUTAR | L3: =SUM(Tablo14[KAR]) -> 8663.8007 | M3: =C1 -> 1200
B4: 45291 | C4: 110 | D4: 60.96212 | E4: 62.70455 | F4: =IF(Tablo14[[#This Row],[SATIŞ]]=0,"Açık",(E4-D4)*C4) -> 191.6673 | G4: =Tablo14[[#This Row],[ADET]]*Tablo14[[#This Row],[ALIŞ]] -> 6705.8332 | H4: =Tablo14[[#This Row],[ADET]]*Tablo14[[#This Row],[SATIŞ]] -> 6897.5005 | L4: =SUM(Tablo14[ALIŞ TUTAR]) -> 444031 | M4: =SUM(Tablo14[SATIŞ TUTAR]) -> 359629.8 | N4: =L4-M4 -> 84401.199
B5: 45291 | C5: 20 | D5: 60.96212 | E5: 68.5 | F5: =IF(Tablo14[[#This Row],[SATIŞ]]=0,"Açık",(E5-D5)*C5) -> 150.7576 | G5: =Tablo14[[#This Row],[ADET]]*Tablo14[[#This Row],[ALIŞ]] -> 1219.2424 | H5: =Tablo14[[#This Row],[ADET]]*Tablo14[[#This Row],[SATIŞ]] -> 1370 | N5: =+N4/80 -> 1055.015
B6: 45291 | C6: 20 | D6: 60.96212 | E6: 70.8 | F6: =IF(Tablo14[[#This Row],[SATIŞ]]=0,"Açık",(E6-D6)*C6) -> 196.7576 | G6: =Tablo14[[#This Row],[ADET]]*Tablo14[[#This Row],[ALIŞ]] -> 1219.2424 | H6: =Tablo14[[#This Row],[ADET]]*Tablo14[[#This Row],[SATIŞ]] -> 1416
B7: 45291 | C7: 15 | D7: 60.96212 | E7: 68 | F7: =IF(Tablo14[[#This Row],[SATIŞ]]=0,"Açık",(E7-D7)*C7) -> 105.5682 | G7: =Tablo14[[#This Row],[ADET]]*Tablo14[[#This Row],[ALIŞ]] -> 914.4318 | H7: =Tablo14[[#This Row],[ADET]]*Tablo14[[#This Row],[SATIŞ]] -> 1020
B8: 45327 | C8: 5 | D8: 66 | E8: 66 | F8: =IF(Tablo14[[#This Row],[SATIŞ]]=0,"Açık",(E8-D8)*C8) -> 0 | G8: =Tablo14[[#This Row],[ADET]]*Tablo14[[#This Row],[ALIŞ]] -> 330 | H8: =Tablo14[[#This Row],[ADET]]*Tablo14[[#This Row],[SATIŞ]] -> 330
B9: 45328 | C9: 10 | D9: 67 | E9: 67 | F9: =IF(Tablo14[[#This Row],[SATIŞ]]=0,"Açık",(E9-D9)*C9) -> 0 | G9: =Tablo14[[#This Row],[ADET]]*Tablo14[[#This Row],[ALIŞ]] -> 670 | H9: =Tablo14[[#This Row],[ADET]]*Tablo14[[#This Row],[SATIŞ]] -> 670
B10: 45328 | C10: 10 | D10: 66.75 | E10: 67.5 | F10: =IF(Tablo14[[#This Row],[SATIŞ]]=0,"Açık",(E10-D10)*C10) -> 7.5 | G10: =Tablo14[[#This Row],[ADET]]*Tablo14[[#This Row],[ALIŞ]] -> 667.5 | H10: =Tablo14[[#This Row],[ADET]]*Tablo14[[#This Row],[SATIŞ]] -> 675
B11: 45328 | C11: 20 | D11: 67 | E11: 69.6 | F11: =IF(Tablo14[[#This Row],[SATIŞ]]=0,"Açık",(E11-D11)*C11) -> 52 | G11: =Tablo14[[#This Row],[ADET]]*Tablo14[[#This Row],[ALIŞ]] -> 1340 | H11: =Tablo14[[#This Row],[ADET]]*Tablo14[[#This Row],[SATIŞ]] -> 1392
B12: 45328 | C12: 20 | D12: 67 | E12: 70.8 | F12: =IF(Tablo14[[#This Row],[SATIŞ]]=0,"Açık",(E12-D12)*C12) -> 76 | G12: =Tablo14[[#This Row],[ADET]]*Tablo14[[#This Row],[ALIŞ]] -> 1340 | H12: =Tablo14[[#This Row],[ADET]]*Tablo14[[#This Row],[SATIŞ]] -> 1416
B13: 45328 | C13: 50 | D13: 67 | E13: 75 | F13: =IF(Tablo14[[#This Row],[SATIŞ]]=0,"Açık",(E13-D13)*C13) -> 400 | G13: =Tablo14[[#This Row],[ADET]]*Tablo14[[#This Row],[ALIŞ]] -> 3350 | H13: =Tablo14[[#This Row],[ADET]]*Tablo14[[#This Row],[SATIŞ]] -> 3750
B14: 45328 | C14: 40 | D14: 66.5 | E14: 73 | F14: =IF(Tablo14[[#This Row],[SATIŞ]]=0,"Açık",(E14-D14)*C14) -> 260 | G14: =Tablo14[[#This Row],[ADET]]*Tablo14[[#This Row],[ALIŞ]] -> 2660 | H14: =Tablo14[[#This Row],[ADET]]*Tablo14[[#This Row],[SATIŞ]] -> 2920
B15: 45329 | C15: 5 | D15: 67.5 | E15: 67.5 | F15: =IF(Tablo14[[#This Row],[SATIŞ]]=0,"Açık",(E15-D15)*C15) -> 0 | G15: =Tablo14[[#This Row],[ADET]]*Tablo14[[#This Row],[ALIŞ]] -> 337.5 | H15: =Tablo14[[#This Row],[ADET]]*Tablo14[[#This Row],[SATIŞ]] -> 337.5
B16: 45329 | C16: 5 | D16: 67.5 | E16: 67.5 | F16: =IF(Tablo14[[#This Row],[SATIŞ]]=0,"Açık",(E16-D16)*C16) -> 0 | G16: =Tablo14[[#This Row],[ADET]]*Tablo14[[#This Row],[ALIŞ]] -> 337.5 | H16: =Tablo14[[#This Row],[ADET]]*Tablo14[[#This Row],[SATIŞ]] -> 337.5
B17: 45329 | C17: 2 | D17: 67.5 | E17: 68 | F17: =IF(Tablo14[[#This Row],[SATIŞ]]=0,"Açık",(E17-D17)*C17) -> 1 | G17: =Tablo14[[#This Row],[ADET]]*Tablo14[[#This Row],[ALIŞ]] -> 135 | H17: =Tablo14[[#This Row],[ADET]]*Tablo14[[#This Row],[SATIŞ]] -> 136
... B20: 45330 | C20: 30 | D20: 69 | E20: 69.7 | F20: =IF(Tablo14[[#This Row],[SATIŞ]]=0,"Açık",(E20-D20)*C20) -> 21 | G20: =Tablo14[[#This Row],[ADET]]*Tablo14[[#This Row],[ALIŞ]] -> 2070 | H20: =Tablo14[[#This Row],[ADET]]*Tablo14[[#This Row],[SATIŞ]] -> 2091
B21: 45330 | C21: 10 | D21: 67.5 | E21: 75 | F21: =IF(Tablo14[[#This Row],[SATIŞ]]=0,"Açık",(E21-D21)*C21) -> 75 | G21: =Tablo14[[#This Row],[ADET]]*Tablo14[[#This Row],[ALIŞ]] -> 675 | H21: =Tablo14[[#This Row],[ADET]]*Tablo14[[#This Row],[SATIŞ]] -> 750 | J21: =68.72*1.02 -> 70.0944
B22: 45334 | C22: 25 | D22: 69 | E22: 73 | F22: =IF(Tablo14[[#This Row],[SATIŞ]]=0,"Açık",(E22-D22)*C22) -> 100 | G22: =Tablo14[[#This Row],[ADET]]*Tablo14[[#This Row],[ALIŞ]] -> 1725 | H22: =Tablo14[[#This Row],[ADET]]*Tablo14[[#This Row],[SATIŞ]] -> 1825
B23: 45335 | C23: 25 | D23: 68 | E23: 73 | F23: =IF(Tablo14[[#This Row],[SATIŞ]]=0,"Açık",(E23-D23)*C23) -> 125 | G23: =Tablo14[[#This Row],[ADET]]*Tablo14[[#This Row],[ALIŞ]] -> 1700 | H23: =Tablo14[[#This Row],[ADET]]*Tablo14[[#This Row],[SATIŞ]] -> 1825
B24: 45336 | C24: 50 | D24: 66 | E24: 71.5 | F24: =IF(Tablo14[[#This Row],[SATIŞ]]=0,"Açık",(E24-D24)*C24) -> 275 | G24: =Tablo14[[#This Row],[ADET]]*Tablo14[[#This Row],[ALIŞ]] -> 3300 | H24: =Tablo14[[#This Row],[ADET]]*Tablo14[[#This Row],[SATIŞ]] -> 3575
B25: 45336 | C25: 30 | D25: 65 | E25: 66.66 | F25: =IF(Tablo14[[#This Row],[SATIŞ]]=0,"Açık",(E25-D25)*C25) -> 49.8 | G25: =Tablo14[[#This Row],[ADET]]*Tablo14[[#This Row],[ALIŞ]] -> 1950 | H25: =Tablo14[[#This Row],[ADET]]*Tablo14[[#This Row],[SATIŞ]] -> 1999.8
B26: 45336 | C26: 20 | D26: 65 | E26: 67 | F26: =IF(Tablo14[[#This Row],[SATIŞ]]=0,"Açık",(E26-D26)*C26) -> 40 | G26: =Tablo14[[#This Row],[ADET]]*Tablo14[[#This Row],[ALIŞ]] -> 1300 | H26: =Tablo14[[#This Row],[ADET]]*Tablo14[[#This Row],[SATIŞ]] -> 1340
B27: 45336 | C27: 25 | D27: 66 | E27: 68 | F27: =IF(Tablo14[[#This Row],[SATIŞ]]=0,"Açık",(E27-D27)*C27) -> 50 | G27: =Tablo14[[#This Row],[ADET]]*Tablo14[[#This Row],[ALIŞ]] -> 1650 | H27: =Tablo14[[#This Row],[ADET]]*Tablo14[[#This Row],[SATIŞ]] -> 1700
B28: 45336 | C28: 25 | D28: 66 | E28: 68.1 | F28: =IF(Tablo14[[#This Row],[SATIŞ]]=0,"Açık",(E28-D28)*C28) -> 52.5 | G28: =Tablo14[[#This Row],[ADET]]*Tablo14[[#This Row],[ALIŞ]] -> 1650 | H28: =Tablo14[[#This Row],[ADET]]*Tablo14[[#This Row],[SATIŞ]] -> 1702.5
B29: 45341 | C29: 50 | D29: 73 | E29: 72.5 | F29: =IF(Tablo14[[#This Row],[SATIŞ]]=0,"Açık",(E29-D29)*C29) -> -25 | G29: =Tablo14[[#This Row],[ADET]]*Tablo14[[#This Row],[ALIŞ]] -> 3650 | H29: =Tablo14[[#This Row],[ADET]]*Tablo14[[#This Row],[SATIŞ]] -> 3625
B30: 45341 | C30: 10 | D30: 72 | E30: 72.5 | F30: =IF(Tablo14[[#This Row],[SATIŞ]]=0,"Açık",(E30-D30)*C30) -> 5 | G30: =Tablo14[[#This Row],[ADET]]*Tablo14[[#This Row],[ALIŞ]] -> 720 | H30: =Tablo14[[#This Row],[ADET]]*Tablo14[[#This Row],[SATIŞ]] -> 725
B31: 45341 | C31: 40 | D31: 72 | E31: 75 | F31: =IF(Tablo14[[#This Row],[SATIŞ]]=0,"Açık",(E31-D31)*C31) -> 120 | G31: =Tablo14[[#This Row],[ADET]]*Tablo14[[#This Row],[ALIŞ]] -> 2880 | H31: =Tablo14[[#This Row],[ADET]]*Tablo14[[#This Row],[SATIŞ]] -> 3000
B32: 45341 | C32: 50 | D32: 71 | E32: 80 | F32: =IF(Tablo14[[#This Row],[SATIŞ]]=0,"Açık",(E32-D32)*C32) -> 450 | G32: =Tablo14[[#This Row],[ADET]]*Tablo14[[#This Row],[ALIŞ]] -> 3550 | H32: =Tablo14[[#This Row],[ADET]]*Tablo14[[#This Row],[SATIŞ]] -> 4000
B33: 45341 | C33: 50 | D33: 70 | E33: 84 | F33: =IF(Tablo14[[#This Row],[SATIŞ]]=0,"Açık",(E33-D33)*C33) -> 700 | G33: =Tablo14[[#This Row],[ADET]]*Tablo14[[#This Row],[ALIŞ]] -> 3500 | H33: =Tablo14[[#This Row],[ADET]]*Tablo14[[#This Row],[SATIŞ]] -> 4200
B34: 45345 | C34: 50 | D34: 82 | F34: =IF(Tablo14[[#This Row],[SATIŞ]]=0,"Açık",(E34-D34)*C34) -> Açık | G34: =Tablo14[[#This Row],[ADET]]*Tablo14[[#This Row],[ALIŞ]] -> 4100 | H34: =Tablo14[[#This Row],[ADET]]*Tablo14[[#This Row],[SATIŞ]] -> 0 | J34: =IF(E34=0,D34*1.05,"") -> 86.1
B35: 45345 | C35: 50 | D35: 81 | F35: =IF(Tablo14[[#This Row],[SATIŞ]]=0,"Açık",(E35-D35)*C35) -> Açık | G35: =Tablo14[[#This Row],[ADET]]*Tablo14[[#This Row],[ALIŞ]] -> 4050 | H35: =Tablo14[[#This Row],[ADET]]*Tablo14[[#This Row],[SATIŞ]] -> 0 | J35: =IF(E35=0,D35*1.05,"") -> 85.05
B36: 45345 | C36: 50 | D36: 81 | F36: =IF(Tablo14[[#This Row],[SATIŞ]]=0,"Açık",(E36-D36)*C36) -> Açık | G36: =Tablo14[[#This Row],[ADET]]*Tablo14[[#This Row],[ALIŞ]] -> 4050 | H36: =Tablo14[[#This Row],[ADET]]*Tablo14[[#This Row],[SATIŞ]] -> 0 | J36: =IF(E36=0,D36*1.05,"") -> 85.05
B37: 45345 | C37: 50 | D37: 79.8 | F37: =IF(Tablo14[[#This Row],[SATIŞ]]=0,"Açık",(E37-D37)*C37) -> Açık | G37: =Tablo14[[#This Row],[ADET]]*Tablo14[[#This Row],[ALIŞ]] -> 3990 | H37: =Tablo14[[#This Row],[ADET]]*Tablo14[[#This Row],[SATIŞ]] -> 0 | J37: =IF(E37=0,D37*1.05,"") -> 83.79
B38: 45345 | C38: 50 | D38: 79.8 | F38: =IF(Tablo14[[#This Row],[SATIŞ]]=0,"Açık",(E38-D38)*C38) -> Açık | G38: =Tablo14[[#This Row],[ADET]]*Tablo14[[#This Row],[ALIŞ]] -> 3990 | H38: =Tablo14[[#This Row],[ADET]]*Tablo14[[#This Row],[SATIŞ]] -> 0 | J38: =IF(E38=0,D38*1.05,"") -> 83.79
B39: 45345 | C39: 50 | D39: 79.7 | F39: =IF(Tablo14[[#This Row],[SATIŞ]]=0,"Açık",(E39-D39)*C39) -> Açık | G39: =Tablo14[[#This Row],[ADET]]*Tablo14[[#This Row],[ALIŞ]] -> 3985 | H39: =Tablo14[[#This Row],[ADET]]*Tablo14[[#This Row],[SATIŞ]] -> 0 | J39: =IF(E39=0,D39*1.05,"") -> 83.685
B40: 45345 | C40: 50 | D40: 79.7 | F40: =IF(Tablo14[[#This Row],[SATIŞ]]=0,"Açık",(E40-D40)*C40) -> Açık | G40: =Tablo14[[#This Row],[ADET]]*Tablo14[[#This Row],[ALIŞ]] -> 3985 | H40: =Tablo14[[#This Row],[ADET]]*Tablo14[[#This Row],[SATIŞ]] -> 0 | J40: =IF(E40=0,D40*1.05,"") -> 83.685
B41: 45345 | C41: 50 | D41: 79 | F41: =IF(Tablo14[[#This Row],[SATIŞ]]=0,"Açık",(E41-D41)*C41) -> Açık | G41: =Tablo14[[#This Row],[ADET]]*Tablo14[[#This Row],[ALIŞ]] -> 3950 | H41: =Tablo14[[#This Row],[ADET]]*Tablo14[[#This Row],[SATIŞ]] -> 0 | J41: =IF(E41=0,D41*1.05,"") -> 82.95
B42: 45345 | C42: 50 | D42: 79 | F42: =IF(Tablo14[[#This Row],[SATIŞ]]=0,"Açık",(E42-D42)*C42) -> Açık | G42: =Tablo14[[#This Row],[ADET]]*Tablo14[[#This Row],[ALIŞ]] -> 3950 | H42: =Tablo14[[#This Row],[ADET]]*Tablo14[[#This Row],[SATIŞ]] -> 0 | J42: =IF(E42=0,D42*1.05,"") -> 82.95
B43: 45345 | C43: 50 | D43: 79.3 | F43: =IF(Tablo14[[#This Row],[SATIŞ]]=0,"Açık",(E43-D43)*C43) -> Açık | G43: =Tablo14[[#This Row],[ADET]]*Tablo14[[#This Row],[ALIŞ]] -> 3965 | H43: =Tablo14[[#This Row],[ADET]]*Tablo14[[#This Row],[SATIŞ]] -> 0 | J43: =IF(E43=0,D43*1.05,"") -> 83.265
B44: 45345 | C44: 50 | D44: 79.4 | F44: =IF(Tablo14[[#This Row],[SATIŞ]]=0,"Açık",(E44-D44)*C44) -> Açık | G44: =Tablo14[[#This Row],[ADET]]*Tablo14[[#This Row],[ALIŞ]] -> 3970 | H44: =Tablo14[[#This Row],[ADET]]*Tablo14[[#This Row],[SATIŞ]] -> 0 | J44: =IF(E44=0,D44*1.05,"") -> 83.37
B45: 45345 | C45: 50 | D45: 79.5 | F45: =IF(Tablo14[[#This Row],[SATIŞ]]=0,"Açık",(E45-D45)*C45) -> Açık | G45: =Tablo14[[#This Row],[ADET]]*Tablo14[[#This Row],[ALIŞ]] -> 3975 | H45: =Tablo14[[#This Row],[ADET]]*Tablo14[[#This Row],[SATIŞ]] -> 0 | J45: =IF(E45=0,D45*1.05,"") -> 83.475
B46: 45345 | C46: 50 | D46: 79.6 | F46: =IF(Tablo14[[#This Row],[SATIŞ]]=0,"Açık",(E46-D46)*C46) -> Açık | G46: =Tablo14[[#This Row],[ADET]]*Tablo14[[#This Row],[ALIŞ]] -> 3980 | H46: =Tablo14[[#This Row],[ADET]]*Tablo14[[#This Row],[SATIŞ]] -> 0 | J46: =IF(E46=0,D46*1.05,"") -> 83.58
B47: 45345 | C47: 50 | D47: 78 | E47: 78.5 | F47: =IF(Tablo14[[#This Row],[SATIŞ]]=0,"Açık",(E47-D47)*C47) -> 25 | G47: =Tablo14[[#This Row],[ADET]]*Tablo14[[#This Row],[ALIŞ]] -> 3900 | H47: =Tablo14[[#This Row],[ADET]]*Tablo14[[#This Row],[SATIŞ]] -> 3925 | J47: =IF(E47=0,D47*1.05,"")
B48: 45345 | C48: 50 | D48: 78 | F48: =IF(Tablo14[[#This Row],[SATIŞ]]=0,"Açık",(E48-D48)*C48) -> Açık | G48: =Tablo14[[#This Row],[ADET]]*Tablo14[[#This Row],[ALIŞ]] -> 3900 | H48: =Tablo14[[#This Row],[ADET]]*Tablo14[[#This Row],[SATIŞ]] -> 0 | J48: =IF(E48=0,D48*1.05,"") -> 81.9
B49: 45345 | C49: 50 | D49: 78 | F49: =IF(Tablo14[[#This Row],[SATIŞ]]=0,"Açık",(E49-D49)*C49) -> Açık | G49: =Tablo14[[#This Row],[ADET]]*Tablo14[[#This Row],[ALIŞ]] -> 3900 | H49: =Tablo14[[#This Row],[ADET]]*Tablo14[[#This Row],[SATIŞ]] -> 0 | J49: =IF(E49=0,D49*1.05,"") -> 81.9
B50: 45345 | C50: 50 | D50: 77 | E50: 77.5 | F50: =IF(Tablo14[[#This Row],[SATIŞ]]=0,"Açık",(E50-D50)*C50) -> 25 | G50: =Tablo14[[#This Row],[ADET]]*Tablo14[[#This Row],[ALIŞ]] -> 3850 | H50: =Tablo14[[#This Row],[ADET]]*Tablo14[[#This Row],[SATIŞ]] -> 3875 | J50: =IF(E50=0,D50*1.05,"")
B51: 45345 | C51: 50 | D51: 77 | E51: 78 | F51: =IF(Tablo14[[#This Row],[SATIŞ]]=0,"Açık",(E51-D51)*C51) -> 50 | G51: =Tablo14[[#This Row],[ADET]]*Tablo14[[#This Row],[ALIŞ]] -> 3850 | H51: =Tablo14[[#This Row],[ADET]]*Tablo14[[#This Row],[SATIŞ]] -> 3900 | J51: =IF(E51=0,D51*1.05,"")
B52: 45345 | C52: 50 | D52: 77 | F52: =IF(Tablo14[[#This Row],[SATIŞ]]=0,"Açık",(E52-D52)*C52) -> Açık | G52: =Tablo14[[#This Row],[ADET]]*Tablo14[[#This Row],[ALIŞ]] -> 3850 | H52: =Tablo14[[#This Row],[ADET]]*Tablo14[[#This Row],[SATIŞ]] -> 0 | J52: =IF(E52=0,D52*1.05,"") -> 80.85
B53: 45345 | C53: 50 | D53: 77 | F53: =IF(Tablo14[[#This Row],[SATIŞ]]=0,"Açık",(E53-D53)*C53) -> Açık | G53: =Tablo14[[#This Row],[ADET]]*Tablo14[[#This Row],[ALIŞ]] -> 3850 | H53: =Tablo14[[#This Row],[ADET]]*Tablo14[[#This Row],[SATIŞ]] -> 0 | J53: =IF(E53=0,D53*1.05,"") -> 80.85
B54: 45345 | C54: 50 | D54: 77.5 | E54: 78 | F54: =IF(Tablo14[[#This Row],[SATIŞ]]=0,"Açık",(E54-D54)*C54) -> 25 | G54: =Tablo14[[#This Row],[ADET]]*Tablo14[[#This Row],[ALIŞ]] -> 3875 | H54: =Tablo14[[#This Row],[ADET]]*Tablo14[[#This Row],[SATIŞ]] -> 3900 | J54: =IF(E54=0,D54*1.05,"")
B55: 45348 | C55: 50 | D55: 74 | E55: 77 | F55: =IF(Tablo14[[#This Row],[SATIŞ]]=0,"Açık",(E55-D55)*C55) -> 150 | G55: =Tablo14[[#This Row],[ADET]]*Tablo14[[#This Row],[ALIŞ]] -> 3700 | H55: =Tablo14[[#This Row],[ADET]]*Tablo14[[#This Row],[SATIŞ]] -> 3850 | J55: =IF(E55=0,D55*1.05,"")
B56: 45348 | C56: 50 | D56: 74 | F56: =IF(Tablo14[[#This Row],[SATIŞ]]=0,"Açık",(E56-D56)*C56) -> Açık | G56: =Tablo14[[#This Row],[ADET]]*Tablo14[[#This Row],[ALIŞ]] -> 3700 | H56: =Tablo14[[#This Row],[ADET]]*Tablo14[[#This Row],[SATIŞ]] -> 0 | J56: =IF(E56=0,D56*1.05,"") -> 77.7
B57: 45348 | C57: 50 | D57: 74 | F57: =IF(Tablo14[[#This Row],[SATIŞ]]=0,"Açık",(E57-D57)*C57) -> Açık | G57: =Tablo14[[#This Row],[ADET]]*Tablo14[[#This Row],[ALIŞ]] -> 3700 | H57: =Tablo14[[#This Row],[ADET]]*Tablo14[[#This Row],[SATIŞ]] -> 0 | J57: =IF(E57=0,D57*1.05,"") -> 77.7
B58: 45348 | C58: 50 | D58: 74 | F58: =IF(Tablo14[[#This Row],[SATIŞ]]=0,"Açık",(E58-D58)*C58) -> Açık | G58: =Tablo14[[#This Row],[ADET]]*Tablo14[[#This Row],[ALIŞ]] -> 3700 | H58: =Tablo14[[#This Row],[ADET]]*Tablo14[[#This Row],[SATIŞ]] -> 0 | J58: =IF(E58=0,D58*1.05,"") -> 77.7
B59: 45348 | C59: 50 | D59: 75 | F59: =IF(Tablo14[[#This Row],[SATIŞ]]=0,"Açık",(E59-D59)*C59) -> Açık | G59: =Tablo14[[#This Row],[ADET]]*Tablo14[[#This Row],[ALIŞ]] -> 3750 | H59: =Tablo14[[#This Row],[ADET]]*Tablo14[[#This Row],[SATIŞ]] -> 0 | J59: =IF(E59=0,D59*1.05,"") -> 78.75
B60: 45348 | C60: 50 | D60: 76 | F60: =IF(Tablo14[[#This Row],[SATIŞ]]=0,"Açık",(E60-D60)*C60) -> Açık | G60: =Tablo14[[#This Row],[ADET]]*Tablo14[[#This Row],[ALIŞ]] -> 3800 | H60: =Tablo14[[#This Row],[ADET]]*Tablo14[[#This Row],[SATIŞ]] -> 0 | J60: =IF(E60=0,D60*1.05,"") -> 79.8
B61: 45348 | C61: 50 | D61: 72 | F61: =IF(Tablo14[[#This Row],[SATIŞ]]=0,"Açık",(E61-D61)*C61) -> Açık | G61: =Tablo14[[#This Row],[ADET]]*Tablo14[[#This Row],[ALIŞ]] -> 3600 | H61: =Tablo14[[#This Row],[ADET]]*Tablo14[[#This Row],[SATIŞ]] -> 0 | J61: =IF(E61=0,D61*1.05,"") -> 75.6
B62: 45348 | C62: 50 | D62: 72 | E62: 73 | F62: =IF(Tablo14[[#This Row],[SATIŞ]]=0,"Açık",(E62-D62)*C62) -> 50 | G62: =Tablo14[[#This Row],[ADET]]*Tablo14[[#This Row],[ALIŞ]] -> 3600 | H62: =Tablo14[[#This Row],[ADET]]*Tablo14[[#This Row],[SATIŞ]] -> 3650 | J62: =IF(E62=0,D62*1.05,"")
B63: 45348 | C63: 50 | D63: 71 | E63: 72 | F63: =IF(Tablo14[[#This Row],[SATIŞ]]=0,"Açık",(E63-D63)*C63) -> 50 | G63: =Tablo14[[#This Row],[ADET]]*Tablo14[[#This Row],[ALIŞ]] -> 3550 | H63: =Tablo14[[#This Row],[ADET]]*Tablo14[[#This Row],[SATIŞ]] -> 3600 | J63: =IF(E63=0,D63*1.05,"")
B64: 45348 | C64: 50 | D64: 71 | E64: 72 | F64: =IF(Tablo14[[#This Row],[SATIŞ]]=0,"Açık",(E64-D64)*C64) -> 50 | G64: =Tablo14[[#This Row],[ADET]]*Tablo14[[#This Row],[ALIŞ]] -> 3550 | H64: =Tablo14[[#This Row],[ADET]]*Tablo14[[#This Row],[SATIŞ]] -> 3600 | J64: =IF(E64=0,D64*1.05,"")
B65: 45348 | C65: 50 | D65: 70 | E65: 71 | F65: =IF(Tablo14[[#This Row],[SATIŞ]]=0,"Açık",(E65-D65)*C65) -> 50 | G65: =Tablo14[[#This Row],[ADET]]*Tablo14[[#This Row],[ALIŞ]] -> 3500 | H65: =Tablo14[[#This Row],[ADET]]*Tablo14[[#This Row],[SATIŞ]] -> 3550 | J65: =IF(E65=0,D65*1.05,"")
B66: 45349 | C66: 50 | D66: 68 | E66: 69 | F66: =IF(Tablo14[[#This Row],[SATIŞ]]=0,"Açık",(E66-D66)*C66) -> 50 | G66: =Tablo14[[#This Row],[ADET]]*Tablo14[[#This Row],[ALIŞ]] -> 3400 | H66: =Tablo14[[#This Row],[ADET]]*Tablo14[[#This Row],[SATIŞ]] -> 3450 | J66: =IF(E66=0,D66*1.05,"")
B67: 45349 | C67: 50 | D67: 69 | E67: 70 | F67: =IF(Tablo14[[#This Row],[SATIŞ]]=0,"Açık",(E67-D67)*C67) -> 50 | G67: =Tablo14[[#This Row],[ADET]]*Tablo14[[#This Row],[ALIŞ]] -> 3450 | H67: =Tablo14[[#This Row],[ADET]]*Tablo14[[#This Row],[SATIŞ]] -> 3500 | J67: =IF(E67=0,D67*1.05,"")
B68: 45349 | C68: 50 | D68: 68 | E68: 70 | F68: =IF(Tablo14[[#This Row],[SATIŞ]]=0,"Açık",(E68-D68)*C68) -> 100 | G68: =Tablo14[[#This Row],[ADET]]*Tablo14[[#This Row],[ALIŞ]] -> 3400 | H68: =Tablo14[[#This Row],[ADET]]*Tablo14[[#This Row],[SATIŞ]] -> 3500 | J68: =IF(E68=0,D68*1.05,"")
B69: 45350 | C69: 50 | D69: 68 | E69: 68 | F69: =IF(Tablo14[[#This Row],[SATIŞ]]=0,"Açık",(E69-D69)*C69) -> 0 | G69: =Tablo14[[#This Row],[ADET]]*Tablo14[[#This Row],[ALIŞ]] -> 3400 | H69: =Tablo14[[#This Row],[ADET]]*Tablo14[[#This Row],[SATIŞ]] -> 3400 | J69: =IF(E69=0,D69*1.05,"")
B70: 45352 | C70: 50 | D70: 67 | E70: 67.5 | F70: =IF(Tablo14[[#This Row],[SATIŞ]]=0,"Açık",(E70-D70)*C70) -> 25 | G70: =Tablo14[[#This Row],[ADET]]*Tablo14[[#This Row],[ALIŞ]] -> 3350 | H70: =Tablo14[[#This Row],[ADET]]*Tablo14[[#This Row],[SATIŞ]] -> 3375 | J70: =IF(E70=0,D70*1.05,"")
B71: 45352 | C71: 25 | D71: 67 | E71: 67.35 | F71: =IF(Tablo14[[#This Row],[SATIŞ]]=0,"Açık",(E71-D71)*C71) -> 8.75 | G71: =Tablo14[[#This Row],[ADET]]*Tablo14[[#This Row],[ALIŞ]] -> 1675 | H71: =Tablo14[[#This Row],[ADET]]*Tablo14[[#This Row],[SATIŞ]] -> 1683.75 | J71: =IF(E71=0,D71*1.05,"")
B72: 45352 | C72: 25 | D72: 67 | E72: 67.35 | F72: =IF(Tablo14[[#This Row],[SATIŞ]]=0,"Açık",(E72-D72)*C72) -> 8.75 | G72: =Tablo14[[#This Row],[ADET]]*Tablo14[[#This Row],[ALIŞ]] -> 1675 | H72: =Tablo14[[#This Row],[ADET]]*Tablo14[[#This Row],[SATIŞ]] -> 1683.75 | J72: =IF(E72=0,D72*1.05,"")
B73: 45355 | C73: 25 | D73: 65 | E73: 66.2 | F73: =IF(Tablo14[[#This Row],[SATIŞ]]=0,"Açık",(E73-D73)*C73) -> 30 | G73: =Tablo14[[#This Row],[ADET]]*Tablo14[[#This Row],[ALIŞ]] -> 1625 | H73: =Tablo14[[#This Row],[ADET]]*Tablo14[[#This Row],[SATIŞ]] -> 1655 | J73: =IF(E73=0,D73*1.05,"")
... B142: 45525 | C142: 40 | D142: 61 | E142: 64.5 | F142: =IF(Tablo14[[#This Row],[SATIŞ]]=0,"Açık",(E142-D142)*C142) -> 140 | G142: =Tablo14[[#This Row],[ADET]]*Tablo14[[#This Row],[ALIŞ]] -> 2440 | H142: =Tablo14[[#This Row],[ADET]]*Tablo14[[#This Row],[SATIŞ]] -> 2580 | J142: =IF(E142=0,D142*1.05,"")
B143: 45525 | C143: 50 | D143: 61 | E143: 65 | F143: =IF(Tablo14[[#This Row],[SATIŞ]]=0,"Açık",(E143-D143)*C143) -> 200 | G143: =Tablo14[[#This Row],[ADET]]*Tablo14[[#This Row],[ALIŞ]] -> 3050 | H143: =Tablo14[[#This Row],[ADET]]*Tablo14[[#This Row],[SATIŞ]] -> 3250
B144: 45383 | C144: 50 | D144: 64 | E144: 64.5 | F144: =IF(Tablo14[[#This Row],[SATIŞ]]=0,"Açık",(E144-D144)*C144) -> 25 | G144: =Tablo14[[#This Row],[ADET]]*Tablo14[[#This Row],[ALIŞ]] -> 3200 | H144: =Tablo14[[#This Row],[ADET]]*Tablo14[[#This Row],[SATIŞ]] -> 3225 | J144: =IF(E144=0,D144*1.05,"")
B145: 45383 | C145: 50 | D145: 63 | E145: 64 | F145: =IF(Tablo14[[#This Row],[SATIŞ]]=0,"Açık",(E145-D145)*C145) -> 50 | G145: =Tablo14[[#This Row],[ADET]]*Tablo14[[#This Row],[ALIŞ]] -> 3150 | H145: =Tablo14[[#This Row],[ADET]]*Tablo14[[#This Row],[SATIŞ]] -> 3200 | J145: =IF(E145=0,D145*1.05,"")
B146: 45383 | C146: 50 | D146: 63 | E146: 64 | F146: =IF(Tablo14[[#This Row],[SATIŞ]]=0,"Açık",(E146-D146)*C146) -> 50 | G146: =Tablo14[[#This Row],[ADET]]*Tablo14[[#This Row],[ALIŞ]] -> 3150 | H146: =Tablo14[[#This Row],[ADET]]*Tablo14[[#This Row],[SATIŞ]] -> 3200
B147: 45384 | C147: 50 | D147: 63 | E147: 63.5 | F147: =IF(Tablo14[[#This Row],[SATIŞ]]=0,"Açık",(E147-D147)*C147) -> 25 | G147: =Tablo14[[#This Row],[ADET]]*Tablo14[[#This Row],[ALIŞ]] -> 3150 | H147: =Tablo14[[#This Row],[ADET]]*Tablo14[[#This Row],[SATIŞ]] -> 3175
B148: 45384 | C148: 50 | D148: 63 | E148: 64 | F148: =IF(Tablo14[[#This Row],[SATIŞ]]=0,"Açık",(E148-D148)*C148) -> 50 | G148: =Tablo14[[#This Row],[ADET]]*Tablo14[[#This Row],[ALIŞ]] -> 3150 | H148: =Tablo14[[#This Row],[ADET]]*Tablo14[[#This Row],[SATIŞ]] -> 3200
B149: 45387 | C149: 50 | D149: 63.4 | E149: 64 | F149: =IF(Tablo14[[#This Row],[SATIŞ]]=0,"Açık",(E149-D149)*C149) -> 30 | G149: =Tablo14[[#This Row],[ADET]]*Tablo14[[#This Row],[ALIŞ]] -> 3170 | H149: =Tablo14[[#This Row],[ADET]]*Tablo14[[#This Row],[SATIŞ]] -> 3200
B150: 45387 | C150: 50 | D150: 63 | E150: 63.5 | F150: =IF(Tablo14[[#This Row],[SATIŞ]]=0,"Açık",(E150-D150)*C150) -> 25 | G150: =Tablo14[[#This Row],[ADET]]*Tablo14[[#This Row],[ALIŞ]] -> 3150 | H150: =Tablo14[[#This Row],[ADET]]*Tablo14[[#This Row],[SATIŞ]] -> 3175
B151: 45391 | C151: 50 | D151: 67.5 | E151: 69.75 | F151: =IF(Tablo14[[#This Row],[SATIŞ]]=0,"Açık",(E151-D151)*C151) -> 112.5 | G151: =Tablo14[[#This Row],[ADET]]*Tablo14[[#This Row],[ALIŞ]] -> 3375 | H151: =Tablo14[[#This Row],[ADET]]*Tablo14[[#This Row],[SATIŞ]] -> 3487.5
B152: 45398 | C152: 50 | D152: 67 | E152: 68.4 | F152: =IF(Tablo14[[#This Row],[SATIŞ]]=0,"Açık",(E152-D152)*C152) -> 70 | G152: =Tablo14[[#This Row],[ADET]]*Tablo14[[#This Row],[ALIŞ]] -> 3350 | H152: =Tablo14[[#This Row],[ADET]]*Tablo14[[#This Row],[SATIŞ]] -> 3420
B153: 45398 | C153: 50 | D153: 65 | E153: 66 | F153: =IF(Tablo14[[#This Row],[SATIŞ]]=0,"Açık",(E153-D153)*C153) -> 50 | G153: =Tablo14[[#This Row],[ADET]]*Tablo14[[#This Row],[ALIŞ]] -> 3250 | H153: =Tablo14[[#This Row],[ADET]]*Tablo14[[#This Row],[SATIŞ]] -> 3300
B154: 45398 | C154: 50 | D154: 65 | E154: 67 | F154: =IF(Tablo14[[#This Row],[SATIŞ]]=0,"Açık",(E154-D154)*C154) -> 100 | G154: =Tablo14[[#This Row],[ADET]]*Tablo14[[#This Row],[ALIŞ]] -> 3250 | H154: =Tablo14[[#This Row],[ADET]]*Tablo14[[#This Row],[SATIŞ]] -> 3350
B155: 45400 | C155: 50 | D155: 67.5 | E155: 70 | F155: =IF(Tablo14[[#This Row],[SATIŞ]]=0,"Açık",(E155-D155)*C155) -> 125 | G155: =Tablo14[[#This Row],[ADET]]*Tablo14[[#This Row],[ALIŞ]] -> 3375 | H155: =Tablo14[[#This Row],[ADET]]*Tablo14[[#This Row],[SATIŞ]] -> 3500
B156: 45400 | C156: 50 | D156: 67.5 | F156: =IF(Tablo14[[#This Row],[SATIŞ]]=0,"Açık",(E156-D156)*C156) -> Açık | G156: =Tablo14[[#This Row],[ADET]]*Tablo14[[#This Row],[ALIŞ]] -> 3375 | H156: =Tablo14[[#This Row],[ADET]]*Tablo14[[#This Row],[SATIŞ]] -> 0

Sheet ARCLK
B1: ANA SAYFA | C1: =SUMIF(Tablo145[KAR],"Açık",Tablo145[ADET]) -> 100 | D1: =+İcmal!E7 -> 161 | E1: =C1*D1 -> 16100 | F1: =IFERROR(((SUM(Tablo145[ALIŞ TUTAR])-SUM(Tablo145[SATIŞ TUTAR]))/C1),"") -> 122.75687 | G1: =IF(M3=0,L3,C1*(D1-F1)) -> 3824.3132 | J1: HEDEF | K1: YATIRIM | L1: KALAN | M1: =F1 -> 122.75687 | N1: =M1*(1+$J$1) -> #VALUE! | P1: =Q1*(1-$J$1) -> #VALUE! | Q1: =+D1 -> 161 | R1: =Q1*(1+$J$1) -> #VALUE!
B2: ARCLK | J2: =SUMIFS(Tablo2[HEDEF2],Tablo2[HİSSE],B2) -> 2000 | K2: =+E1/İcmal!$P$2 -> 494.92776 | L2: =+J2-K2 -> 1505.0722
B3: TARİH | C3: ADET | D3: ALIŞ | E3: SATIŞ | F3: KAR | G3: ALIŞ TUTAR | H3: SATIŞ TUTAR | L3: =SUM(Tablo145[KAR]) -> 4424.3132 | M3: =+C1 -> 100
B4: 45291 | C4: 98 | D4: 124.7362 | E4: 123.0186 | F4: =IF(Tablo145[[#This Row],[SATIŞ]]=0,"Açık",(E4-D4)*C4) -> -168.3248 | G4: =Tablo145[[#This Row],[ADET]]*Tablo145[[#This Row],[ALIŞ]] -> 12224.148 | H4: =Tablo145[[#This Row],[ADET]]*Tablo145[[#This Row],[SATIŞ]] -> 12055.823 | L4: =SUM(Tablo145[ALIŞ TUTAR]) -> 158281.11 | M4: =SUM(Tablo145[SATIŞ TUTAR]) -> 146005.42 | N4: =L4-M4 -> 12275.687
B5: 45291 | C5: 1 | D5: 124.7362 | E5: 160.6 | F5: =IF(Tablo145[[#This Row],[SATIŞ]]=0,"Açık",(E5-D5)*C5) -> 35.8638 | G5: =Tablo145[[#This Row],[ADET]]*Tablo145[[#This Row],[ALIŞ]] -> 124.7362 | H5: =Tablo145[[#This Row],[ADET]]*Tablo145[[#This Row],[SATIŞ]] -> 160.6 | N5: =+N4/80 -> 153.44608
B6: 45291 | C6: 9 | D6: 124.7362 | E6: 160 | F6: =IF(Tablo145[[#This Row],[SATIŞ]]=0,"Açık",(E6-D6)*C6) -> 317.3742 | G6: =Tablo145[[#This Row],[ADET]]*Tablo145[[#This Row],[ALIŞ]] -> 1122.6258 | H6: =Tablo145[[#This Row],[ADET]]*Tablo145[[#This Row],[SATIŞ]] -> 1440
B7: 45638 | C7: 1 | D7: 159.1 | E7: 160 | F7: =IF(Tablo145[[#This Row],[SATIŞ]]=0,"Açık",(E7-D7)*C7) -> 0.9 | G7: =Tablo145[[#This Row],[ADET]]*Tablo145[[#This Row],[ALIŞ]] -> 159.1 | H7: =Tablo145[[#This Row],[ADET]]*Tablo145[[#This Row],[SATIŞ]] -> 160
B8: 45638 | C8: 5 | D8: 159.1 | E8: 160 | F8: =IF(Tablo145[[#This Row],[SATIŞ]]=0,"Açık",(E8-D8)*C8) -> 4.5 | G8: =Tablo145[[#This Row],[ADET]]*Tablo145[[#This Row],[ALIŞ]] -> 795.5 | H8: =Tablo145[[#This Row],[ADET]]*Tablo145[[#This Row],[SATIŞ]] -> 800
B9: 45639 | C9: 15 | D9: 157 | E9: 160 | F9: =IF(Tablo145[[#This Row],[SATIŞ]]=0,"Açık",(E9-D9)*C9) -> 45 | G9: =Tablo145[[#This Row],[ADET]]*Tablo145[[#This Row],[ALIŞ]] -> 2355 | H9: =Tablo145[[#This Row],[ADET]]*Tablo145[[#This Row],[SATIŞ]] -> 2400
B10: 45341 | C10: 20 | D10: 158 | E10: 159 | F10: =IF(Tablo145[[#This Row],[SATIŞ]]=0,"Açık",(E10-D10)*C10) -> 20 | G10: =Tablo145[[#This Row],[ADET]]*Tablo145[[#This Row],[ALIŞ]] -> 3160 | H10: =Tablo145[[#This Row],[ADET]]*Tablo145[[#This Row],[SATIŞ]] -> 3180
B11: 45341 | C11: 30 | D11: 155 | E11: 159 | F11: =IF(Tablo145[[#This Row],[SATIŞ]]=0,"Açık",(E11-D11)*C11) -> 120 | G11: =Tablo145[[#This Row],[ADET]]*Tablo145[[#This Row],[ALIŞ]] -> 4650 | H11: =Tablo145[[#This Row],[ADET]]*Tablo145[[#This Row],[SATIŞ]] -> 4770
B12: 45359 | C12: 5 | D12: 158 | E12: 164 | F12: =IF(Tablo145[[#This Row],[SATIŞ]]=0,"Açık",(E12-D12)*C12) -> 30 | G12: =Tablo145[[#This Row],[ADET]]*Tablo145[[#This Row],[ALIŞ]] -> 790 | H12: =Tablo145[[#This Row],[ADET]]*Tablo145[[#This Row],[SATIŞ]] -> 820 | J12: =IF(E12=0,D12*1.05,"")
B13: 45359 | C13: 5 | D13: 158 | E13: 158.5 | F13: =IF(Tablo145[[#This Row],[SATIŞ]]=0,"Açık",(E13-D13)*C13) -> 2.5 | G13: =Tablo145[[#This Row],[ADET]]*Tablo145[[#This Row],[ALIŞ]] -> 790 | H13: =Tablo145[[#This Row],[ADET]]*Tablo145[[#This Row],[SATIŞ]] -> 792.5
B14: 45363 | C14: 10 | D14: 156 | E14: 157.5 | F14: =IF(Tablo145[[#This Row],[SATIŞ]]=0,"Açık",(E14-D14)*C14) -> 15 | G14: =Tablo145[[#This Row],[ADET]]*Tablo145[[#This Row],[ALIŞ]] -> 1560 | H14: =Tablo145[[#This Row],[ADET]]*Tablo145[[#This Row],[SATIŞ]] -> 1575 | J14: =IF(E14=0,D14*1.05,"")
B15: 45365 | C15: 10 | D15: 153 | E15: 155 | F15: =IF(Tablo145[[#This Row],[SATIŞ]]=0,"Açık",(E15-D15)*C15) -> 20 | G15: =Tablo145[[#This Row],[ADET]]*Tablo145[[#This Row],[ALIŞ]] -> 1530 | H15: =Tablo145[[#This Row],[ADET]]*Tablo145[[#This Row],[SATIŞ]] -> 1550 | J15: =IF(E15=0,D15*1.05,"")
B16: 45366 | C16: 10 | D16: 151 | E16: 157.5 | F16: =IF(Tablo145[[#This Row],[SATIŞ]]=0,"Açık",(E16-D16)*C16) -> 65 | G16: =Tablo145[[#This Row],[ADET]]*Tablo145[[#This Row],[ALIŞ]] -> 1510 | H16: =Tablo145[[#This Row],[ADET]]*Tablo145[[#This Row],[SATIŞ]] -> 1575 | J16: =IF(E16=0,D16*1.05,"")
B17: 45371 | C17: 10 | D17: 152 | E17: 157.5 | F17: =IF(Tablo145[[#This Row],[SATIŞ]]=0,"Açık",(E17-D17)*C17) -> 55 | G17: =Tablo145[[#This Row],[ADET]]*Tablo145[[#This Row],[ALIŞ]] -> 1520 | H17: =Tablo145[[#This Row],[ADET]]*Tablo145[[#This Row],[SATIŞ]] -> 1575 | J17: =IF(E17=0,D17*1.05,"")
B18: 45371 | C18: 10 | D18: 151 | E18: 157.5 | F18: =IF(Tablo145[[#This Row],[SATIŞ]]=0,"Açık",(E18-D18)*C18) -> 65 | G18: =Tablo145[[#This Row],[ADET]]*Tablo145[[#This Row],[ALIŞ]] -> 1510 | H18: =Tablo145[[#This Row],[ADET]]*Tablo145[[#This Row],[SATIŞ]] -> 1575 | J18: =IF(E18=0,D18*1.05,"")
B19: 45371 | C19: 10 | D19: 150 | E19: 157.5 | F19: =IF(Tablo145[[#This Row],[SATIŞ]]=0,"Açık",(E19-D19)*C19) -> 75 | G19: =Tablo145[[#This Row],[ADET]]*Tablo145[[#This Row],[ALIŞ]] -> 1500 | H19: =Tablo145[[#This Row],[ADET]]*Tablo145[[#This Row],[SATIŞ]] -> 1575 | J19: =IF(E19=0,D19*1.05,"")
B20: 45371 | C20: 10 | D20: 149 | E20: 158.5 | F20: =IF(Tablo145[[#This Row],[SATIŞ]]=0,"Açık",(E20-D20)*C20) -> 95 | G20: =Tablo145[[#This Row],[ADET]]*Tablo145[[#This Row],[ALIŞ]] -> 1490 | H20: =Tablo145[[#This Row],[ADET]]*Tablo145[[#This Row],[SATIŞ]] -> 1585 | J20: =IF(E20=0,D20*1.05,"")
B21: 45373 | C21: 10 | D21: 148 | E21: 152 | F21: =IF(Tablo145[[#This Row],[SATIŞ]]=0,"Açık",(E21-D21)*C21) -> 40 | G21: =Tablo145[[#This Row],[ADET]]*Tablo145[[#This Row],[ALIŞ]] -> 1480 | H21: =Tablo145[[#This Row],[ADET]]*Tablo145[[#This Row],[SATIŞ]] -> 1520 | J21: =IF(E21=0,D21*1.05,"")
B22: 45373 | C22: 10 | D22: 147 | E22: 151 | F22: =IF(Tablo145[[#This Row],[SATIŞ]]=0,"Açık",(E22-D22)*C22) -> 40 | G22: =Tablo145[[#This Row],[ADET]]*Tablo145[[#This Row],[ALIŞ]] -> 1470 | H22: =Tablo145[[#This Row],[ADET]]*Tablo145[[#This Row],[SATIŞ]] -> 1510 | J22: =IF(E22=0,D22*1.05,"")
B23: 45373 | C23: 10 | D23: 145 | E23: 150.4 | F23: =IF(Tablo145[[#This Row],[SATIŞ]]=0,"Açık",(E23-D23)*C23) -> 54 | G23: =Tablo145[[#This Row],[ADET]]*Tablo145[[#This Row],[ALIŞ]] -> 1450 | H23: =Tablo145[[#This Row],[ADET]]*Tablo145[[#This Row],[SATIŞ]] -> 1504 | J23: =IF(E23=0,D23*1.05,"")
B24: 45383 | C24: 10 | D24: 148.1 | E24: 153 | F24: =IF(Tablo145[[#This Row],[SATIŞ]]=0,"Açık",(E24-D24)*C24) -> 49 | G24: =Tablo145[[#This Row],[ADET]]*Tablo145[[#This Row],[ALIŞ]] -> 1481 | H24: =Tablo145[[#This Row],[ADET]]*Tablo145[[#This Row],[SATIŞ]] -> 1530 | J24: =IF(E24=0,D24*1.05,"")
B25: 45383 | C25: 10 | D25: 148.1 | E25: 154 | F25: =IF(Tablo145[[#This Row],[SATIŞ]]=0,"Açık",(E25-D25)*C25) -> 59 | G25: =Tablo145[[#This Row],[ADET]]*Tablo145[[#This Row],[ALIŞ]] -> 1481 | H25: =Tablo145[[#This Row],[ADET]]*Tablo145[[#This Row],[SATIŞ]] -> 1540
B26: 45383 | C26: 10 | D26: 148.1 | E26: 153 | F26: =IF(Tablo145[[#This Row],[SATIŞ]]=0,"Açık",(E26-D26)*C26) -> 49 | G26: =Tablo145[[#This Row],[ADET]]*Tablo145[[#This Row],[ALIŞ]] -> 1481 | H26: =Tablo145[[#This Row],[ADET]]*Tablo145[[#This Row],[SATIŞ]] -> 1530
B27: 45383 | C27: 10 | D27: 147 | E27: 150 | F27: =IF(Tablo145[[#This Row],[SATIŞ]]=0,"Açık",(E27-D27)*C27) -> 30 | G27: =Tablo145[[#This Row],[ADET]]*Tablo145[[#This Row],[ALIŞ]] -> 1470 | H27: =Tablo145[[#This Row],[ADET]]*Tablo145[[#This Row],[SATIŞ]] -> 1500 | J27: =IF(E27=0,D27*1.05,"")
B28: 45383 | C28: 10 | D28: 148.1 | E28: 152.5 | F28: =IF(Tablo145[[#This Row],[SATIŞ]]=0,"Açık",(E28-D28)*C28) -> 44 | G28: =Tablo145[[#This Row],[ADET]]*Tablo145[[#This Row],[ALIŞ]] -> 1481 | H28: =Tablo145[[#This Row],[ADET]]*Tablo145[[#This Row],[SATIŞ]] -> 1525
B29: 45383 | C29: 10 | D29: 148.1 | E29: 153.5 | F29: =IF(Tablo145[[#This Row],[SATIŞ]]=0,"Açık",(E29-D29)*C29) -> 54 | G29: =Tablo145[[#This Row],[ADET]]*Tablo145[[#This Row],[ALIŞ]] -> 1481 | H29: =Tablo145[[#This Row],[ADET]]*Tablo145[[#This Row],[SATIŞ]] -> 1535
B30: 45383 | C30: 10 | D30: 148.1 | E30: 154 | F30: =IF(Tablo145[[#This Row],[SATIŞ]]=0,"Açık",(E30-D30)*C30) -> 59 | G30: =Tablo145[[#This Row],[ADET]]*Tablo145[[#This Row],[ALIŞ]] -> 1481 | H30: =Tablo145[[#This Row],[ADET]]*Tablo145[[#This Row],[SATIŞ]] -> 1540
B31: 45383 | C31: 35 | D31: 148.1 | E31: 158.5 | F31: =IF(Tablo145[[#This Row],[SATIŞ]]=0,"Açık",(E31-D31)*C31) -> 364 | G31: =Tablo145[[#This Row],[ADET]]*Tablo145[[#This Row],[ALIŞ]] -> 5183.5 | H31: =Tablo145[[#This Row],[ADET]]*Tablo145[[#This Row],[SATIŞ]] -> 5547.5
B32: 45383 | C32: 50 | D32: 148.1 | E32: 158 | F32: =IF(Tablo145[[#This Row],[SATIŞ]]=0,"Açık",(E32-D32)*C32) -> 495 | G32: =Tablo145[[#This Row],[ADET]]*Tablo145[[#This Row],[ALIŞ]] -> 7405 | H32: =Tablo145[[#This Row],[ADET]]*Tablo145[[#This Row],[SATIŞ]] -> 7900
B33: 45383 | C33: 35 | D33: 148.1 | E33: 157 | F33: =IF(Tablo145[[#This Row],[SATIŞ]]=0,"Açık",(E33-D33)*C33) -> 311.5 | G33: =Tablo145[[#This Row],[ADET]]*Tablo145[[#This Row],[ALIŞ]] -> 5183.5 | H33: =Tablo145[[#This Row],[ADET]]*Tablo145[[#This Row],[SATIŞ]] -> 5495
B34: 45383 | C34: 30 | D34: 148.1 | E34: 156 | F34: =IF(Tablo145[[#This Row],[SATIŞ]]=0,"Açık",(E34-D34)*C34) -> 237 | G34: =Tablo145[[#This Row],[ADET]]*Tablo145[[#This Row],[ALIŞ]] -> 4443 | H34: =Tablo145[[#This Row],[ADET]]*Tablo145[[#This Row],[SATIŞ]] -> 4680
B35: 45383 | C35: 25 | D35: 148.1 | E35: 155 | F35: =IF(Tablo145[[#This Row],[SATIŞ]]=0,"Açık",(E35-D35)*C35) -> 172.5 | G35: =Tablo145[[#This Row],[ADET]]*Tablo145[[#This Row],[ALIŞ]] -> 3702.5 | H35: =Tablo145[[#This Row],[ADET]]*Tablo145[[#This Row],[SATIŞ]] -> 3875
B36: 45383 | C36: 40 | D36: 148.1 | E36: 153.75 | F36: =IF(Tablo145[[#This Row],[SATIŞ]]=0,"Açık",(E36-D36)*C36) -> 226 | G36: =Tablo145[[#This Row],[ADET]]*Tablo145[[#This Row],[ALIŞ]] -> 5924 | H36: =Tablo145[[#This Row],[ADET]]*Tablo145[[#This Row],[SATIŞ]] -> 6150
B37: 45383 | C37: 15 | D37: 148.1 | E37: 153 | F37: =IF(Tablo145[[#This Row],[SATIŞ]]=0,"Açık",(E37-D37)*C37) -> 73.5 | G37: =Tablo145[[#This Row],[ADET]]*Tablo145[[#This Row],[ALIŞ]] -> 2221.5 | H37: =Tablo145[[#This Row],[ADET]]*Tablo145[[#This Row],[SATIŞ]] -> 2295
B38: 45383 | C38: 10 | D38: 148.1 | E38: 152.5 | F38: =IF(Tablo145[[#This Row],[SATIŞ]]=0,"Açık",(E38-D38)*C38) -> 44 | G38: =Tablo145[[#This Row],[ADET]]*Tablo145[[#This Row],[ALIŞ]] -> 1481 | H38: =Tablo145[[#This Row],[ADET]]*Tablo145[[#This Row],[SATIŞ]] -> 1525
B39: 45385 | C39: 10 | D39: 150 | E39: 152 | F39: =IF(Tablo145[[#This Row],[SATIŞ]]=0,"Açık",(E39-D39)*C39) -> 20 | G39: =Tablo145[[#This Row],[ADET]]*Tablo145[[#This Row],[ALIŞ]] -> 1500 | H39: =Tablo145[[#This Row],[ADET]]*Tablo145[[#This Row],[SATIŞ]] -> 1520
... B41: 45386 | C41: 10 | D41: 156 | E41: 158 | F41: =IF(Tablo145[[#This Row],[SATIŞ]]=0,"Açık",(E41-D41)*C41) -> 20 | G41: =Tablo145[[#This Row],[ADET]]*Tablo145[[#This Row],[ALIŞ]] -> 1560 | H41: =Tablo145[[#This Row],[ADET]]*Tablo145[[#This Row],[SATIŞ]] -> 1580
B42: 45391 | C42: 100 | D42: 167 | F42: =IF(Tablo145[[#This Row],[SATIŞ]]=0,"Açık",(E42-D42)*C42) -> Açık | G42: =Tablo145[[#This Row],[ADET]]*Tablo145[[#This Row],[ALIŞ]] -> 16700 | H42: =Tablo145[[#This Row],[ADET]]*Tablo145[[#This Row],[SATIŞ]] -> 0
B43: 45397 | C43: 20 | D43: 162 | E43: 163.5 | F43: =IF(Tablo145[[#This Row],[SATIŞ]]=0,"Açık",(E43-D43)*C43) -> 30 | G43: =Tablo145[[#This Row],[ADET]]*Tablo145[[#This Row],[ALIŞ]] -> 3240 | H43: =Tablo145[[#This Row],[ADET]]*Tablo145[[#This Row],[SATIŞ]] -> 3270
B44: 45397 | C44: 10 | D44: 162 | E44: 164 | F44: =IF(Tablo145[[#This Row],[SATIŞ]]=0,"Açık",(E44-D44)*C44) -> 20 | G44: =Tablo145[[#This Row],[ADET]]*Tablo145[[#This Row],[ALIŞ]] -> 1620 | H44: =Tablo145[[#This Row],[ADET]]*Tablo145[[#This Row],[SATIŞ]] -> 1640
B45: 45397 | C45: 20 | D45: 162 | E45: 164.75 | F45: =IF(Tablo145[[#This Row],[SATIŞ]]=0,"Açık",(E45-D45)*C45) -> 55 | G45: =Tablo145[[#This Row],[ADET]]*Tablo145[[#This Row],[ALIŞ]] -> 3240 | H45: =Tablo145[[#This Row],[ADET]]*Tablo145[[#This Row],[SATIŞ]] -> 3295
B46: 45397 | C46: 20 | D46: 162 | E46: 165.25 | F46: =IF(Tablo145[[#This Row],[SATIŞ]]=0,"Açık",(E46-D46)*C46) -> 65 | G46: =Tablo145[[#This Row],[ADET]]*Tablo145[[#This Row],[ALIŞ]] -> 3240 | H46: =Tablo145[[#This Row],[ADET]]*Tablo145[[#This Row],[SATIŞ]] -> 3305
B47: 45397 | C47: 10 | D47: 162 | E47: 166 | F47: =IF(Tablo145[[#This Row],[SATIŞ]]=0,"Açık",(E47-D47)*C47) -> 40 | G47: =Tablo145[[#This Row],[ADET]]*Tablo145[[#This Row],[ALIŞ]] -> 1620 | H47: =Tablo145[[#This Row],[ADET]]*Tablo145[[#This Row],[SATIŞ]] -> 1660
B48: 45397 | C48: 10 | D48: 162 | E48: 166.5 | F48: =IF(Tablo145[[#This Row],[SATIŞ]]=0,"Açık",(E48-D48)*C48) -> 45 | G48: =Tablo145[[#This Row],[ADET]]*Tablo145[[#This Row],[ALIŞ]] -> 1620 | H48: =Tablo145[[#This Row],[ADET]]*Tablo145[[#This Row],[SATIŞ]] -> 1665
B49: 45397 | C49: 20 | D49: 165 | E49: 167.25 | F49: =IF(Tablo145[[#This Row],[SATIŞ]]=0,"Açık",(E49-D49)*C49) -> 45 | G49: =Tablo145[[#This Row],[ADET]]*Tablo145[[#This Row],[ALIŞ]] -> 3300 | H49: =Tablo145[[#This Row],[ADET]]*Tablo145[[#This Row],[SATIŞ]] -> 3345
B50: 45398 | C50: 10 | D50: 160 | E50: 161 | F50: =IF(Tablo145[[#This Row],[SATIŞ]]=0,"Açık",(E50-D50)*C50) -> 10 | G50: =Tablo145[[#This Row],[ADET]]*Tablo145[[#This Row],[ALIŞ]] -> 1600 | H50: =Tablo145[[#This Row],[ADET]]*Tablo145[[#This Row],[SATIŞ]] -> 1610
B51: 45398 | C51: 20 | D51: 160 | E51: 162 | F51: =IF(Tablo145[[#This Row],[SATIŞ]]=0,"Açık",(E51-D51)*C51) -> 40 | G51: =Tablo145[[#This Row],[ADET]]*Tablo145[[#This Row],[ALIŞ]] -> 3200 | H51: =Tablo145[[#This Row],[ADET]]*Tablo145[[#This Row],[SATIŞ]] -> 3240
B52: 45398 | C52: 30 | D52: 160 | E52: 163 | F52: =IF(Tablo145[[#This Row],[SATIŞ]]=0,"Açık",(E52-D52)*C52) -> 90 | G52: =Tablo145[[#This Row],[ADET]]*Tablo145[[#This Row],[ALIŞ]] -> 4800 | H52: =Tablo145[[#This Row],[ADET]]*Tablo145[[#This Row],[SATIŞ]] -> 4890
B53: 45398 | C53: 40 | D53: 160 | E53: 164 | F53: =IF(Tablo145[[#This Row],[SATIŞ]]=0,"Açık",(E53-D53)*C53) -> 160 | G53: =Tablo145[[#This Row],[ADET]]*Tablo145[[#This Row],[ALIŞ]] -> 6400 | H53: =Tablo145[[#This Row],[ADET]]*Tablo145[[#This Row],[SATIŞ]] -> 6560
B54: 45399 | C54: 20 | D54: 160 | E54: 165.25 | F54: =IF(Tablo145[[#This Row],[SATIŞ]]=0,"Açık",(E54-D54)*C54) -> 105 | G54: =Tablo145[[#This Row],[ADET]]*Tablo145[[#This Row],[ALIŞ]] -> 3200 | H54: =Tablo145[[#This Row],[ADET]]*Tablo145[[#This Row],[SATIŞ]] -> 3305
... B58: 45399 | C58: 55 | D58: 160 | E58: 166 | F58: =IF(Tablo145[[#This Row],[SATIŞ]]=0,"Açık",(E58-D58)*C58) -> 330 | G58: =Tablo145[[#This Row],[ADET]]*Tablo145[[#This Row],[ALIŞ]] -> 8800 | H58: =Tablo145[[#This Row],[ADET]]*Tablo145[[#This Row],[SATIŞ]] -> 9130

Sheet ARENA
B1: ANA SAYFA | C1: =SUMIF(Tablo1456[KAR],"Açık",Tablo1456[ADET]) -> 150 | D1: =+İcmal!E8 -> 51.2 | E1: =C1*D1 -> 7680 | F1: =IFERROR(((SUM(Tablo1456[ALIŞ TUTAR])-SUM(Tablo1456[SATIŞ TUTAR]))/C1),"") -> 7.0947851 | G1: =IF(M3=0,L3,C1*(D1-F1)) -> 6615.7822 | J1: HEDEF | K1: YATIRIM | L1: KALAN | M1: =F1 -> 7.0947851 | N1: =M1*(1+$J$1) -> #VALUE! | P1: =Q1*(1-$J$1) -> #VALUE! | Q1: =+D1 -> 51.2 | R1: =Q1*(1+$J$1) -> #VALUE!
B2: ARENA | J2: =SUMIFS(Tablo2[HEDEF2],Tablo2[HİSSE],B2) -> 1000 | K2: =+E1/İcmal!$P$2 -> 236.08976 | L2: =+J2-K2 -> 763.91024
B3: TARİH | C3: ADET | D3: ALIŞ | E3: SATIŞ | F3: KAR | G3: ALIŞ TUTAR | H3: SATIŞ TUTAR | L3: =SUM(Tablo1456[KAR]) -> 6785.7822 | M3: =+C1 -> 150
B4: 45291 | C4: 2076 | D4: 29.47969 | E4: 30.05143 | F4: =IF(Tablo1456[[#This Row],[SATIŞ]]=0,"Açık",(E4-D4)*C4) -> 1186.9322 | G4: =Tablo1456[[#This Row],[ADET]]*Tablo1456[[#This Row],[ALIŞ]] -> 61199.836 | H4: =Tablo1456[[#This Row],[ADET]]*Tablo1456[[#This Row],[SATIŞ]] -> 62386.769 | L4: =SUM(Tablo1456[ALIŞ TUTAR]) -> 353411.14 | M4: =SUM(Tablo1456[SATIŞ TUTAR]) -> 352346.92 | N4: =L4-M4 -> 1064.2178
B5: 45294 | C5: 20 | D5: 31.8 | E5: 32.3 | F5: =IF(Tablo1456[[#This Row],[SATIŞ]]=0,"Açık",(E5-D5)*C5) -> 10 | G5: =Tablo1456[[#This Row],[ADET]]*Tablo1456[[#This Row],[ALIŞ]] -> 636 | H5: =Tablo1456[[#This Row],[ADET]]*Tablo1456[[#This Row],[SATIŞ]] -> 646 | N5: =+N4/80 -> 13.302722
B6: 45294 | C6: 15 | D6: 30.84 | E6: 31.3 | F6: =IF(Tablo1456[[#This Row],[SATIŞ]]=0,"Açık",(E6-D6)*C6) -> 6.9 | G6: =Tablo1456[[#This Row],[ADET]]*Tablo1456[[#This Row],[ALIŞ]] -> 462.6 | H6: =Tablo1456[[#This Row],[ADET]]*Tablo1456[[#This Row],[SATIŞ]] -> 469.5
B7: 45294 | C7: 15 | D7: 30.9 | E7: 31.3 | F7: =IF(Tablo1456[[#This Row],[SATIŞ]]=0,"Açık",(E7-D7)*C7) -> 6 | G7: =Tablo1456[[#This Row],[ADET]]*Tablo1456[[#This Row],[ALIŞ]] -> 463.5 | H7: =Tablo1456[[#This Row],[ADET]]*Tablo1456[[#This Row],[SATIŞ]] -> 469.5
B8: 45295 | C8: 20 | D8: 31 | E8: 31.5 | F8: =IF(Tablo1456[[#This Row],[SATIŞ]]=0,"Açık",(E8-D8)*C8) -> 10 | G8: =Tablo1456[[#This Row],[ADET]]*Tablo1456[[#This Row],[ALIŞ]] -> 620 | H8: =Tablo1456[[#This Row],[ADET]]*Tablo1456[[#This Row],[SATIŞ]] -> 630
B9: 45295 | C9: 70 | D9: 33.88 | E9: 33.88 | F9: =IF(Tablo1456[[#This Row],[SATIŞ]]=0,"Açık",(E9-D9)*C9) -> 0 | G9: =Tablo1456[[#This Row],[ADET]]*Tablo1456[[#This Row],[ALIŞ]] -> 2371.6 | H9: =Tablo1456[[#This Row],[ADET]]*Tablo1456[[#This Row],[SATIŞ]] -> 2371.6
B10: 45296 | C10: 10 | D10: 34.5 | E10: 35 | F10: =IF(Tablo1456[[#This Row],[SATIŞ]]=0,"Açık",(E10-D10)*C10) -> 5 | G10: =Tablo1456[[#This Row],[ADET]]*Tablo1456[[#This Row],[ALIŞ]] -> 345 | H10: =Tablo1456[[#This Row],[ADET]]*Tablo1456[[#This Row],[SATIŞ]] -> 350
B11: 45296 | C11: 10 | D11: 36 | E11: 36 | F11: =IF(Tablo1456[[#This Row],[SATIŞ]]=0,"Açık",(E11-D11)*C11) -> 0 | G11: =Tablo1456[[#This Row],[ADET]]*Tablo1456[[#This Row],[ALIŞ]] -> 360 | H11: =Tablo1456[[#This Row],[ADET]]*Tablo1456[[#This Row],[SATIŞ]] -> 360
B12: 45296 | C12: 10 | D12: 35 | E12: 35 | F12: =IF(Tablo1456[[#This Row],[SATIŞ]]=0,"Açık",(E12-D12)*C12) -> 0 | G12: =Tablo1456[[#This Row],[ADET]]*Tablo1456[[#This Row],[ALIŞ]] -> 350 | H12: =Tablo1456[[#This Row],[ADET]]*Tablo1456[[#This Row],[SATIŞ]] -> 350
B13: 45299 | C13: 10 | D13: 33.62 | E13: 34 | F13: =IF(Tablo1456[[#This Row],[SATIŞ]]=0,"Açık",(E13-D13)*C13) -> 3.8 | G13: =Tablo1456[[#This Row],[ADET]]*Tablo1456[[#This Row],[ALIŞ]] -> 336.2 | H13: =Tablo1456[[#This Row],[ADET]]*Tablo1456[[#This Row],[SATIŞ]] -> 340
B14: 45299 | C14: 10 | D14: 33.4 | E14: 34 | F14: =IF(Tablo1456[[#This Row],[SATIŞ]]=0,"Açık",(E14-D14)*C14) -> 6 | G14: =Tablo1456[[#This Row],[ADET]]*Tablo1456[[#This Row],[ALIŞ]] -> 334 | H14: =Tablo1456[[#This Row],[ADET]]*Tablo1456[[#This Row],[SATIŞ]] -> 340
B15: 45299 | C15: 15 | D15: 33.2 | E15: 34.4 | F15: =IF(Tablo1456[[#This Row],[SATIŞ]]=0,"Açık",(E15-D15)*C15) -> 18 | G15: =Tablo1456[[#This Row],[ADET]]*Tablo1456[[#This Row],[ALIŞ]] -> 498 | H15: =Tablo1456[[#This Row],[ADET]]*Tablo1456[[#This Row],[SATIŞ]] -> 516
B16: 45300 | C16: 10 | D16: 33.3 | E16: 34.5 | F16: =IF(Tablo1456[[#This Row],[SATIŞ]]=0,"Açık",(E16-D16)*C16) -> 12 | G16: =Tablo1456[[#This Row],[ADET]]*Tablo1456[[#This Row],[ALIŞ]] -> 333 | H16: =Tablo1456[[#This Row],[ADET]]*Tablo1456[[#This Row],[SATIŞ]] -> 345
B17: 45302 | C17: 10 | D17: 34.5 | E17: 35.6 | F17: =IF(Tablo1456[[#This Row],[SATIŞ]]=0,"Açık",(E17-D17)*C17) -> 11 | G17: =Tablo1456[[#This Row],[ADET]]*Tablo1456[[#This Row],[ALIŞ]] -> 345 | H17: =Tablo1456[[#This Row],[ADET]]*Tablo1456[[#This Row],[SATIŞ]] -> 356
... B32: 45330 | C32: 20 | D32: 46.5 | E32: 47 | F32: =IF(Tablo1456[[#This Row],[SATIŞ]]=0,"Açık",(E32-D32)*C32) -> 10 | G32: =Tablo1456[[#This Row],[ADET]]*Tablo1456[[#This Row],[ALIŞ]] -> 930 | H32: =Tablo1456[[#This Row],[ADET]]*Tablo1456[[#This Row],[SATIŞ]] -> 940
B33: 45330 | C33: 10 | D33: 46.5 | E33: 48.64 | F33: =IF(Tablo1456[[#This Row],[SATIŞ]]=0,"Açık",(E33-D33)*C33) -> 21.4 | G33: =Tablo1456[[#This Row],[ADET]]*Tablo1456[[#This Row],[ALIŞ]] -> 465 | H33: =Tablo1456[[#This Row],[ADET]]*Tablo1456[[#This Row],[SATIŞ]] -> 486.4 | N33: =48*1.02 -> 48.96
B34: 45331 | C34: 10 | D34: 47.2 | E34: 47.5 | F34: =IF(Tablo1456[[#This Row],[SATIŞ]]=0,"Açık",(E34-D34)*C34) -> 3 | G34: =Tablo1456[[#This Row],[ADET]]*Tablo1456[[#This Row],[ALIŞ]] -> 472 | H34: =Tablo1456[[#This Row],[ADET]]*Tablo1456[[#This Row],[SATIŞ]] -> 475
B35: 45331 | C35: 15 | D35: 47.2 | E35: 47.9 | F35: =IF(Tablo1456[[#This Row],[SATIŞ]]=0,"Açık",(E35-D35)*C35) -> 10.5 | G35: =Tablo1456[[#This Row],[ADET]]*Tablo1456[[#This Row],[ALIŞ]] -> 708 | H35: =Tablo1456[[#This Row],[ADET]]*Tablo1456[[#This Row],[SATIŞ]] -> 718.5
B36: 45331 | C36: 25 | D36: 48 | E36: 48.5 | F36: =IF(Tablo1456[[#This Row],[SATIŞ]]=0,"Açık",(E36-D36)*C36) -> 12.5 | G36: =Tablo1456[[#This Row],[ADET]]*Tablo1456[[#This Row],[ALIŞ]] -> 1200 | H36: =Tablo1456[[#This Row],[ADET]]*Tablo1456[[#This Row],[SATIŞ]] -> 1212.5
B37: 45331 | C37: 35 | D37: 48 | E37: 49 | F37: =IF(Tablo1456[[#This Row],[SATIŞ]]=0,"Açık",(E37-D37)*C37) -> 35 | G37: =Tablo1456[[#This Row],[ADET]]*Tablo1456[[#This Row],[ALIŞ]] -> 1680 | H37: =Tablo1456[[#This Row],[ADET]]*Tablo1456[[#This Row],[SATIŞ]] -> 1715
B38: 45331 | C38: 15 | D38: 48 | E38: 48.7 | F38: =IF(Tablo1456[[#This Row],[SATIŞ]]=0,"Açık",(E38-D38)*C38) -> 10.5 | G38: =Tablo1456[[#This Row],[ADET]]*Tablo1456[[#This Row],[ALIŞ]] -> 720 | H38: =Tablo1456[[#This Row],[ADET]]*Tablo1456[[#This Row],[SATIŞ]] -> 730.5
B39: 45334 | C39: 30 | D39: 48.2 | E39: 50 | F39: =IF(Tablo1456[[#This Row],[SATIŞ]]=0,"Açık",(E39-D39)*C39) -> 54 | G39: =Tablo1456[[#This Row],[ADET]]*Tablo1456[[#This Row],[ALIŞ]] -> 1446 | H39: =Tablo1456[[#This Row],[ADET]]*Tablo1456[[#This Row],[SATIŞ]] -> 1500
B40: 45334 | C40: 30 | D40: 48.2 | E40: 52 | F40: =IF(Tablo1456[[#This Row],[SATIŞ]]=0,"Açık",(E40-D40)*C40) -> 114 | G40: =Tablo1456[[#This Row],[ADET]]*Tablo1456[[#This Row],[ALIŞ]] -> 1446 | H40: =Tablo1456[[#This Row],[ADET]]*Tablo1456[[#This Row],[SATIŞ]] -> 1560
B41: 45335 | C41: 20 | D41: 48.8 | E41: 52 | F41: =IF(Tablo1456[[#This Row],[SATIŞ]]=0,"Açık",(E41-D41)*C41) -> 64 | G41: =Tablo1456[[#This Row],[ADET]]*Tablo1456[[#This Row],[ALIŞ]] -> 976 | H41: =Tablo1456[[#This Row],[ADET]]*Tablo1456[[#This Row],[SATIŞ]] -> 1040
B42: 45335 | C42: 15 | D42: 48 | E42: 47.36 | F42: =IF(Tablo1456[[#This Row],[SATIŞ]]=0,"Açık",(E42-D42)*C42) -> -9.6 | G42: =Tablo1456[[#This Row],[ADET]]*Tablo1456[[#This Row],[ALIŞ]] -> 720 | H42: =Tablo1456[[#This Row],[ADET]]*Tablo1456[[#This Row],[SATIŞ]] -> 710.4
B43: 45335 | C43: 15 | D43: 47 | E43: 47.36 | F43: =IF(Tablo1456[[#This Row],[SATIŞ]]=0,"Açık",(E43-D43)*C43) -> 5.4 | G43: =Tablo1456[[#This Row],[ADET]]*Tablo1456[[#This Row],[ALIŞ]] -> 705 | H43: =Tablo1456[[#This Row],[ADET]]*Tablo1456[[#This Row],[SATIŞ]] -> 710.4
B44: 45335 | C44: 20 | D44: 47 | E44: 52 | F44: =IF(Tablo1456[[#This Row],[SATIŞ]]=0,"Açık",(E44-D44)*C44) -> 100 | G44: =Tablo1456[[#This Row],[ADET]]*Tablo1456[[#This Row],[ALIŞ]] -> 940 | H44: =Tablo1456[[#This Row],[ADET]]*Tablo1456[[#This Row],[SATIŞ]] -> 1040
B45: 45336 | C45: 40 | D45: 45.5 | E45: 47.36 | F45: =IF(Tablo1456[[#This Row],[SATIŞ]]=0,"Açık",(E45-D45)*C45) -> 74.4 | G45: =Tablo1456[[#This Row],[ADET]]*Tablo1456[[#This Row],[ALIŞ]] -> 1820 | H45: =Tablo1456[[#This Row],[ADET]]*Tablo1456[[#This Row],[SATIŞ]] -> 1894.4
... B56: 45345 | C56: 100 | D56: 50 | E56: 56 | F56: =IF(Tablo1456[[#This Row],[SATIŞ]]=0,"Açık",(E56-D56)*C56) -> 600 | G56: =Tablo1456[[#This Row],[ADET]]*Tablo1456[[#This Row],[ALIŞ]] -> 5000 | H56: =Tablo1456[[#This Row],[ADET]]*Tablo1456[[#This Row],[SATIŞ]] -> 5600
B57: 45349 | C57: 100 | D57: 53 | F57: =IF(Tablo1456[[#This Row],[SATIŞ]]=0,"Açık",(E57-D57)*C57) -> Açık | G57: =Tablo1456[[#This Row],[ADET]]*Tablo1456[[#This Row],[ALIŞ]] -> 5300 | H57: =Tablo1456[[#This Row],[ADET]]*Tablo1456[[#This Row],[SATIŞ]] -> 0 | J57: =IF(E57=0,D57*1.05,"") -> 55.65
B58: 45350 | C58: 50 | D58: 51 | F58: =IF(Tablo1456[[#This Row],[SATIŞ]]=0,"Açık",(E58-D58)*C58) -> Açık | G58: =Tablo1456[[#This Row],[ADET]]*Tablo1456[[#This Row],[ALIŞ]] -> 2550 | H58: =Tablo1456[[#This Row],[ADET]]*Tablo1456[[#This Row],[SATIŞ]] -> 0 | J58: =IF(E58=0,D58*1.05,"") -> 53.55
B59: 45350 | C59: 50 | D59: 50 | E59: 53 | F59: =IF(Tablo1456[[#This Row],[SATIŞ]]=0,"Açık",(E59-D59)*C59) -> 150 | G59: =Tablo1456[[#This Row],[ADET]]*Tablo1456[[#This Row],[ALIŞ]] -> 2500 | H59: =Tablo1456[[#This Row],[ADET]]*Tablo1456[[#This Row],[SATIŞ]] -> 2650 | J59: =IF(E59=0,D59*1.05,"")
B60: 45351 | C60: 50 | D60: 51 | E60: 52 | F60: =IF(Tablo1456[[#This Row],[SATIŞ]]=0,"Açık",(E60-D60)*C60) -> 50 | G60: =Tablo1456[[#This Row],[ADET]]*Tablo1456[[#This Row],[ALIŞ]] -> 2550 | H60: =Tablo1456[[#This Row],[ADET]]*Tablo1456[[#This Row],[SATIŞ]] -> 2600 | J60: =IF(E60=0,D60*1.05,"")
B61: 45355 | C61: 50 | D61: 49.9 | E61: 51 | F61: =IF(Tablo1456[[#This Row],[SATIŞ]]=0,"Açık",(E61-D61)*C61) -> 55 | G61: =Tablo1456[[#This Row],[ADET]]*Tablo1456[[#This Row],[ALIŞ]] -> 2495 | H61: =Tablo1456[[#This Row],[ADET]]*Tablo1456[[#This Row],[SATIŞ]] -> 2550 | J61: =IF(E61=0,D61*1.05,"")
B62: 45355 | C62: 50 | D62: 50 | E62: 51.2 | F62: =IF(Tablo1456[[#This Row],[SATIŞ]]=0,"Açık",(E62-D62)*C62) -> 60 | G62: =Tablo1456[[#This Row],[ADET]]*Tablo1456[[#This Row],[ALIŞ]] -> 2500 | H62: =Tablo1456[[#This Row],[ADET]]*Tablo1456[[#This Row],[SATIŞ]] -> 2560 | J62: =IF(E62=0,D62*1.05,"")
B63: 45356 | C63: 50 | D63: 49 | E63: 50 | F63: =IF(Tablo1456[[#This Row],[SATIŞ]]=0,"Açık",(E63-D63)*C63) -> 50 | G63: =Tablo1456[[#This Row],[ADET]]*Tablo1456[[#This Row],[ALIŞ]] -> 2450 | H63: =Tablo1456[[#This Row],[ADET]]*Tablo1456[[#This Row],[SATIŞ]] -> 2500 | J63: =IF(E63=0,D63*1.05,"")
B64: 45357 | C64: 50 | D64: 47 | E64: 48 | F64: =IF(Tablo1456[[#This Row],[SATIŞ]]=0,"Açık",(E64-D64)*C64) -> 50 | G64: =Tablo1456[[#This Row],[ADET]]*Tablo1456[[#This Row],[ALIŞ]] -> 2350 | H64: =Tablo1456[[#This Row],[ADET]]*Tablo1456[[#This Row],[SATIŞ]] -> 2400 | J64: =IF(E64=0,D64*1.05,"")
B65: 45358 | C65: 50 | D65: 46 | E65: 48 | F65: =IF(Tablo1456[[#This Row],[SATIŞ]]=0,"Açık",(E65-D65)*C65) -> 100 | G65: =Tablo1456[[#This Row],[ADET]]*Tablo1456[[#This Row],[ALIŞ]] -> 2300 | H65: =Tablo1456[[#This Row],[ADET]]*Tablo1456[[#This Row],[SATIŞ]] -> 2400 | J65: =IF(E65=0,D65*1.05,"")
B66: 45359 | C66: 50 | D66: 46.9 | E66: 48 | F66: =IF(Tablo1456[[#This Row],[SATIŞ]]=0,"Açık",(E66-D66)*C66) -> 55 | G66: =Tablo1456[[#This Row],[ADET]]*Tablo1456[[#This Row],[ALIŞ]] -> 2345 | H66: =Tablo1456[[#This Row],[ADET]]*Tablo1456[[#This Row],[SATIŞ]] -> 2400 | J66: =IF(E66=0,D66*1.05,"")
B67: 45359 | C67: 50 | D67: 48 | E67: 48.5 | F67: =IF(Tablo1456[[#This Row],[SATIŞ]]=0,"Açık",(E67-D67)*C67) -> 25 | G67: =Tablo1456[[#This Row],[ADET]]*Tablo1456[[#This Row],[ALIŞ]] -> 2400 | H67: =Tablo1456[[#This Row],[ADET]]*Tablo1456[[#This Row],[SATIŞ]] -> 2425 | J67: =IF(E67=0,D67*1.05,"")
B68: 45359 | C68: 50 | D68: 47.5 | E68: 48.3 | F68: =IF(Tablo1456[[#This Row],[SATIŞ]]=0,"Açık",(E68-D68)*C68) -> 40 | G68: =Tablo1456[[#This Row],[ADET]]*Tablo1456[[#This Row],[ALIŞ]] -> 2375 | H68: =Tablo1456[[#This Row],[ADET]]*Tablo1456[[#This Row],[SATIŞ]] -> 2415 | J68: =IF(E68=0,D68*1.05,"")
B69: 45362 | C69: 50 | D69: 48 | E69: 49 | F69: =IF(Tablo1456[[#This Row],[SATIŞ]]=0,"Açık",(E69-D69)*C69) -> 50 | G69: =Tablo1456[[#This Row],[ADET]]*Tablo1456[[#This Row],[ALIŞ]] -> 2400 | H69: =Tablo1456[[#This Row],[ADET]]*Tablo1456[[#This Row],[SATIŞ]] -> 2450 | J69: =IF(E69=0,D69*1.05,"")
B70: 45362 | C70: 50 | D70: 48 | E70: 49 | F70: =IF(Tablo1456[[#This Row],[SATIŞ]]=0,"Açık",(E70-D70)*C70) -> 50 | G70: =Tablo1456[[#This Row],[ADET]]*Tablo1456[[#This Row],[ALIŞ]] -> 2400 | H70: =Tablo1456[[#This Row],[ADET]]*Tablo1456[[#This Row],[SATIŞ]] -> 2450 | J70: =IF(E70=0,D70*1.05,"")
... B112: 45379 | C112: 50 | D112: 41 | E112: 41.4 | F112: =IF(Tablo1456[[#This Row],[SATIŞ]]=0,"Açık",(E112-D112)*C112) -> 20 | G112: =Tablo1456[[#This Row],[ADET]]*Tablo1456[[#This Row],[ALIŞ]] -> 2050 | H112: =Tablo1456[[#This Row],[ADET]]*Tablo1456[[#This Row],[SATIŞ]] -> 2070 | J112: =IF(E112=0,D112*1.05,"")
B113: 45379 | C113: 50 | D113: 40.5 | E113: 41 | F113: =IF(Tablo1456[[#This Row],[SATIŞ]]=0,"Açık",(E113-D113)*C113) -> 25 | G113: =Tablo1456[[#This Row],[ADET]]*Tablo1456[[#This Row],[ALIŞ]] -> 2025 | H113: =Tablo1456[[#This Row],[ADET]]*Tablo1456[[#This Row],[SATIŞ]] -> 2050
B114: 45379 | C114: 50 | D114: 40.5 | E114: 41 | F114: =IF(Tablo1456[[#This Row],[SATIŞ]]=0,"Açık",(E114-D114)*C114) -> 25 | G114: =Tablo1456[[#This Row],[ADET]]*Tablo1456[[#This Row],[ALIŞ]] -> 2025 | H114: =Tablo1456[[#This Row],[ADET]]*Tablo1456[[#This Row],[SATIŞ]] -> 2050
B115: 45380 | C115: 50 | D115: 40 | E115: 40.5 | F115: =IF(Tablo1456[[#This Row],[SATIŞ]]=0,"Açık",(E115-D115)*C115) -> 25 | G115: =Tablo1456[[#This Row],[ADET]]*Tablo1456[[#This Row],[ALIŞ]] -> 2000 | H115: =Tablo1456[[#This Row],[ADET]]*Tablo1456[[#This Row],[SATIŞ]] -> 2025
B116: 45380 | C116: 50 | D116: 40 | E116: 41 | F116: =IF(Tablo1456[[#This Row],[SATIŞ]]=0,"Açık",(E116-D116)*C116) -> 50 | G116: =Tablo1456[[#This Row],[ADET]]*Tablo1456[[#This Row],[ALIŞ]] -> 2000 | H116: =Tablo1456[[#This Row],[ADET]]*Tablo1456[[#This Row],[SATIŞ]] -> 2050
B117: 45383 | C117: 50 | D117: 40 | E117: 41 | F117: =IF(Tablo1456[[#This Row],[SATIŞ]]=0,"Açık",(E117-D117)*C117) -> 50 | G117: =Tablo1456[[#This Row],[ADET]]*Tablo1456[[#This Row],[ALIŞ]] -> 2000 | H117: =Tablo1456[[#This Row],[ADET]]*Tablo1456[[#This Row],[SATIŞ]] -> 2050
B118: 45383 | C118: 50 | D118: 40 | E118: 40.5 | F118: =IF(Tablo1456[[#This Row],[SATIŞ]]=0,"Açık",(E118-D118)*C118) -> 25 | G118: =Tablo1456[[#This Row],[ADET]]*Tablo1456[[#This Row],[ALIŞ]] -> 2000 | H118: =Tablo1456[[#This Row],[ADET]]*Tablo1456[[#This Row],[SATIŞ]] -> 2025
B119: 45383 | C119: 50 | D119: 39 | E119: 39.5 | F119: =IF(Tablo1456[[#This Row],[SATIŞ]]=0,"Açık",(E119-D119)*C119) -> 25 | G119: =Tablo1456[[#This Row],[ADET]]*Tablo1456[[#This Row],[ALIŞ]] -> 1950 | H119: =Tablo1456[[#This Row],[ADET]]*Tablo1456[[#This Row],[SATIŞ]] -> 1975
B120: 45383 | C120: 50 | D120: 39 | E120: 39.5 | F120: =IF(Tablo1456[[#This Row],[SATIŞ]]=0,"Açık",(E120-D120)*C120) -> 25 | G120: =Tablo1456[[#This Row],[ADET]]*Tablo1456[[#This Row],[ALIŞ]] -> 1950 | H120: =Tablo1456[[#This Row],[ADET]]*Tablo1456[[#This Row],[SATIŞ]] -> 1975
B121: 45383 | C121: 50 | D121: 38 | E121: 39.3 | F121: =IF(Tablo1456[[#This Row],[SATIŞ]]=0,"Açık",(E121-D121)*C121) -> 65 | G121: =Tablo1456[[#This Row],[ADET]]*Tablo1456[[#This Row],[ALIŞ]] -> 1900 | H121: =Tablo1456[[#This Row],[ADET]]*Tablo1456[[#This Row],[SATIŞ]] -> 1965
B122: 45383 | C122: 50 | D122: 38 | E122: 39.5 | F122: =IF(Tablo1456[[#This Row],[SATIŞ]]=0,"Açık",(E122-D122)*C122) -> 75 | G122: =Tablo1456[[#This Row],[ADET]]*Tablo1456[[#This Row],[ALIŞ]] -> 1900 | H122: =Tablo1456[[#This Row],[ADET]]*Tablo1456[[#This Row],[SATIŞ]] -> 1975
B123: 45384 | C123: 50 | D123: 39 | E123: 39.5 | F123: =IF(Tablo1456[[#This Row],[SATIŞ]]=0,"Açık",(E123-D123)*C123) -> 25 | G123: =Tablo1456[[#This Row],[ADET]]*Tablo1456[[#This Row],[ALIŞ]] -> 1950 | H123: =Tablo1456[[#This Row],[ADET]]*Tablo1456[[#This Row],[SATIŞ]] -> 1975
B124: 45387 | C124: 50 | D124: 39 | E124: 40 | F124: =IF(Tablo1456[[#This Row],[SATIŞ]]=0,"Açık",(E124-D124)*C124) -> 50 | G124: =Tablo1456[[#This Row],[ADET]]*Tablo1456[[#This Row],[ALIŞ]] -> 1950 | H124: =Tablo1456[[#This Row],[ADET]]*Tablo1456[[#This Row],[SATIŞ]] -> 2000
... B141: 45401 | C141: 50 | D141: 48.9 | E141: 49 | F141: =IF(Tablo1456[[#This Row],[SATIŞ]]=0,"Açık",(E141-D141)*C141) -> 5 | G141: =Tablo1456[[#This Row],[ADET]]*Tablo1456[[#This Row],[ALIŞ]] -> 2445 | H141: =Tablo1456[[#This Row],[ADET]]*Tablo1456[[#This Row],[SATIŞ]] -> 2450
K148: =350*0.2 -> 70

Sheet ARZUM
B1: ANA SAYFA | C1: =SUMIF(Tablo14567[KAR],"Açık",Tablo14567[ADET]) -> 450 | D1: =+İcmal!E9 -> 46 | E1: =C1*D1 -> 20700 | F1: =IFERROR(((SUM(Tablo14567[ALIŞ TUTAR])-SUM(Tablo14567[SATIŞ TUTAR]))/C1),"") -> 36.361529 | G1: =IF(M3=0,L3,C1*(D1-F1)) -> 4337.312 | J1: HEDEF | K1: YATIRIM | L1: KALAN | M1: =F1 -> 36.361529 | N1: =M1*(1+$J$1) -> #VALUE! | P1: =Q1*(1-$J$1) -> #VALUE! | Q1: =+D1 -> 46 | R1: =Q1*(1+$J$1) -> #VALUE!
B2: ARZUM | J2: =SUMIFS(Tablo2[HEDEF2],Tablo2[HİSSE],B2) -> 500 | K2: =+E1/İcmal!$P$2 -> 636.33569 | L2: =+J2-K2 -> -136.33569
B3: TARİH | C3: ADET | D3: ALIŞ | E3: SATIŞ | F3: KAR | G3: ALIŞ TUTAR | H3: SATIŞ TUTAR | L3: =SUM(Tablo14567[KAR]) -> 5902.312 | M3: =C1 -> 450
B4: 45291 | C4: 1275 | D4: 45.343 | E4: 47.05248 | F4: =IF(Tablo14567[[#This Row],[SATIŞ]]=0,"Açık",(E4-D4)*C4) -> 2179.587 | G4: =Tablo14567[[#This Row],[ADET]]*Tablo14567[[#This Row],[ALIŞ]] -> 57812.325 | H4: =Tablo14567[[#This Row],[ADET]]*Tablo14567[[#This Row],[SATIŞ]] -> 59991.912
B5: 45291 | C5: 5 | D5: 45.343 | E5: 36.8 | F5: =IF(Tablo14567[[#This Row],[SATIŞ]]=0,"Açık",(E5-D5)*C5) -> -42.715 | G5: =Tablo14567[[#This Row],[ADET]]*Tablo14567[[#This Row],[ALIŞ]] -> 226.715 | H5: =Tablo14567[[#This Row],[ADET]]*Tablo14567[[#This Row],[SATIŞ]] -> 184 | N5: =+N4/80 -> 0
B6: 45291 | C6: 5 | D6: 45.343 | E6: 37.1 | F6: =IF(Tablo14567[[#This Row],[SATIŞ]]=0,"Açık",(E6-D6)*C6) -> -41.215 | G6: =Tablo14567[[#This Row],[ADET]]*Tablo14567[[#This Row],[ALIŞ]] -> 226.715 | H6: =Tablo14567[[#This Row],[ADET]]*Tablo14567[[#This Row],[SATIŞ]] -> 185.5
B7: 45291 | C7: 15 | D7: 45.343 | E7: 39.3 | F7: =IF(Tablo14567[[#This Row],[SATIŞ]]=0,"Açık",(E7-D7)*C7) -> -90.645 | G7: =Tablo14567[[#This Row],[ADET]]*Tablo14567[[#This Row],[ALIŞ]] -> 680.145 | H7: =Tablo14567[[#This Row],[ADET]]*Tablo14567[[#This Row],[SATIŞ]] -> 589.5
B8: 45327 | C8: 5 | D8: 36.5 | E8: 37.1 | F8: =IF(Tablo14567[[#This Row],[SATIŞ]]=0,"Açık",(E8-D8)*C8) -> 3 | G8: =Tablo14567[[#This Row],[ADET]]*Tablo14567[[#This Row],[ALIŞ]] -> 182.5 | H8: =Tablo14567[[#This Row],[ADET]]*Tablo14567[[#This Row],[SATIŞ]] -> 185.5
B9: 45327 | C9: 1 | D9: 36.5 | E9: 39 | F9: =IF(Tablo14567[[#This Row],[SATIŞ]]=0,"Açık",(E9-D9)*C9) -> 2.5 | G9: =Tablo14567[[#This Row],[ADET]]*Tablo14567[[#This Row],[ALIŞ]] -> 36.5 | H9: =Tablo14567[[#This Row],[ADET]]*Tablo14567[[#This Row],[SATIŞ]] -> 39
B10: 45327 | C10: 6 | D10: 36.8 | E10: 39 | F10: =IF(Tablo14567[[#This Row],[SATIŞ]]=0,"Açık",(E10-D10)*C10) -> 13.2 | G10: =Tablo14567[[#This Row],[ADET]]*Tablo14567[[#This Row],[ALIŞ]] -> 220.8 | H10: =Tablo14567[[#This Row],[ADET]]*Tablo14567[[#This Row],[SATIŞ]] -> 234
B11: 45328 | C11: 35 | D11: 39 | E11: 42.92 | F11: =IF(Tablo14567[[#This Row],[SATIŞ]]=0,"Açık",(E11-D11)*C11) -> 137.2 | G11: =Tablo14567[[#This Row],[ADET]]*Tablo14567[[#This Row],[ALIŞ]] -> 1365 | H11: =Tablo14567[[#This Row],[ADET]]*Tablo14567[[#This Row],[SATIŞ]] -> 1502.2
B12: 45329 | C12: 10 | D12: 39.1 | E12: 47.2 | F12: =IF(Tablo14567[[#This Row],[SATIŞ]]=0,"Açık",(E12-D12)*C12) -> 81 | G12: =Tablo14567[[#This Row],[ADET]]*Tablo14567[[#This Row],[ALIŞ]] -> 391 | H12: =Tablo14567[[#This Row],[ADET]]*Tablo14567[[#This Row],[SATIŞ]] -> 472
B13: 45329 | C13: 20 | D13: 38.7 | E13: 42.92 | F13: =IF(Tablo14567[[#This Row],[SATIŞ]]=0,"Açık",(E13-D13)*C13) -> 84.4 | G13: =Tablo14567[[#This Row],[ADET]]*Tablo14567[[#This Row],[ALIŞ]] -> 774 | H13: =Tablo14567[[#This Row],[ADET]]*Tablo14567[[#This Row],[SATIŞ]] -> 858.4
B14: 45329 | C14: 45 | D14: 38.5 | E14: 42.92 | F14: =IF(Tablo14567[[#This Row],[SATIŞ]]=0,"Açık",(E14-D14)*C14) -> 198.9 | G14: =Tablo14567[[#This Row],[ADET]]*Tablo14567[[#This Row],[ALIŞ]] -> 1732.5 | H14: =Tablo14567[[#This Row],[ADET]]*Tablo14567[[#This Row],[SATIŞ]] -> 1931.4
B15: 45329 | C15: 5 | D15: 38.5 | E15: 47.2 | F15: =IF(Tablo14567[[#This Row],[SATIŞ]]=0,"Açık",(E15-D15)*C15) -> 43.5 | G15: =Tablo14567[[#This Row],[ADET]]*Tablo14567[[#This Row],[ALIŞ]] -> 192.5 | H15: =Tablo14567[[#This Row],[ADET]]*Tablo14567[[#This Row],[SATIŞ]] -> 236
B16: 45329 | C16: 5 | D16: 38.5 | E16: 46.82 | F16: =IF(Tablo14567[[#This Row],[SATIŞ]]=0,"Açık",(E16-D16)*C16) -> 41.6 | G16: =Tablo14567[[#This Row],[ADET]]*Tablo14567[[#This Row],[ALIŞ]] -> 192.5 | H16: =Tablo14567[[#This Row],[ADET]]*Tablo14567[[#This Row],[SATIŞ]] -> 234.1
