Workbook

Sheet data
A1: Şirket | B1: Özkaynak Karlılığı | C1: PD/DD | D1: F/K | E1: FD/FAVÖK | F1: FD/Satış | G1: PEG | H1: ROIC | I1: Yıllık Net Kar Değişimi | J1: Yıllık FAVÖK Değişimi | K1: Yıllık Satışlar Değişimi | L1: Yıllık İşletme Faaliyetleri Nakit Akış Değişimi | M1: Kapanış Fiyatı
A2: ALFAS | B2: 120.72 | C2: 17.78 | D2: 24.66 | E2: 24.82 | F2: 5.71 | G2: 0.07 | H2: 152.29 | I2: 277.93 | J2: 414.18 | K2: 294.11 | L2: -19.92 | M2: 87.4 | Q2: # | R2: =CONCATENATE(Q2,A2) -> #ALFAS | T2: =CONCATENATE(R2," ") -> #ALFAS | V2: =CONCATENATE(T2,T3,T4,T5,T6,T7,T8,T9,T10,T11,T12,T13,T14,T15,T16,T17,T18,T19,T20,T21,T22,T23,T24,T25) -> #ALFAS #ASTOR #BRLSM #CWENE #EKOS #EUPWR #GESAN #KONTR #ORGE #SAYAS #SMRTG #YEOTK # # # # # # # # # # # #
A3: ASTOR | B3: 73.84 | C3: 13.83 | D3: 28.06 | E3: 26.27 | F3: 8.88 | G3: 0.16 | H3: 82.09 | I3: 176.58 | J3: 153.24 | K3: 92.01 | L3: 612.4 | M3: 106 | Q3: # | R3: =CONCATENATE(Q3,A3) -> #ASTOR | T3: =CONCATENATE(R3," ") -> #ASTOR
A4: BRLSM | B4: 60.45 | C4: 6.25 | D4: 13.48 | E4: 22.34 | F4: 2.04 | G4: 0.04 | H4: 39.62 | I4: 186.64 | J4: 134.34 | K4: 133.26 | L4: -250.97 | M4: 24 | Q4: # | R4: =CONCATENATE(Q4,A4) -> #BRLSM | T4: =CONCATENATE(R4," ") -> #BRLSM
A5: CWENE | B5: 55.47 | C5: 8.28 | D5: 29.86 | E5: 17.83 | F5: 4 | G5: 0.25 | H5: 100.63 | I5: 44.72 | J5: 164.59 | K5: 137.72 | L5: -300.46 | M5: 274 | Q5: # | R5: =CONCATENATE(Q5,A5) -> #CWENE | T5: =CONCATENATE(R5," ") -> #CWENE
A6: EKOS | B6: 38.09 | C6: 13.86 | D6: 72.75 | E6: 53.39 | F6: 12.49 | G6: 0.51 | H6: 38.9 | I6: 69.63 | J6: 185.73 | K6: 179.33 | L6: 164.08 | M6: 38.78 | Q6: # | R6: =CONCATENATE(Q6,A6) -> #EKOS | T6: =CONCATENATE(R6," ") -> #EKOS | V6: #ARDYZ #ARENA #ATATP #AZTEK #DESPC #ESCOM #FONET #HTTBT #INDES #KAREL #KFEIN #KONTR #KRONT #LINK #LOGO #MIATK #MTRKS #OBASE #PCILT #PENTA #PKART #SMART #VBTYZ #YEOTK
A7: EUPWR | B7: 65.45 | C7: 10.3 | D7: 31.46 | E7: 37.03 | F7: 8.63 | G7: 0.05 | H7: 35.46 | I7: 492.25 | J7: 175.38 | K7: 165.35 | L7: 3235.73 | M7: 166.1 | Q7: # | R7: =CONCATENATE(Q7,A7) -> #EUPWR | T7: =CONCATENATE(R7," ") -> #EUPWR
A8: GESAN | B8: 54.64 | C8: 7.63 | D8: 21.55 | E8: 13.78 | F8: 4.15 | G8: 0.09 | H8: 44.48 | I8: 259.02 | J8: 158.64 | K8: 124.2 | L8: 902.05 | M8: 68.95 | Q8: # | R8: =CONCATENATE(Q8,A8) -> #GESAN | T8: =CONCATENATE(R8," ") -> #GESAN
A9: KONTR | B9: 68.8 | C9: 25.55 | D9: 59.71 | E9: 516.43 | F9: 18.79 | G9: 0.24 | H9: 32.73 | I9: 183.9 | K9: 110.64 | L9: -369.32 | M9: 247.1 | Q9: # | R9: =CONCATENATE(Q9,A9) -> #KONTR | T9: =CONCATENATE(R9," ") -> #KONTR
A10: ORGE | B10: 64.09 | C10: 4.86 | D10: 10.13 | E10: 8.87 | F10: 4.07 | G10: 0.08 | H10: 61.75 | I10: 104.83 | J10: 141.78 | K10: 103.8 | L10: -43.5 | M10: 61.9 | Q10: # | R10: =CONCATENATE(Q10,A10) -> #ORGE | T10: =CONCATENATE(R10," ") -> #ORGE
A11: SAYAS | B11: 82.05 | C11: 14.58 | D11: 24.75 | E11: 38.04 | F11: 9.74 | G11: 0.21 | H11: 38.44 | I11: 117.62 | J11: 9.68 | K11: 10.67 | L11: -342.41 | M11: 86.8 | Q11: # | R11: =CONCATENATE(Q11,A11) -> #SAYAS | T11: =CONCATENATE(R11," ") -> #SAYAS
A12: SMRTG | B12: 83.13 | C12: 28.43 | D12: 45.2 | E12: 36.27 | F12: 7.23 | G12: 0.14 | H12: 142.28 | I12: 404.53 | J12: 518.55 | K12: 264.4 | L12: 119.98 | M12: 60 | Q12: # | R12: =CONCATENATE(Q12,A12) -> #SMRTG | T12: =CONCATENATE(R12," ") -> #SMRTG
A13: YEOTK | B13: 90.19 | C13: 23.05 | D13: 37.17 | E13: 29.56 | F13: 5.24 | G13: 0.12 | H13: 68.71 | I13: 236.09 | J13: 213.92 | K13: 232.23 | L13: -196.3 | M13: 178.8 | Q13: # | R13: =CONCATENATE(Q13,A13) -> #YEOTK | T13: =CONCATENATE(R13," ") -> #YEOTK
Q14: # | R14: =CONCATENATE(Q14,A14) -> # | T14: =CONCATENATE(R14," ") -> #
Q15: # | R15: =CONCATENATE(Q15,A15) -> # | T15: =CONCATENATE(R15," ") -> #
Q16: # | R16: =CONCATENATE(Q16,A16) -> # | T16: =CONCATENATE(R16," ") -> #
Q17: # | R17: =CONCATENATE(Q17,A17) -> # | T17: =CONCATENATE(R17," ") -> #
Q18: # | R18: =CONCATENATE(Q18,A18) -> # | T18: =CONCATENATE(R18," ") -> #
Q19: # | R19: =CONCATENATE(Q19,A19) -> # | T19: =CONCATENATE(R19," ") -> #
Q20: # | R20: =CONCATENATE(Q20,A20) -> # | T20: =CONCATENATE(R20," ") -> #
Q21: # | R21: =CONCATENATE(Q21,A21) -> # | T21: =CONCATENATE(R21," ") -> #
Q22: # | R22: =CONCATENATE(Q22,A22) -> # | T22: =CONCATENATE(R22," ") -> #
Q23: # | R23: =CONCATENATE(Q23,A23) -> # | T23: =CONCATENATE(R23," ") -> #
Q24: # | R24: =CONCATENATE(Q24,A24) -> # | T24: =CONCATENATE(R24," ") -> #
Q25: # | R25: =CONCATENATE(Q25,A25) -> # | T25: =CONCATENATE(R25," ") -> #
... Q33: # | R33: =CONCATENATE(Q33,A33) -> # | T33: =CONCATENATE(R33," ") -> #

Sheet Sayfa1
B2: Şirket | C2: Özkaynak Karlılığı | D2: PD/DD | E2: F/K | F2: FD/FAVÖK | G2: FD/Satış | H2: PEG | I2: ROIC | J2: Yıllık Net Kar Değişimi | K2: Yıllık FAVÖK Değişimi | L2: Yıllık Satışlar Değişimi | N2: Bilanço Sonrası Hisse Fiyatı | R2: 2023/9 | T2: =AVERAGE(T3:T137) -> 43.634874 | U2: Özkaynak Karlılığı | V2: PD/DD | W2: F/K | X2: FD/FAVÖK | Y2: FD/Satış | Z2: PEG | AA2: ROIC | AB2: Yıllık Net Kar Değişimi | AC2: Yıllık FAVÖK Değişimi | AD2: Yıllık Satışlar Değişimi
B3: =+data!A2 -> ALFAS | C3: =+data!B2/100 -> 1.2072 | D3: =IF(data!C2<0,"",data!C2) -> 17.78 | E3: =IF(data!D2="","",data!D2) -> 24.66 | F3: =IF(data!E2="","",data!E2) -> 24.82 | G3: =IF(data!F2="","",data!F2) -> 5.71 | H3: =IF(data!G2="","",data!G2) -> 0.07 | I3: =IF(data!H2/100="","",data!H2/100) -> 1.5229 | J3: =IF(data!I2/100=0,"",data!I2/100) -> 2.7793 | K3: =IF(data!J2/100="","",data!J2/100) -> 4.1418 | L3: =IF(data!K2/100="","",data!K2/100) -> 2.9411 | N3: =(AF3-data!M2)/AF3 -> 0.29799197 | Q3: Yıllık Satışlar Değişimi | R3: =AVERAGE(Tablo1[Yıllık Satışlar Değişimi]) -> 1.5397667 | T3: =SUM(U3:AD3) -> 63.335358 | U3: =IF(Tablo1[[#This Row],[Özkaynak Karlılığı]]<0,0,(Tablo1[[#This Row],[Özkaynak Karlılığı]]/MAX(Tablo1[Özkaynak Karlılığı]))*10) -> 10 | V3: =(MIN(Tablo1[PD/DD])/Tablo1[[#This Row],[PD/DD]])*10 -> 2.7334083 | W3: =IFERROR((MIN(Tablo1[F/K])/Tablo1[[#This Row],[F/K]])*10,"") -> 4.107867 | X3: =IFERROR((MIN(Tablo1[FD/FAVÖK])/Tablo1[[#This Row],[FD/FAVÖK]])*10,"") -> 3.5737309 | Y3: =IFERROR((MIN(Tablo1[FD/Satış])/Tablo1[[#This Row],[FD/Satış]])*10,"") -> 3.5726795 | Z3: =IFERROR((MIN(Tablo1[PEG])/Tablo1[[#This Row],[PEG]])*10,"") -> 5.7142857 | AA3: =(Tablo1[[#This Row],[ROIC]]/MAX(Tablo1[ROIC]))*10 -> 10 | AB3: =IFERROR(IF(Tablo1[[#This Row],[Yıllık Net Kar Değişimi]]<0,0,(Tablo1[[#This Row],[Yıllık Net Kar Değişimi]]/MAX(Tablo1[Yıllık Net Kar Değişimi]))*10),"") -> 5.6461148 | AC3: =IFERROR(IF(Tablo1[[#This Row],[Yıllık FAVÖK Değişimi]]<0,0,(Tablo1[[#This Row],[Yıllık FAVÖK Değişimi]]/MAX(Tablo1[Yıllık FAVÖK Değişimi]))*10),"") -> 7.9872722 | AD3: =IFERROR(IF(Tablo1[[#This Row],[Yıllık Satışlar Değişimi]]<0,0,(Tablo1[[#This Row],[Yıllık Satışlar Değişimi]]/MAX(Tablo1[Yıllık Satışlar Değişimi]))*10),"") -> 10 | AF3: =SUMIFS([1]!Tablo1[Hisse Fiyatı],[1]!Tablo1[Hisse],Tablo1[[#This Row],[Şirket]],[1]!Tablo1[Dönem],$R$2) -> 124.5
B4: =+data!A3 -> ASTOR | C4: =+data!B3/100 -> 0.7384 | D4: =IF(data!C3<0,"",data!C3) -> 13.83 | E4: =IF(data!D3="","",data!D3) -> 28.06 | F4: =IF(data!E3="","",data!E3) -> 26.27 | G4: =IF(data!F3="","",data!F3) -> 8.88 | H4: =IF(data!G3="","",data!G3) -> 0.16 | I4: =IF(data!H3/100="","",data!H3/100) -> 0.8209 | J4: =IF(data!I3/100=0,"",data!I3/100) -> 1.7658 | K4: =IF(data!J3/100="","",data!J3/100) -> 1.5324 | L4: =IF(data!K3/100="","",data!K3/100) -> 0.9201 | N4: =(AF4-data!M3)/AF4 -> 0.18711656 | Q4: Yıllık FAVÖK Değişimi | R4: =AVERAGE(Tablo1[Yıllık FAVÖK Değişimi]) -> 1.8916917 | T4: =SUM(U4:AD4) -> 36.475787 | U4: =IF(Tablo1[[#This Row],[Özkaynak Karlılığı]]<0,0,(Tablo1[[#This Row],[Özkaynak Karlılığı]]/MAX(Tablo1[Özkaynak Karlılığı]))*10) -> 6.1166335 | V4: =(MIN(Tablo1[PD/DD])/Tablo1[[#This Row],[PD/DD]])*10 -> 3.5140998 | W4: =IFERROR((MIN(Tablo1[F/K])/Tablo1[[#This Row],[F/K]])*10,"") -> 3.6101212 | X4: =IFERROR((MIN(Tablo1[FD/FAVÖK])/Tablo1[[#This Row],[FD/FAVÖK]])*10,"") -> 3.3764751 | Y4: =IFERROR((MIN(Tablo1[FD/Satış])/Tablo1[[#This Row],[FD/Satış]])*10,"") -> 2.2972973 | Z4: =IFERROR((MIN(Tablo1[PEG])/Tablo1[[#This Row],[PEG]])*10,"") -> 2.5 | AA4: =(Tablo1[[#This Row],[ROIC]]/MAX(Tablo1[ROIC]))*10 -> 5.3903736 | AB4: =IFERROR(IF(Tablo1[[#This Row],[Yıllık Net Kar Değişimi]]<0,0,(Tablo1[[#This Row],[Yıllık Net Kar Değişimi]]/MAX(Tablo1[Yıllık Net Kar Değişimi]))*10),"") -> 3.5872016 | AC4: =IFERROR(IF(Tablo1[[#This Row],[Yıllık FAVÖK Değişimi]]<0,0,(Tablo1[[#This Row],[Yıllık FAVÖK Değişimi]]/MAX(Tablo1[Yıllık FAVÖK Değişimi]))*10),"") -> 2.9551634 | AD4: =IFERROR(IF(Tablo1[[#This Row],[Yıllık Satışlar Değişimi]]<0,0,(Tablo1[[#This Row],[Yıllık Satışlar Değişimi]]/MAX(Tablo1[Yıllık Satışlar Değişimi]))*10),"") -> 3.1284213 | AF4: 130.4
B5: =+data!A4 -> BRLSM | C5: =+data!B4/100 -> 0.6045 | D5: =IF(data!C4<0,"",data!C4) -> 6.25 | E5: =IF(data!D4="","",data!D4) -> 13.48 | F5: =IF(data!E4="","",data!E4) -> 22.34 | G5: =IF(data!F4="","",data!F4) -> 2.04 | H5: =IF(data!G4="","",data!G4) -> 0.04 | I5: =IF(data!H4/100="","",data!H4/100) -> 0.3962 | J5: =IF(data!I4/100=0,"",data!I4/100) -> 1.8664 | K5: =IF(data!J4/100="","",data!J4/100) -> 1.3434 | L5: =IF(data!K4/100="","",data!K4/100) -> 1.3326 | N5: =(AF5-data!M4)/AF5 -> 0.23420549 | Q5: Yıllık Net Kar Değişimi | R5: =AVERAGE(Tablo1[Yıllık Net Kar Değişimi]) -> 2.1281167 | T5: =SUM(U5:AD5) -> 57.783577 | U5: =IF(Tablo1[[#This Row],[Özkaynak Karlılığı]]<0,0,(Tablo1[[#This Row],[Özkaynak Karlılığı]]/MAX(Tablo1[Özkaynak Karlılığı]))*10) -> 5.0074553 | V5: =(MIN(Tablo1[PD/DD])/Tablo1[[#This Row],[PD/DD]])*10 -> 7.776 | W5: =IFERROR((MIN(Tablo1[F/K])/Tablo1[[#This Row],[F/K]])*10,"") -> 7.5148368 | X5: =IFERROR((MIN(Tablo1[FD/FAVÖK])/Tablo1[[#This Row],[FD/FAVÖK]])*10,"") -> 3.9704566 | Y5: =IFERROR((MIN(Tablo1[FD/Satış])/Tablo1[[#This Row],[FD/Satış]])*10,"") -> 10 | Z5: =IFERROR((MIN(Tablo1[PEG])/Tablo1[[#This Row],[PEG]])*10,"") -> 10 | AA5: =(Tablo1[[#This Row],[ROIC]]/MAX(Tablo1[ROIC]))*10 -> 2.6016153 | AB5: =IFERROR(IF(Tablo1[[#This Row],[Yıllık Net Kar Değişimi]]<0,0,(Tablo1[[#This Row],[Yıllık Net Kar Değişimi]]/MAX(Tablo1[Yıllık Net Kar Değişimi]))*10),"") -> 3.7915693 | AC5: =IFERROR(IF(Tablo1[[#This Row],[Yıllık FAVÖK Değişimi]]<0,0,(Tablo1[[#This Row],[Yıllık FAVÖK Değişimi]]/MAX(Tablo1[Yıllık FAVÖK Değişimi]))*10),"") -> 2.5906856 | AD5: =IFERROR(IF(Tablo1[[#This Row],[Yıllık Satışlar Değişimi]]<0,0,(Tablo1[[#This Row],[Yıllık Satışlar Değişimi]]/MAX(Tablo1[Yıllık Satışlar Değişimi]))*10),"") -> 4.5309578 | AF5: =SUMIFS([1]!Tablo1[Hisse Fiyatı],[1]!Tablo1[Hisse],Tablo1[[#This Row],[Şirket]],[1]!Tablo1[Dönem],$R$2) -> 31.34
B6: =+data!A5 -> CWENE | C6: =+data!B5/100 -> 0.5547 | D6: =IF(data!C5<0,"",data!C5) -> 8.28 | E6: =IF(data!D5="","",data!D5) -> 29.86 | F6: =IF(data!E5="","",data!E5) -> 17.83 | G6: =IF(data!F5="","",data!F5) -> 4 | H6: =IF(data!G5="","",data!G5) -> 0.25 | I6: =IF(data!H5/100="","",data!H5/100) -> 1.0063 | J6: =IF(data!I5/100=0,"",data!I5/100) -> 0.4472 | K6: =IF(data!J5/100="","",data!J5/100) -> 1.6459 | L6: =IF(data!K5/100="","",data!K5/100) -> 1.3772 | N6: =(AF6-data!M5)/AF6 -> 0.17655898 | Q6: ROIC | R6: =AVERAGE(Tablo1[ROIC]) -> 0.69781667 | T6: =SUM(U6:AD6) -> 40.90467 | U6: =IF(Tablo1[[#This Row],[Özkaynak Karlılığı]]<0,0,(Tablo1[[#This Row],[Özkaynak Karlılığı]]/MAX(Tablo1[Özkaynak Karlılığı]))*10) -> 4.5949304 | V6: =(MIN(Tablo1[PD/DD])/Tablo1[[#This Row],[PD/DD]])*10 -> 5.8695652 | W6: =IFERROR((MIN(Tablo1[F/K])/Tablo1[[#This Row],[F/K]])*10,"") -> 3.3924983 | X6: =IFERROR((MIN(Tablo1[FD/FAVÖK])/Tablo1[[#This Row],[FD/FAVÖK]])*10,"") -> 4.9747616 | Y6: =IFERROR((MIN(Tablo1[FD/Satış])/Tablo1[[#This Row],[FD/Satış]])*10,"") -> 5.1 | Z6: =IFERROR((MIN(Tablo1[PEG])/Tablo1[[#This Row],[PEG]])*10,"") -> 1.6 | AA6: =(Tablo1[[#This Row],[ROIC]]/MAX(Tablo1[ROIC]))*10 -> 6.6077878 | AB6: =IFERROR(IF(Tablo1[[#This Row],[Yıllık Net Kar Değişimi]]<0,0,(Tablo1[[#This Row],[Yıllık Net Kar Değişimi]]/MAX(Tablo1[Yıllık Net Kar Değişimi]))*10),"") -> 0.90848146 | AC6: =IFERROR(IF(Tablo1[[#This Row],[Yıllık FAVÖK Değişimi]]<0,0,(Tablo1[[#This Row],[Yıllık FAVÖK Değişimi]]/MAX(Tablo1[Yıllık FAVÖK Değişimi]))*10),"") -> 3.174043 | AD6: =IFERROR(IF(Tablo1[[#This Row],[Yıllık Satışlar Değişimi]]<0,0,(Tablo1[[#This Row],[Yıllık Satışlar Değişimi]]/MAX(Tablo1[Yıllık Satışlar Değişimi]))*10),"") -> 4.6826017 | AF6: 332.75
B7: =+data!A6 -> EKOS | C7: =+data!B6/100 -> 0.3809 | D7: =IF(data!C6<0,"",data!C6) -> 13.86 | E7: =IF(data!D6="","",data!D6) -> 72.75 | F7: =IF(data!E6="","",data!E6) -> 53.39 | G7: =IF(data!F6="","",data!F6) -> 12.49 | H7: =IF(data!G6="","",data!G6) -> 0.51 | I7: =IF(data!H6/100="","",data!H6/100) -> 0.389 | J7: =IF(data!I6/100=0,"",data!I6/100) -> 0.6963 | K7: =IF(data!J6/100="","",data!J6/100) -> 1.8573 | L7: =IF(data!K6/100="","",data!K6/100) -> 1.7933 | N7: =(AF7-data!M6)/AF7 -> 0.027582748 | Q7: FD/Satış | R7: =AVERAGE(Tablo1[FD/Satış]) -> 7.5808333 | T7: =SUM(U7:AD7) -> 25.781108 | U7: =IF(Tablo1[[#This Row],[Özkaynak Karlılığı]]<0,0,(Tablo1[[#This Row],[Özkaynak Karlılığı]]/MAX(Tablo1[Özkaynak Karlılığı]))*10) -> 3.1552353 | V7: =(MIN(Tablo1[PD/DD])/Tablo1[[#This Row],[PD/DD]])*10 -> 3.5064935 | W7: =IFERROR((MIN(Tablo1[F/K])/Tablo1[[#This Row],[F/K]])*10,"") -> 1.3924399 | X7: =IFERROR((MIN(Tablo1[FD/FAVÖK])/Tablo1[[#This Row],[FD/FAVÖK]])*10,"") -> 1.6613598 | Y7: =IFERROR((MIN(Tablo1[FD/Satış])/Tablo1[[#This Row],[FD/Satış]])*10,"") -> 1.6333066 | Z7: =IFERROR((MIN(Tablo1[PEG])/Tablo1[[#This Row],[PEG]])*10,"") -> 0.78431373 | AA7: =(Tablo1[[#This Row],[ROIC]]/MAX(Tablo1[ROIC]))*10 -> 2.5543371 | AB7: =IFERROR(IF(Tablo1[[#This Row],[Yıllık Net Kar Değişimi]]<0,0,(Tablo1[[#This Row],[Yıllık Net Kar Değişimi]]/MAX(Tablo1[Yıllık Net Kar Değişimi]))*10),"") -> 1.4145251 | AC7: =IFERROR(IF(Tablo1[[#This Row],[Yıllık FAVÖK Değişimi]]<0,0,(Tablo1[[#This Row],[Yıllık FAVÖK Değişimi]]/MAX(Tablo1[Yıllık FAVÖK Değişimi]))*10),"") -> 3.5817183 | AD7: =IFERROR(IF(Tablo1[[#This Row],[Yıllık Satışlar Değişimi]]<0,0,(Tablo1[[#This Row],[Yıllık Satışlar Değişimi]]/MAX(Tablo1[Yıllık Satışlar Değişimi]))*10),"") -> 6.0973785 | AF7: 39.88
B8: =+data!A7 -> EUPWR | C8: =+data!B7/100 -> 0.6545 | D8: =IF(data!C7<0,"",data!C7) -> 10.3 | E8: =IF(data!D7="","",data!D7) -> 31.46 | F8: =IF(data!E7="","",data!E7) -> 37.03 | G8: =IF(data!F7="","",data!F7) -> 8.63 | H8: =IF(data!G7="","",data!G7) -> 0.05 | I8: =IF(data!H7/100="","",data!H7/100) -> 0.3546 | J8: =IF(data!I7/100=0,"",data!I7/100) -> 4.9225 | K8: =IF(data!J7/100="","",data!J7/100) -> 1.7538 | L8: =IF(data!K7/100="","",data!K7/100) -> 1.6535 | N8: =(AF8-data!M7)/AF8 -> 0.13036649 | Q8: FD/FAVÖK | R8: =AVERAGE(Tablo1[FD/FAVÖK]) -> 68.719167 | T8: =SUM(U8:AD8) -> 47.451869 | U8: =IF(Tablo1[[#This Row],[Özkaynak Karlılığı]]<0,0,(Tablo1[[#This Row],[Özkaynak Karlılığı]]/MAX(Tablo1[Özkaynak Karlılığı]))*10) -> 5.4216368 | V8: =(MIN(Tablo1[PD/DD])/Tablo1[[#This Row],[PD/DD]])*10 -> 4.7184466 | W8: =IFERROR((MIN(Tablo1[F/K])/Tablo1[[#This Row],[F/K]])*10,"") -> 3.2199619 | X8: =IFERROR((MIN(Tablo1[FD/FAVÖK])/Tablo1[[#This Row],[FD/FAVÖK]])*10,"") -> 2.3953551 | Y8: =IFERROR((MIN(Tablo1[FD/Satış])/Tablo1[[#This Row],[FD/Satış]])*10,"") -> 2.363847 | Z8: =IFERROR((MIN(Tablo1[PEG])/Tablo1[[#This Row],[PEG]])*10,"") -> 8 | AA8: =(Tablo1[[#This Row],[ROIC]]/MAX(Tablo1[ROIC]))*10 -> 2.3284523 | AB8: =IFERROR(IF(Tablo1[[#This Row],[Yıllık Net Kar Değişimi]]<0,0,(Tablo1[[#This Row],[Yıllık Net Kar Değişimi]]/MAX(Tablo1[Yıllık Net Kar Değişimi]))*10),"") -> 10 | AC8: =IFERROR(IF(Tablo1[[#This Row],[Yıllık FAVÖK Değişimi]]<0,0,(Tablo1[[#This Row],[Yıllık FAVÖK Değişimi]]/MAX(Tablo1[Yıllık FAVÖK Değişimi]))*10),"") -> 3.3821232 | AD8: =IFERROR(IF(Tablo1[[#This Row],[Yıllık Satışlar Değişimi]]<0,0,(Tablo1[[#This Row],[Yıllık Satışlar Değişimi]]/MAX(Tablo1[Yıllık Satışlar Değişimi]))*10),"") -> 5.6220462 | AF8: 191
B9: =+data!A8 -> GESAN | C9: =+data!B8/100 -> 0.5464 | D9: =IF(data!C8<0,"",data!C8) -> 7.63 | E9: =IF(data!D8="","",data!D8) -> 21.55 | F9: =IF(data!E8="","",data!E8) -> 13.78 | G9: =IF(data!F8="","",data!F8) -> 4.15 | H9: =IF(data!G8="","",data!G8) -> 0.09 | I9: =IF(data!H8/100="","",data!H8/100) -> 0.4448 | J9: =IF(data!I8/100=0,"",data!I8/100) -> 2.5902 | K9: =IF(data!J8/100="","",data!J8/100) -> 1.5864 | L9: =IF(data!K8/100="","",data!K8/100) -> 1.242 | N9: =(AF9-data!M8)/AF9 -> 0.25054348 | Q9: F/K | R9: =+AVERAGE(Tablo1[F/K]) -> 33.231667 | T9: =SUM(U9:AD9) -> 46.858352 | U9: =IF(Tablo1[[#This Row],[Özkaynak Karlılığı]]<0,0,(Tablo1[[#This Row],[Özkaynak Karlılığı]]/MAX(Tablo1[Özkaynak Karlılığı]))*10) -> 4.5261763 | V9: =(MIN(Tablo1[PD/DD])/Tablo1[[#This Row],[PD/DD]])*10 -> 6.3695937 | W9: =IFERROR((MIN(Tablo1[F/K])/Tablo1[[#This Row],[F/K]])*10,"") -> 4.7006961 | X9: =IFERROR((MIN(Tablo1[FD/FAVÖK])/Tablo1[[#This Row],[FD/FAVÖK]])*10,"") -> 6.436865 | Y9: =IFERROR((MIN(Tablo1[FD/Satış])/Tablo1[[#This Row],[FD/Satış]])*10,"") -> 4.9156627 | Z9: =IFERROR((MIN(Tablo1[PEG])/Tablo1[[#This Row],[PEG]])*10,"") -> 4.4444444 | AA9: =(Tablo1[[#This Row],[ROIC]]/MAX(Tablo1[ROIC]))*10 -> 2.9207433 | AB9: =IFERROR(IF(Tablo1[[#This Row],[Yıllık Net Kar Değişimi]]<0,0,(Tablo1[[#This Row],[Yıllık Net Kar Değişimi]]/MAX(Tablo1[Yıllık Net Kar Değişimi]))*10),"") -> 5.2619604 | AC9: =IFERROR(IF(Tablo1[[#This Row],[Yıllık FAVÖK Değişimi]]<0,0,(Tablo1[[#This Row],[Yıllık FAVÖK Değişimi]]/MAX(Tablo1[Yıllık FAVÖK Değişimi]))*10),"") -> 3.0593 | AD9: =IFERROR(IF(Tablo1[[#This Row],[Yıllık Satışlar Değişimi]]<0,0,(Tablo1[[#This Row],[Yıllık Satışlar Değişimi]]/MAX(Tablo1[Yıllık Satışlar Değişimi]))*10),"") -> 4.2229098 | AF9: =SUMIFS([1]!Tablo1[Hisse Fiyatı],[1]!Tablo1[Hisse],Tablo1[[#This Row],[Şirket]],[1]!Tablo1[Dönem],$R$2) -> 92
B10: =+data!A9 -> KONTR | C10: =+data!B9/100 -> 0.688 | D10: =IF(data!C9<0,"",data!C9) -> 25.55 | E10: =IF(data!D9="","",data!D9) -> 59.71 | F10: =IF(data!E9="","",data!E9) -> 516.43 | G10: =IF(data!F9="","",data!F9) -> 18.79 | H10: =IF(data!G9="","",data!G9) -> 0.24 | I10: =IF(data!H9/100="","",data!H9/100) -> 0.3273 | J10: =IF(data!I9/100=0,"",data!I9/100) -> 1.839 | K10: =IF(data!J9/100="","",data!J9/100) -> 0 | L10: =IF(data!K9/100="","",data!K9/100) -> 1.1064 | N10: =(AF10-data!M9)/AF10 -> 0.14939759 | Q10: PD/DD | R10: =AVERAGE(Tablo1[PD/DD]) -> 14.533333 | T10: =SUM(U10:AD10) -> 21.868884 | U10: =IF(Tablo1[[#This Row],[Özkaynak Karlılığı]]<0,0,(Tablo1[[#This Row],[Özkaynak Karlılığı]]/MAX(Tablo1[Özkaynak Karlılığı]))*10) -> 5.6991385 | V10: =(MIN(Tablo1[PD/DD])/Tablo1[[#This Row],[PD/DD]])*10 -> 1.9021526 | W10: =IFERROR((MIN(Tablo1[F/K])/Tablo1[[#This Row],[F/K]])*10,"") -> 1.6965332 | X10: =IFERROR((MIN(Tablo1[FD/FAVÖK])/Tablo1[[#This Row],[FD/FAVÖK]])*10,"") -> 0.17175609 | Y10: =IFERROR((MIN(Tablo1[FD/Satış])/Tablo1[[#This Row],[FD/Satış]])*10,"") -> 1.0856839 | Z10: =IFERROR((MIN(Tablo1[PEG])/Tablo1[[#This Row],[PEG]])*10,"") -> 1.6666667 | AA10: =(Tablo1[[#This Row],[ROIC]]/MAX(Tablo1[ROIC]))*10 -> 2.149189 | AB10: =IFERROR(IF(Tablo1[[#This Row],[Yıllık Net Kar Değişimi]]<0,0,(Tablo1[[#This Row],[Yıllık Net Kar Değişimi]]/MAX(Tablo1[Yıllık Net Kar Değişimi]))*10),"") -> 3.7359066 | AC10: =IFERROR(IF(Tablo1[[#This Row],[Yıllık FAVÖK Değişimi]]<0,0,(Tablo1[[#This Row],[Yıllık FAVÖK Değişimi]]/MAX(Tablo1[Yıllık FAVÖK Değişimi]))*10),"") -> 0 | AD10: =IFERROR(IF(Tablo1[[#This Row],[Yıllık Satışlar Değişimi]]<0,0,(Tablo1[[#This Row],[Yıllık Satışlar Değişimi]]/MAX(Tablo1[Yıllık Satışlar Değişimi]))*10),"") -> 3.7618578 | AF10: =SUMIFS([1]!Tablo1[Hisse Fiyatı],[1]!Tablo1[Hisse],Tablo1[[#This Row],[Şirket]],[1]!Tablo1[Dönem],$R$2) -> 290.5
B11: =+data!A10 -> ORGE | C11: =+data!B10/100 -> 0.6409 | D11: =IF(data!C10<0,"",data!C10) -> 4.86 | E11: =IF(data!D10="","",data!D10) -> 10.13 | F11: =IF(data!E10="","",data!E10) -> 8.87 | G11: =IF(data!F10="","",data!F10) -> 4.07 | H11: =IF(data!G10="","",data!G10) -> 0.08 | I11: =IF(data!H10/100="","",data!H10/100) -> 0.6175 | J11: =IF(data!I10/100=0,"",data!I10/100) -> 1.0483 | K11: =IF(data!J10/100="","",data!J10/100) -> 1.4178 | L11: =IF(data!K10/100="","",data!K10/100) -> 1.038 | N11: =(AF11-data!M10)/AF11 -> -0.12545455 | Q11: Özkaynak Karlılığı | R11: =AVERAGE(Tablo1[Özkaynak Karlılığı]) -> 0.7141 | T11: =SUM(U11:AD11) -> 57.769092 | U11: =IF(Tablo1[[#This Row],[Özkaynak Karlılığı]]<0,0,(Tablo1[[#This Row],[Özkaynak Karlılığı]]/MAX(Tablo1[Özkaynak Karlılığı]))*10) -> 5.3089795 | V11: =(MIN(Tablo1[PD/DD])/Tablo1[[#This Row],[PD/DD]])*10 -> 10 | W11: =IFERROR((MIN(Tablo1[F/K])/Tablo1[[#This Row],[F/K]])*10,"") -> 10 | X11: =IFERROR((MIN(Tablo1[FD/FAVÖK])/Tablo1[[#This Row],[FD/FAVÖK]])*10,"") -> 10 | Y11: =IFERROR((MIN(Tablo1[FD/Satış])/Tablo1[[#This Row],[FD/Satış]])*10,"") -> 5.012285 | Z11: =IFERROR((MIN(Tablo1[PEG])/Tablo1[[#This Row],[PEG]])*10,"") -> 5 | AA11: =(Tablo1[[#This Row],[ROIC]]/MAX(Tablo1[ROIC]))*10 -> 4.0547639 | AB11: =IFERROR(IF(Tablo1[[#This Row],[Yıllık Net Kar Değişimi]]<0,0,(Tablo1[[#This Row],[Yıllık Net Kar Değişimi]]/MAX(Tablo1[Yıllık Net Kar Değişimi]))*10),"") -> 2.1296089 | AC11: =IFERROR(IF(Tablo1[[#This Row],[Yıllık FAVÖK Değişimi]]<0,0,(Tablo1[[#This Row],[Yıllık FAVÖK Değişimi]]/MAX(Tablo1[Yıllık FAVÖK Değişimi]))*10),"") -> 2.7341626 | AD11: =IFERROR(IF(Tablo1[[#This Row],[Yıllık Satışlar Değişimi]]<0,0,(Tablo1[[#This Row],[Yıllık Satışlar Değişimi]]/MAX(Tablo1[Yıllık Satışlar Değişimi]))*10),"") -> 3.5292918 | AF11: =SUMIFS([1]!Tablo1[Hisse Fiyatı],[1]!Tablo1[Hisse],Tablo1[[#This Row],[Şirket]],[1]!Tablo1[Dönem],$R$2) -> 55
B12: =+data!A11 -> SAYAS | C12: =+data!B11/100 -> 0.8205 | D12: =IF(data!C11<0,"",data!C11) -> 14.58 | E12: =IF(data!D11="","",data!D11) -> 24.75 | F12: =IF(data!E11="","",data!E11) -> 38.04 | G12: =IF(data!F11="","",data!F11) -> 9.74 | H12: =IF(data!G11="","",data!G11) -> 0.21 | I12: =IF(data!H11/100="","",data!H11/100) -> 0.3844 | J12: =IF(data!I11/100=0,"",data!I11/100) -> 1.1762 | K12: =IF(data!J11/100="","",data!J11/100) -> 0.0968 | L12: =IF(data!K11/100="","",data!K11/100) -> 0.1067 | N12: =(AF12-data!M11)/AF12 -> 0.20366972 | Q12: Bilanço Sonrası Hisse Fiyatı | R12: =+AVERAGE(N3:N21) -> 0.16027068 | T12: =SUM(U12:AD12) -> 26.016988 | U12: =IF(Tablo1[[#This Row],[Özkaynak Karlılığı]]<0,0,(Tablo1[[#This Row],[Özkaynak Karlılığı]]/MAX(Tablo1[Özkaynak Karlılığı]))*10) -> 6.7967197 | V12: =(MIN(Tablo1[PD/DD])/Tablo1[[#This Row],[PD/DD]])*10 -> 3.3333333 | W12: =IFERROR((MIN(Tablo1[F/K])/Tablo1[[#This Row],[F/K]])*10,"") -> 4.0929293 | X12: =IFERROR((MIN(Tablo1[FD/FAVÖK])/Tablo1[[#This Row],[FD/FAVÖK]])*10,"") -> 2.331756 | Y12: =IFERROR((MIN(Tablo1[FD/Satış])/Tablo1[[#This Row],[FD/Satış]])*10,"") -> 2.0944559 | Z12: =IFERROR((MIN(Tablo1[PEG])/Tablo1[[#This Row],[PEG]])*10,"") -> 1.9047619 | AA12: =(Tablo1[[#This Row],[ROIC]]/MAX(Tablo1[ROIC]))*10 -> 2.5241316 | AB12: =IFERROR(IF(Tablo1[[#This Row],[Yıllık Net Kar Değişimi]]<0,0,(Tablo1[[#This Row],[Yıllık Net Kar Değişimi]]/MAX(Tablo1[Yıllık Net Kar Değişimi]))*10),"") -> 2.3894363 | AC12: =IFERROR(IF(Tablo1[[#This Row],[Yıllık FAVÖK Değişimi]]<0,0,(Tablo1[[#This Row],[Yıllık FAVÖK Değişimi]]/MAX(Tablo1[Yıllık FAVÖK Değişimi]))*10),"") -> 0.18667438 | AD12: =IFERROR(IF(Tablo1[[#This Row],[Yıllık Satışlar Değişimi]]<0,0,(Tablo1[[#This Row],[Yıllık Satışlar Değişimi]]/MAX(Tablo1[Yıllık Satışlar Değişimi]))*10),"") -> 0.36278943 | AF12: =SUMIFS([1]!Tablo1[Hisse Fiyatı],[1]!Tablo1[Hisse],Tablo1[[#This Row],[Şirket]],[1]!Tablo1[Dönem],$R$2) -> 109
B13: =+data!A12 -> SMRTG | C13: =+data!B12/100 -> 0.8313 | D13: =IF(data!C12<0,"",data!C12) -> 28.43 | E13: =IF(data!D12="","",data!D12) -> 45.2 | F13: =IF(data!E12="","",data!E12) -> 36.27 | G13: =IF(data!F12="","",data!F12) -> 7.23 | H13: =IF(data!G12="","",data!G12) -> 0.14 | I13: =IF(data!H12/100="","",data!H12/100) -> 1.4228 | J13: =IF(data!I12/100=0,"",data!I12/100) -> 4.0453 | K13: =IF(data!J12/100="","",data!J12/100) -> 5.1855 | L13: =IF(data!K12/100="","",data!K12/100) -> 2.644 | N13: =(AF13-data!M12)/AF13 -> 0.14953933 | T13: =SUM(U13:AD13) -> 55.511576 | U13: =IF(Tablo1[[#This Row],[Özkaynak Karlılığı]]<0,0,(Tablo1[[#This Row],[Özkaynak Karlılığı]]/MAX(Tablo1[Özkaynak Karlılığı]))*10) -> 6.8861829 | V13: =(MIN(Tablo1[PD/DD])/Tablo1[[#This Row],[PD/DD]])*10 -> 1.7094618 | W13: =IFERROR((MIN(Tablo1[F/K])/Tablo1[[#This Row],[F/K]])*10,"") -> 2.2411504 | X13: =IFERROR((MIN(Tablo1[FD/FAVÖK])/Tablo1[[#This Row],[FD/FAVÖK]])*10,"") -> 2.4455473 | Y13: =IFERROR((MIN(Tablo1[FD/Satış])/Tablo1[[#This Row],[FD/Satış]])*10,"") -> 2.8215768 | Z13: =IFERROR((MIN(Tablo1[PEG])/Tablo1[[#This Row],[PEG]])*10,"") -> 2.8571429 | AA13: =(Tablo1[[#This Row],[ROIC]]/MAX(Tablo1[ROIC]))*10 -> 9.3427014 | AB13: =IFERROR(IF(Tablo1[[#This Row],[Yıllık Net Kar Değişimi]]<0,0,(Tablo1[[#This Row],[Yıllık Net Kar Değişimi]]/MAX(Tablo1[Yıllık Net Kar Değişimi]))*10),"") -> 8.2179787 | AC13: =IFERROR(IF(Tablo1[[#This Row],[Yıllık FAVÖK Değişimi]]<0,0,(Tablo1[[#This Row],[Yıllık FAVÖK Değişimi]]/MAX(Tablo1[Yıllık FAVÖK Değişimi]))*10),"") -> 10 | AD13: =IFERROR(IF(Tablo1[[#This Row],[Yıllık Satışlar Değişimi]]<0,0,(Tablo1[[#This Row],[Yıllık Satışlar Değişimi]]/MAX(Tablo1[Yıllık Satışlar Değişimi]))*10),"") -> 8.9898337 | AF13: =SUMIFS([1]!Tablo1[Hisse Fiyatı],[1]!Tablo1[Hisse],Tablo1[[#This Row],[Şirket]],[1]!Tablo1[Dönem],$R$2) -> 70.55
B14: =+data!A13 -> YEOTK | C14: =+data!B13/100 -> 0.9019 | D14: =IF(data!C13<0,"",data!C13) -> 23.05 | E14: =IF(data!D13="","",data!D13) -> 37.17 | F14: =IF(data!E13="","",data!E13) -> 29.56 | G14: =IF(data!F13="","",data!F13) -> 5.24 | H14: =IF(data!G13="","",data!G13) -> 0.12 | I14: =IF(data!H13/100="","",data!H13/100) -> 0.6871 | J14: =IF(data!I13/100=0,"",data!I13/100) -> 2.3609 | K14: =IF(data!J13/100="","",data!J13/100) -> 2.1392 | L14: =IF(data!K13/100="","",data!K13/100) -> 2.3223 | N14: =(AF14-data!M13)/AF14 -> 0.24173028 | T14: =SUM(U14:AD14) -> 43.861225 | U14: =IF(Tablo1[[#This Row],[Özkaynak Karlılığı]]<0,0,(Tablo1[[#This Row],[Özkaynak Karlılığı]]/MAX(Tablo1[Özkaynak Karlılığı]))*10) -> 7.4710073 | V14: =(MIN(Tablo1[PD/DD])/Tablo1[[#This Row],[PD/DD]])*10 -> 2.1084599 | W14: =IFERROR((MIN(Tablo1[F/K])/Tablo1[[#This Row],[F/K]])*10,"") -> 2.7253161 | X14: =IFERROR((MIN(Tablo1[FD/FAVÖK])/Tablo1[[#This Row],[FD/FAVÖK]])*10,"") -> 3.0006766 | Y14: =IFERROR((MIN(Tablo1[FD/Satış])/Tablo1[[#This Row],[FD/Satış]])*10,"") -> 3.8931298 | Z14: =IFERROR((MIN(Tablo1[PEG])/Tablo1[[#This Row],[PEG]])*10,"") -> 3.3333333 | AA14: =(Tablo1[[#This Row],[ROIC]]/MAX(Tablo1[ROIC]))*10 -> 4.5117867 | AB14: =IFERROR(IF(Tablo1[[#This Row],[Yıllık Net Kar Değişimi]]<0,0,(Tablo1[[#This Row],[Yıllık Net Kar Değişimi]]/MAX(Tablo1[Yıllık Net Kar Değişimi]))*10),"") -> 4.7961402 | AC14: =IFERROR(IF(Tablo1[[#This Row],[Yıllık FAVÖK Değişimi]]<0,0,(Tablo1[[#This Row],[Yıllık FAVÖK Değişimi]]/MAX(Tablo1[Yıllık FAVÖK Değişimi]))*10),"") -> 4.1253495 | AD14: =IFERROR(IF(Tablo1[[#This Row],[Yıllık Satışlar Değişimi]]<0,0,(Tablo1[[#This Row],[Yıllık Satışlar Değişimi]]/MAX(Tablo1[Yıllık Satışlar Değişimi]))*10),"") -> 7.8960253 | AF14: =SUMIFS([1]!Tablo1[Hisse Fiyatı],[1]!Tablo1[Hisse],Tablo1[[#This Row],[Şirket]],[1]!Tablo1[Dönem],$R$2) -> 235.8
AF15: =SUMIFS([1]!Tablo1[Hisse Fiyatı],[1]!Tablo1[Hisse],Tablo1[[#This Row],[Şirket]],[1]!Tablo1[Dönem],$R$2) -> 0
AF16: =SUMIFS([1]!Tablo1[Hisse Fiyatı],[1]!Tablo1[Hisse],Tablo1[[#This Row],[Şirket]],[1]!Tablo1[Dönem],$R$2) -> 0
AF17: =SUMIFS([1]!Tablo1[Hisse Fiyatı],[1]!Tablo1[Hisse],Tablo1[[#This Row],[Şirket]],[1]!Tablo1[Dönem],$R$2) -> 0
AF18: =SUMIFS([1]!Tablo1[Hisse Fiyatı],[1]!Tablo1[Hisse],Tablo1[[#This Row],[Şirket]],[1]!Tablo1[Dönem],$R$2) -> 0
AF19: =SUMIFS([1]!Tablo1[Hisse Fiyatı],[1]!Tablo1[Hisse],Tablo1[[#This Row],[Şirket]],[1]!Tablo1[Dönem],$R$2) -> 0
AF20: =SUMIFS([1]!Tablo1[Hisse Fiyatı],[1]!Tablo1[Hisse],Tablo1[[#This Row],[Şirket]],[1]!Tablo1[Dönem],$R$2) -> 0
AF21: =SUMIFS([1]!Tablo1[Hisse Fiyatı],[1]!Tablo1[Hisse],Tablo1[[#This Row],[Şirket]],[1]!Tablo1[Dönem],$R$2) -> 0
AF22: =SUMIFS([1]!Tablo1[Hisse Fiyatı],[1]!Tablo1[Hisse],Tablo1[[#This Row],[Şirket]],[1]!Tablo1[Dönem],$R$2) -> 0
AF23: =SUMIFS([1]!Tablo1[Hisse Fiyatı],[1]!Tablo1[Hisse],Tablo1[[#This Row],[Şirket]],[1]!Tablo1[Dönem],$R$2) -> 0
AF24: =SUMIFS([1]!Tablo1[Hisse Fiyatı],[1]!Tablo1[Hisse],Tablo1[[#This Row],[Şirket]],[1]!Tablo1[Dönem],$R$2) -> 0
AF25: =SUMIFS([1]!Tablo1[Hisse Fiyatı],[1]!Tablo1[Hisse],Tablo1[[#This Row],[Şirket]],[1]!Tablo1[Dönem],$R$2) -> 0
AF26: =SUMIFS([1]!Tablo1[Hisse Fiyatı],[1]!Tablo1[Hisse],Tablo1[[#This Row],[Şirket]],[1]!Tablo1[Dönem],$R$2) -> 0
... AF34: =SUMIFS([1]!Tablo1[Hisse Fiyatı],[1]!Tablo1[Hisse],Tablo1[[#This Row],[Şirket]],[1]!Tablo1[Dönem],$R$2) -> 0
