Workbook

Sheet İcmal
C3: Toplam Dönen Varlıklar | D3: Toplam Duran Varlıklar | E3: Toplam Kısa Vadeli Yükümlülükler | F3: Toplam Uzun Vadeli Yükümlülükler | H3: Toplam Özkaynaklar | I3: Brüt Kar (Zarar) | J3: Genel Yönetim Giderleri (-) | K3: Pazarlama, Satış ve Dağıtım Giderleri (-) | L3: Araştırma ve Geliştirme Giderleri (-) | M3: Amortisman | N3: Dönem Karı (Zararı) | O3: Satış Gelirleri
B4: 2021/6 | C4: =+VLOOKUP(C$3,Bilanço!$A$1:$P$110,16,0) -> 1264411168 | D4: =+VLOOKUP(D$3,Bilanço!$A$1:$P$110,16,0) -> 4993565699 | E4: =+VLOOKUP(E$3,Bilanço!$A$1:$P$110,16,0) -> 1185272503 | F4: =+VLOOKUP(F$3,Bilanço!$A$1:$P$110,16,0) -> 1796442970 | H4: =+VLOOKUP(H$3,Bilanço!$A$1:$P$110,16,0) -> 3276261394 | I4: =+VLOOKUP(I$3,'Gelir Tablosu (Dönemsel)'!$A:$R,16,0) -> 898069650 | J4: =+VLOOKUP(J$3,'Gelir Tablosu (Dönemsel)'!$A:$R,16,0)*(-1) -> 27251268 | K4: =+VLOOKUP(K$3,'Gelir Tablosu (Dönemsel)'!$A:$R,16,0)*(-1) -> 0 | L4: =+VLOOKUP(L$3,'Gelir Tablosu (Dönemsel)'!$A:$R,16,0)*(-1) -> 0 | M4: =+VLOOKUP(M$3,'Gelir Tablosu (Dönemsel)'!$A:$R,16,0) -> 99009701 | N4: =+VLOOKUP(N$3,'Gelir Tablosu (Dönemsel)'!$A:$R,16,0) -> 915768394 | O4: =+VLOOKUP(O$3,'Gelir Tablosu (Dönemsel)'!$A:$R,16,0) -> 1988694905
B5: 2022/9 | C5: =+VLOOKUP(C$3,Bilanço!$A$1:$P$110,15,0) -> 1536055433 | D5: =+VLOOKUP(D$3,Bilanço!$A$1:$P$110,15,0) -> 5424734984 | E5: =+VLOOKUP(E$3,Bilanço!$A$1:$P$110,15,0) -> 1111099276 | F5: =+VLOOKUP(F$3,Bilanço!$A$1:$P$110,15,0) -> 1887522547 | H5: =+VLOOKUP(H$3,Bilanço!$A$1:$P$110,15,0) -> 3962168594 | I5: =+VLOOKUP(I$3,'Gelir Tablosu (Dönemsel)'!$A:$R,15,0) -> 1280819916 | J5: =+VLOOKUP(J$3,'Gelir Tablosu (Dönemsel)'!$A:$R,15,0)*(-1) -> 35583045 | K5: =+VLOOKUP(K$3,'Gelir Tablosu (Dönemsel)'!$A:$R,15,0)*(-1) -> 0 | L5: =+VLOOKUP(L$3,'Gelir Tablosu (Dönemsel)'!$A:$R,15,0)*(-1) -> 0 | M5: =+VLOOKUP(M$3,'Gelir Tablosu (Dönemsel)'!$A:$R,15,0) -> 148735912 | N5: =+VLOOKUP(N$3,'Gelir Tablosu (Dönemsel)'!$A:$R,15,0) -> 1669264404 | O5: =+VLOOKUP(O$3,'Gelir Tablosu (Dönemsel)'!$A:$R,15,0) -> 3217285731 | P5: =+I5-I4 -> 382750266 | Q5: =+J5-J4 -> 8331777 | R5: =+K5-K4 -> 0 | S5: =+L5-L4 -> 0 | T5: =+M5-M4 -> 49726211 | U5: =+P5-Q5-R5-S5+T5 -> 424144700 | W5: =+N5-N4 -> 753496010 | Y5: =+O5-O4 -> 1228590826
B6: 2022/12 | C6: =+VLOOKUP(C$3,Bilanço!$A$1:$N$110,14,0) -> 6.7413967e+09 | D6: =+VLOOKUP(D$3,Bilanço!$A$1:$N$110,14,0) -> 2.555408e+10 | E6: =+VLOOKUP(E$3,Bilanço!$A$1:$N$110,14,0) -> 3.8638979e+09 | F6: =+VLOOKUP(F$3,Bilanço!$A$1:$N$110,14,0) -> 6.0883093e+09 | H6: =+VLOOKUP(H$3,Bilanço!$A$1:$N$110,14,0) -> 2.2343269e+10 | I6: =+VLOOKUP(I$3,'Gelir Tablosu (Dönemsel)'!$A:$R,14,0) -> 7.3834023e+09 | J6: =+VLOOKUP(J$3,'Gelir Tablosu (Dönemsel)'!$A:$R,14,0)*(-1) -> 2.3239264e+08 | K6: =+VLOOKUP(K$3,'Gelir Tablosu (Dönemsel)'!$A:$R,14,0)*(-1) -> 0 | L6: =+VLOOKUP(L$3,'Gelir Tablosu (Dönemsel)'!$A:$R,14,0)*(-1) -> 0 | M6: =+VLOOKUP(M$3,'Gelir Tablosu (Dönemsel)'!$A:$R,14,0) -> 9.098003e+08 | N6: =+VLOOKUP(N$3,'Gelir Tablosu (Dönemsel)'!$A:$R,14,0) -> 4.9285987e+09 | O6: =+VLOOKUP(O$3,'Gelir Tablosu (Dönemsel)'!$A:$R,14,0) -> 2.1543002e+10 | P6: =+I6-I5 -> 6.1025824e+09 | Q6: =+J6-J5 -> 1.968096e+08 | R6: =+K6-K5 -> 0 | S6: =+L6-L5 -> 0 | T6: =+M6-M5 -> 7.6106438e+08 | U6: =+P6-Q6-R6-S6+T6 -> 6.6668372e+09 | W6: =+N6-N5 -> 3.2593343e+09 | Y6: =+O6-O5 -> 1.8325716e+10
B7: 2023/3 | C7: =+VLOOKUP(C$3,Bilanço!$A$1:$N$110,13,0) -> 3577129340 | D7: =+VLOOKUP(D$3,Bilanço!$A$1:$N$110,13,0) -> 5635702198 | E7: =+VLOOKUP(E$3,Bilanço!$A$1:$N$110,13,0) -> 2444994629 | F7: =+VLOOKUP(F$3,Bilanço!$A$1:$N$110,13,0) -> 2055937598 | H7: =+VLOOKUP(H$3,Bilanço!$A$1:$N$110,13,0) -> 4711899311 | I7: =+VLOOKUP(I$3,'Gelir Tablosu (Dönemsel)'!$A:$R,13,0) -> 7.1269036e+08 | J7: =+VLOOKUP(J$3,'Gelir Tablosu (Dönemsel)'!$A:$R,13,0)*(-1) -> 1.9419115e+08 | K7: =+VLOOKUP(K$3,'Gelir Tablosu (Dönemsel)'!$A:$R,13,0)*(-1) -> 3660900.8 | L7: =+VLOOKUP(L$3,'Gelir Tablosu (Dönemsel)'!$A:$R,13,0)*(-1) -> 0 | M7: =+VLOOKUP(M$3,'Gelir Tablosu (Dönemsel)'!$A:$R,13,0) -> 87411757 | N7: =+VLOOKUP(N$3,'Gelir Tablosu (Dönemsel)'!$A:$R,13,0) -> 7.4165287e+08 | O7: =+VLOOKUP(O$3,'Gelir Tablosu (Dönemsel)'!$A:$R,13,0) -> 3.4386314e+09 | P7: =+I7 -> 7.1269036e+08 | Q7: =+J7 -> 1.9419115e+08 | R7: =+K7 -> 3660900.8 | S7: =+L7 -> 0 | T7: =+M7 -> 87411757 | U7: =+P7-Q7-R7-S7+T7 -> 6.0225007e+08 | W7: =+N7 -> 7.4165287e+08 | Y7: =+O7 -> 3.4386314e+09
B8: 2023/6 | C8: =+VLOOKUP(C$3,Bilanço!$A$1:$N$110,12,0) -> 3822427951 | D8: =+VLOOKUP(D$3,Bilanço!$A$1:$N$110,12,0) -> 6020645881 | E8: =+VLOOKUP(E$3,Bilanço!$A$1:$N$110,12,0) -> 2927392677 | F8: =+VLOOKUP(F$3,Bilanço!$A$1:$N$110,12,0) -> 2602935680 | H8: =+VLOOKUP(H$3,Bilanço!$A$1:$N$110,12,0) -> 4312745475 | I8: =+VLOOKUP(I$3,'Gelir Tablosu (Dönemsel)'!$A:$R,12,0) -> 1.2299606e+09 | J8: =+VLOOKUP(J$3,'Gelir Tablosu (Dönemsel)'!$A:$R,12,0)*(-1) -> 2.904767e+08 | K8: =+VLOOKUP(K$3,'Gelir Tablosu (Dönemsel)'!$A:$R,12,0)*(-1) -> 16330442 | L8: =+VLOOKUP(L$3,'Gelir Tablosu (Dönemsel)'!$A:$R,12,0)*(-1) -> 0 | M8: =+VLOOKUP(M$3,'Gelir Tablosu (Dönemsel)'!$A:$R,12,0) -> 4.8460653e+08 | N8: =+VLOOKUP(N$3,'Gelir Tablosu (Dönemsel)'!$A:$R,12,0) -> 8.5958901e+08 | O8: =+VLOOKUP(O$3,'Gelir Tablosu (Dönemsel)'!$A:$R,12,0) -> 6.0087895e+09 | P8: =+I8-I7 -> 5.1727025e+08 | Q8: =+J8-J7 -> 96285551 | R8: =+K8-K7 -> 12669541 | S8: =+L8-L7 -> 0 | T8: =+M8-M7 -> 3.9719478e+08 | U8: =+P8-Q8-R8-S8+T8 -> 8.0550993e+08 | V8: =+SUM(U5:U8) -> 8.4987419e+09 | W8: =+N8-N7 -> 1.1793613e+08 | X8: =+SUM(W5:W8) -> 4.8724193e+09 | Y8: =+O8-O7 -> 2.5701581e+09 | Z8: =+SUM(Y5:Y8) -> 2.5563097e+10
B9: 2023/9 | C9: =+VLOOKUP(C$3,Bilanço!$A$1:$N$110,11,0) -> 4123927185 | D9: =+VLOOKUP(D$3,Bilanço!$A$1:$N$110,11,0) -> 6144718013 | E9: =+VLOOKUP(E$3,Bilanço!$A$1:$N$110,11,0) -> 2149524884 | F9: =+VLOOKUP(F$3,Bilanço!$A$1:$N$110,11,0) -> 198176948 | H9: =+VLOOKUP(H$3,Bilanço!$A$1:$N$110,11,0) -> 7920943366 | I9: =+VLOOKUP(I$3,'Gelir Tablosu (Dönemsel)'!$A:$R,11,0) -> 1.8859258e+09 | J9: =+VLOOKUP(J$3,'Gelir Tablosu (Dönemsel)'!$A:$R,11,0)*(-1) -> 5.7721822e+08 | K9: =+VLOOKUP(K$3,'Gelir Tablosu (Dönemsel)'!$A:$R,11,0)*(-1) -> 54144637 | L9: =+VLOOKUP(L$3,'Gelir Tablosu (Dönemsel)'!$A:$R,11,0)*(-1) -> 0 | M9: =+VLOOKUP(M$3,'Gelir Tablosu (Dönemsel)'!$A:$R,11,0) -> 9.8143826e+08 | N9: =+VLOOKUP(N$3,'Gelir Tablosu (Dönemsel)'!$A:$R,11,0) -> 1.619689e+09 | O9: =+VLOOKUP(O$3,'Gelir Tablosu (Dönemsel)'!$A:$R,11,0) -> 8.6171527e+09 | P9: =+I9-I8 -> 6.5596516e+08 | Q9: =+J9-J8 -> 2.8674152e+08 | R9: =+K9-K8 -> 37814194 | S9: =+L9-L8 -> 0 | T9: =+M9-M8 -> 4.9683173e+08 | U9: =+P9-Q9-R9-S9+T9 -> 8.2824117e+08 | V9: =+SUM(U6:U9) -> 8.9028384e+09 | W9: =+N9-N8 -> 7.6010003e+08 | X9: =+SUM(W6:W9) -> 4.8790233e+09 | Y9: =+O9-O8 -> 2.6083632e+09 | Z9: =+SUM(Y6:Y9) -> 2.6942869e+10
B10: 2023/12 | C10: =+VLOOKUP(C$3,Bilanço!$A$1:$N$110,10,0) -> 8.0157217e+09 | D10: =+VLOOKUP(D$3,Bilanço!$A$1:$N$110,10,0) -> 2.5553471e+10 | E10: =+VLOOKUP(E$3,Bilanço!$A$1:$N$110,10,0) -> 1.5436441e+09 | F10: =+VLOOKUP(F$3,Bilanço!$A$1:$N$110,10,0) -> 2.2360882e+08 | H10: =+VLOOKUP(H$3,Bilanço!$A$1:$N$110,10,0) -> 3.180194e+10 | I10: =+VLOOKUP(I$3,'Gelir Tablosu (Dönemsel)'!$A:$R,10,0) -> 1.8339108e+09 | J10: =+VLOOKUP(J$3,'Gelir Tablosu (Dönemsel)'!$A:$R,10,0)*(-1) -> 2.1113636e+08 | K10: =+VLOOKUP(K$3,'Gelir Tablosu (Dönemsel)'!$A:$R,10,0)*(-1) -> 1.3824506e+08 | L10: =+VLOOKUP(L$3,'Gelir Tablosu (Dönemsel)'!$A:$R,10,0)*(-1) -> 0 | M10: =+VLOOKUP(M$3,'Gelir Tablosu (Dönemsel)'!$A:$R,10,0) -> 1.5075778e+09 | N10: =+VLOOKUP(N$3,'Gelir Tablosu (Dönemsel)'!$A:$R,10,0) -> 8.4429213e+08 | O10: =+VLOOKUP(O$3,'Gelir Tablosu (Dönemsel)'!$A:$R,10,0) -> 1.1019319e+10 | P10: =+I10-I9 -> -52015003 | Q10: =+J10-J9 -> -3.6608186e+08 | R10: =+K10-K9 -> 84100427 | S10: =+L10-L9 -> 0 | T10: =+M10-M9 -> 5.2613957e+08 | U10: =+P10-Q10-R10-S10+T10 -> 7.5610599e+08 | V10: =+SUM(U7:U10) -> 2.9921072e+09 | W10: =+N10-N9 -> -7.753969e+08 | X10: =+SUM(W7:W10) -> 8.4429213e+08 | Y10: =+O10-O9 -> 2.4021661e+09 | Z10: =+SUM(Y7:Y10) -> 1.1019319e+10
B11: 2024/3 | C11: =+VLOOKUP(C$3,Bilanço!$A$1:$N$110,9,0) -> 7.9904012e+09 | D11: =+VLOOKUP(D$3,Bilanço!$A$1:$N$110,9,0) -> 2.4446086e+10 | E11: =+VLOOKUP(E$3,Bilanço!$A$1:$N$110,9,0) -> 1.2888592e+09 | F11: =+VLOOKUP(F$3,Bilanço!$A$1:$N$110,9,0) -> 1.1690042e+08 | H11: =+VLOOKUP(H$3,Bilanço!$A$1:$N$110,9,0) -> 3.1030728e+10 | I11: =+VLOOKUP(I$3,'Gelir Tablosu (Dönemsel)'!$A:$R,9,0) -> 3.5904219e+08 | J11: =+VLOOKUP(J$3,'Gelir Tablosu (Dönemsel)'!$A:$R,9,0)*(-1) -> 1.7067395e+08 | K11: =+VLOOKUP(K$3,'Gelir Tablosu (Dönemsel)'!$A:$R,9,0)*(-1) -> 42470788 | L11: =+VLOOKUP(L$3,'Gelir Tablosu (Dönemsel)'!$A:$R,9,0)*(-1) -> 0 | M11: =+VLOOKUP(M$3,'Gelir Tablosu (Dönemsel)'!$A:$R,9,0) -> 6.5436743e+08 | N11: =+VLOOKUP(N$3,'Gelir Tablosu (Dönemsel)'!$A:$R,9,0) -> -8.730419e+08 | O11: =+VLOOKUP(O$3,'Gelir Tablosu (Dönemsel)'!$A:$R,9,0) -> 2.058052e+09 | P11: =+I11 -> 3.5904219e+08 | Q11: =+J11 -> 1.7067395e+08 | R11: =+K11 -> 42470788 | S11: =+L11 -> 0 | T11: =+M11 -> 6.5436743e+08 | U11: =+P11-Q11-R11-S11+T11 -> 8.0026487e+08 | V11: =+SUM(U8:U11) -> 3.190122e+09 | W11: =+N11 -> -8.730419e+08 | X11: =+SUM(W8:W11) -> -7.7040265e+08 | Y11: =+O11 -> 2.058052e+09 | Z11: =+SUM(Y8:Y11) -> 9.6387394e+09
B12: 2024/6 | C12: =+VLOOKUP(C$3,Bilanço!$A$1:$N$110,8,0) -> 8.3320614e+09 | D12: =+VLOOKUP(D$3,Bilanço!$A$1:$N$110,8,0) -> 2.6579593e+10 | E12: =+VLOOKUP(E$3,Bilanço!$A$1:$N$110,8,0) -> 4.1495553e+09 | F12: =+VLOOKUP(F$3,Bilanço!$A$1:$N$110,8,0) -> 1.0263405e+08 | H12: =+VLOOKUP(H$3,Bilanço!$A$1:$N$110,8,0) -> 3.0659465e+10 | I12: =+VLOOKUP(I$3,'Gelir Tablosu (Dönemsel)'!$A:$R,8,0) -> 5.2443142e+08 | J12: =+VLOOKUP(J$3,'Gelir Tablosu (Dönemsel)'!$A:$R,8,0)*(-1) -> 4.0776767e+08 | K12: =+VLOOKUP(K$3,'Gelir Tablosu (Dönemsel)'!$A:$R,8,0)*(-1) -> 50564035 | L12: =+VLOOKUP(L$3,'Gelir Tablosu (Dönemsel)'!$A:$R,8,0)*(-1) -> 0 | M12: =+VLOOKUP(M$3,'Gelir Tablosu (Dönemsel)'!$A:$R,8,0) -> 1.1078266e+09 | N12: =+VLOOKUP(N$3,'Gelir Tablosu (Dönemsel)'!$A:$R,8,0) -> -1.1338215e+09 | O12: =+VLOOKUP(O$3,'Gelir Tablosu (Dönemsel)'!$A:$R,8,0) -> 3.4242551e+09 | P12: =+I12-I11 -> 1.6538923e+08 | Q12: =+J12-J11 -> 2.3709372e+08 | R12: =+K12-K11 -> 8093246.4 | S12: =+L12-L11 -> 0 | T12: =+M12-M11 -> 4.5345918e+08 | U12: =+P12-Q12-R12-S12+T12 -> 3.7366145e+08 | V12: =+SUM(U9:U12) -> 2.7582735e+09 | W12: =+N12-N11 -> -2.6077963e+08 | X12: =+SUM(W9:W12) -> -1.1491184e+09 | Y12: =+O12-O11 -> 1.3662031e+09 | Z12: =+SUM(Y9:Y12) -> 8.4347844e+09
B13: 2024/9 | C13: =+VLOOKUP(C$3,Bilanço!$A$1:$N$110,7,0) -> 7.2331321e+09 | D13: =+VLOOKUP(D$3,Bilanço!$A$1:$N$110,7,0) -> 2.6532141e+10 | E13: =+VLOOKUP(E$3,Bilanço!$A$1:$N$110,7,0) -> 4.0393625e+09 | F13: =+VLOOKUP(F$3,Bilanço!$A$1:$N$110,7,0) -> 1.5757731e+08 | H13: =+VLOOKUP(H$3,Bilanço!$A$1:$N$110,7,0) -> 2.9568333e+10 | I13: =+VLOOKUP(I$3,'Gelir Tablosu (Dönemsel)'!$A:$R,7,0) -> 1.4318831e+09 | J13: =+VLOOKUP(J$3,'Gelir Tablosu (Dönemsel)'!$A:$R,7,0)*(-1) -> 6.4623899e+08 | K13: =+VLOOKUP(K$3,'Gelir Tablosu (Dönemsel)'!$A:$R,7,0)*(-1) -> 86850692 | L13: =+VLOOKUP(L$3,'Gelir Tablosu (Dönemsel)'!$A:$R,7,0)*(-1) -> 0 | M13: =+VLOOKUP(M$3,'Gelir Tablosu (Dönemsel)'!$A:$R,7,0) -> 1.5754072e+09 | N13: =+VLOOKUP(N$3,'Gelir Tablosu (Dönemsel)'!$A:$R,7,0) -> -1.2029682e+09 | O13: =+VLOOKUP(O$3,'Gelir Tablosu (Dönemsel)'!$A:$R,7,0) -> 5.7929999e+09 | P13: =+I13-I12 -> 9.0745169e+08 | Q13: =+J13-J12 -> 2.3847132e+08 | R13: =+K13-K12 -> 36286657 | S13: =+L13-L12 -> 0 | T13: =+M13-M12 -> 4.6758059e+08 | U13: =+P13-Q13-R13-S13+T13 -> 1.1002743e+09 | V13: =+SUM(U10:U13) -> 3.0303066e+09 | W13: =+N13-N12 -> -69146634 | X13: =+SUM(W10:W13) -> -1.9783651e+09 | Y13: =+O13-O12 -> 2.3687448e+09 | Z13: =+SUM(Y10:Y13) -> 8.1951661e+09
B14: 2024/12 | C14: =+VLOOKUP(C$3,Bilanço!$A$1:$N$110,6,0) -> 6991364688 | D14: =+VLOOKUP(D$3,Bilanço!$A$1:$N$110,6,0) -> 26819209735 | E14: =+VLOOKUP(E$3,Bilanço!$A$1:$N$110,6,0) -> 4181599888 | F14: =+VLOOKUP(F$3,Bilanço!$A$1:$N$110,6,0) -> 120316414 | H14: =+VLOOKUP(H$3,Bilanço!$A$1:$N$110,6,0) -> 29508658121 | I14: =+VLOOKUP(I$3,'Gelir Tablosu (Dönemsel)'!$A:$R,6,0) -> 1320023576 | J14: =+VLOOKUP(J$3,'Gelir Tablosu (Dönemsel)'!$A:$R,6,0)*(-1) -> 208471637 | K14: =+VLOOKUP(K$3,'Gelir Tablosu (Dönemsel)'!$A:$R,6,0)*(-1) -> 122916073 | L14: =+VLOOKUP(L$3,'Gelir Tablosu (Dönemsel)'!$A:$R,6,0)*(-1) -> 707204 | M14: =+VLOOKUP(M$3,'Gelir Tablosu (Dönemsel)'!$A:$R,6,0) -> 1967312850 | N14: =+VLOOKUP(N$3,'Gelir Tablosu (Dönemsel)'!$A:$R,6,0) -> -1613206473 | O14: =+VLOOKUP(O$3,'Gelir Tablosu (Dönemsel)'!$A:$R,6,0) -> 7989409873 | P14: =+I14-I13 -> -1.1185953e+08 | Q14: =+J14-J13 -> -4.3776735e+08 | R14: =+K14-K13 -> 36065381 | S14: =+L14-L13 -> 707204 | T14: =+M14-M13 -> 3.9190566e+08 | U14: =+P14-Q14-R14-S14+T14 -> 6.8104089e+08 | V14: =+SUM(U11:U14) -> 2955241512 | W14: =+N14-N13 -> -4.1023831e+08 | X14: =+SUM(W11:W14) -> -1613206473 | Y14: =+O14-O13 -> 2.1964099e+09 | Z14: =+SUM(Y11:Y14) -> 7989409873
B15: 2025/3 | C15: =+VLOOKUP(C$3,Bilanço!$A$1:$N$110,5,0) -> 8.5366325e+09 | D15: =+VLOOKUP(D$3,Bilanço!$A$1:$N$110,5,0) -> 2.7567605e+10 | E15: =+VLOOKUP(E$3,Bilanço!$A$1:$N$110,5,0) -> 2.2965352e+09 | F15: =+VLOOKUP(F$3,Bilanço!$A$1:$N$110,5,0) -> 2.5789071e+09 | H15: =+VLOOKUP(H$3,Bilanço!$A$1:$N$110,5,0) -> 3.1228796e+10 | I15: =+VLOOKUP(I$3,'Gelir Tablosu (Dönemsel)'!$A:$R,5,0) -> 52858508 | J15: =+VLOOKUP(J$3,'Gelir Tablosu (Dönemsel)'!$A:$R,5,0)*(-1) -> 61811489 | K15: =+VLOOKUP(K$3,'Gelir Tablosu (Dönemsel)'!$A:$R,5,0)*(-1) -> 3338284.8 | L15: =+VLOOKUP(L$3,'Gelir Tablosu (Dönemsel)'!$A:$R,5,0)*(-1) -> 0 | M15: =+VLOOKUP(M$3,'Gelir Tablosu (Dönemsel)'!$A:$R,5,0) -> 6.4712551e+08 | N15: =+VLOOKUP(N$3,'Gelir Tablosu (Dönemsel)'!$A:$R,5,0) -> -3.5174859e+08 | O15: =+VLOOKUP(O$3,'Gelir Tablosu (Dönemsel)'!$A:$R,5,0) -> 1.1612108e+09 | P15: =+I15 -> 52858508 | Q15: =+J15 -> 61811489 | R15: =+K15 -> 3338284.8 | S15: =+L15 -> 0 | T15: =+M15 -> 6.4712551e+08 | U15: =+P15-Q15-R15-S15+T15 -> 6.3483424e+08 | V15: =+SUM(U12:U15) -> 2.7898109e+09 | W15: =+N15 -> -3.5174859e+08 | X15: =+SUM(W12:W15) -> -1.0919132e+09 | Y15: =+O15 -> 1.1612108e+09 | Z15: =+SUM(Y12:Y15) -> 7.0925687e+09
B16: 2025/6 | C16: =+VLOOKUP(C$3,Bilanço!$A$1:$N$110,4,0) -> 7.1421284e+09 | D16: =+VLOOKUP(D$3,Bilanço!$A$1:$N$110,4,0) -> 2.7434415e+10 | E16: =+VLOOKUP(E$3,Bilanço!$A$1:$N$110,4,0) -> 2.55308e+09 | F16: =+VLOOKUP(F$3,Bilanço!$A$1:$N$110,4,0) -> 2.5736652e+09 | H16: =+VLOOKUP(H$3,Bilanço!$A$1:$N$110,4,0) -> 2.9449798e+10 | I16: =+VLOOKUP(I$3,'Gelir Tablosu (Dönemsel)'!$A:$R,4,0) -> 1.7807736e+08 | J16: =+VLOOKUP(J$3,'Gelir Tablosu (Dönemsel)'!$A:$R,4,0)*(-1) -> 1.2481204e+08 | K16: =+VLOOKUP(K$3,'Gelir Tablosu (Dönemsel)'!$A:$R,4,0)*(-1) -> 8822702.8 | L16: =+VLOOKUP(L$3,'Gelir Tablosu (Dönemsel)'!$A:$R,4,0)*(-1) -> 0 | M16: =+VLOOKUP(M$3,'Gelir Tablosu (Dönemsel)'!$A:$R,4,0) -> 1.090657e+09 | N16: =+VLOOKUP(N$3,'Gelir Tablosu (Dönemsel)'!$A:$R,4,0) -> -2.1046352e+09 | O16: =+VLOOKUP(O$3,'Gelir Tablosu (Dönemsel)'!$A:$R,4,0) -> 2.862495e+09 | P16: =+I16-I15 -> 1.2521885e+08 | Q16: =+J16-J15 -> 63000548 | R16: =+K16-K15 -> 5484418.1 | S16: =+L16-L15 -> 0 | T16: =+M16-M15 -> 4.4353145e+08 | U16: =+P16-Q16-R16-S16+T16 -> 5.0026533e+08 | V16: =+SUM(U13:U16) -> 2.9164148e+09 | W16: =+N16-N15 -> -1.7528866e+09 | X16: =+SUM(W13:W16) -> -2.5840201e+09 | Y16: =+O16-O15 -> 1.7012843e+09 | Z16: =+SUM(Y13:Y16) -> 7.4276498e+09
B17: 2025/9 | C17: =+VLOOKUP(C$3,Bilanço!$A$1:$N$110,3,0) -> 5.0840876e+09 | D17: =+VLOOKUP(D$3,Bilanço!$A$1:$N$110,3,0) -> 2.6811134e+10 | E17: =+VLOOKUP(E$3,Bilanço!$A$1:$N$110,3,0) -> 1.7458715e+09 | F17: =+VLOOKUP(F$3,Bilanço!$A$1:$N$110,3,0) -> 2.5168768e+09 | H17: =+VLOOKUP(H$3,Bilanço!$A$1:$N$110,3,0) -> 2.7632473e+10 | I17: =+VLOOKUP(I$3,'Gelir Tablosu (Dönemsel)'!$A:$R,3,0) -> 3.4258261e+08 | J17: =+VLOOKUP(J$3,'Gelir Tablosu (Dönemsel)'!$A:$R,3,0)*(-1) -> 1.6741673e+08 | K17: =+VLOOKUP(K$3,'Gelir Tablosu (Dönemsel)'!$A:$R,3,0)*(-1) -> 12685460 | L17: =+VLOOKUP(L$3,'Gelir Tablosu (Dönemsel)'!$A:$R,3,0)*(-1) -> 0 | M17: =+VLOOKUP(M$3,'Gelir Tablosu (Dönemsel)'!$A:$R,3,0) -> 1.5951017e+09 | N17: =+VLOOKUP(N$3,'Gelir Tablosu (Dönemsel)'!$A:$R,3,0) -> -3.1251221e+09 | O17: =+VLOOKUP(O$3,'Gelir Tablosu (Dönemsel)'!$A:$R,3,0) -> 4.7638092e+09 | P17: =+I17-I16 -> 1.6450525e+08 | Q17: =+J17-J16 -> 42604693 | R17: =+K17-K16 -> 3862756.9 | S17: =+L17-L16 -> 0 | T17: =+M17-M16 -> 5.044448e+08 | U17: =+P17-Q17-R17-S17+T17 -> 6.2248259e+08 | V17: =+SUM(U14:U17) -> 2.4386231e+09 | W17: =+N17-N16 -> -1.0204869e+09 | X17: =+SUM(W14:W17) -> -3.5353604e+09 | Y17: =+O17-O16 -> 1.9013142e+09 | Z17: =+SUM(Y14:Y17) -> 6.9602191e+09
B18: 2025/12 | C18: =+VLOOKUP(C$3,Bilanço!$A$1:$N$110,2,0) -> 4631084706 | D18: =+VLOOKUP(D$3,Bilanço!$A$1:$N$110,2,0) -> 26297371946 | E18: =+VLOOKUP(E$3,Bilanço!$A$1:$N$110,2,0) -> 2084481187 | F18: =+VLOOKUP(F$3,Bilanço!$A$1:$N$110,2,0) -> 77456863 | H18: =+VLOOKUP(H$3,Bilanço!$A$1:$N$110,2,0) -> 28766518602 | I18: =+VLOOKUP(I$3,'Gelir Tablosu (Dönemsel)'!$A:$R,2,0) -> 386320551 | J18: =+VLOOKUP(J$3,'Gelir Tablosu (Dönemsel)'!$A:$R,2,0)*(-1) -> 231245015 | K18: =+VLOOKUP(K$3,'Gelir Tablosu (Dönemsel)'!$A:$R,2,0)*(-1) -> 14343462 | L18: =+VLOOKUP(L$3,'Gelir Tablosu (Dönemsel)'!$A:$R,2,0)*(-1) -> 0 | M18: =+VLOOKUP(M$3,'Gelir Tablosu (Dönemsel)'!$A:$R,2,0) -> 2026180373 | N18: =+VLOOKUP(N$3,'Gelir Tablosu (Dönemsel)'!$A:$R,2,0) -> -1000876001 | O18: =+VLOOKUP(O$3,'Gelir Tablosu (Dönemsel)'!$A:$R,2,0) -> 6160091890 | P18: =+I18-I17 -> 43737945 | Q18: =+J18-J17 -> 63828285 | R18: =+K18-K17 -> 1658002.3 | S18: =+L18-L17 -> 0 | T18: =+M18-M17 -> 4.3107862e+08 | U18: =+P18-Q18-R18-S18+T18 -> 4.0933028e+08 | V18: =+SUM(U15:U18) -> 2166912447 | W18: =+N18-N17 -> 2.1242461e+09 | X18: =+SUM(W15:W18) -> -1000876001 | Y18: =+O18-O17 -> 1.3962827e+09 | Z18: =+SUM(Y15:Y18) -> 6160091890
B22: FAVÖK (Yıllıklandırılmış) (Mln TL) | C22: NET BORÇ | D22: NET KAR YILLIK | E22: NET SATIŞLAR | F22: Özkaynak Karlılığı
A23: 2023/06 | B23: =+V8 -> 8.4987419e+09 | C23: =+D43+E43-B43-C43 -> 3019954272 | D23: =+X8 -> 4.8724193e+09 | E23: =+Z8 -> 2.5563097e+10 | F23: =+D23/((İcmal!H8+İcmal!H4)/2) -> 1.284073
A24: 2023/09 | B24: =+V9 -> 8.9028384e+09 | C24: =+D44+E44-B44-C44 -> -171894816 | D24: =+X9 -> 4.8790233e+09 | E24: =+Z9 -> 2.6942869e+10 | F24: =+D24/((İcmal!H9+İcmal!H5)/2) -> 0.82116929
A25: 2023/12 | B25: =+V10 -> 2.9921072e+09 | C25: =+D45+E45-B45-C45 -> -1.8639349e+08 | D25: =+X10 -> 8.4429213e+08 | E25: =+Z10 -> 1.1019319e+10 | F25: =+D25/((İcmal!H10+İcmal!H6)/2) -> 0.031186217
A26: 2024/03 | B26: =+V11 -> 3.190122e+09 | C26: =+D46+E46-B46-C46 -> -2.8603549e+08 | D26: =+X11 -> -7.7040265e+08 | E26: =+Z11 -> 9.6387394e+09 | F26: =+D26/((İcmal!H11+İcmal!H7)/2) -> -0.04310834
A27: 2024/06 | B27: =+V12 -> 2.7582735e+09 | C27: =+D47+E47-B47-C47 -> 17885795 | D27: =+X12 -> -1.1491184e+09 | E27: =+Z12 -> 8.4347844e+09 | F27: =+D27/((İcmal!H12+İcmal!H8)/2) -> -0.065716087
A28: 2024/09 | B28: =+V13 -> 3.0303066e+09 | C28: =+D48+E48-B48-C48 -> 9929848.6 | D28: =+X13 -> -1.9783651e+09 | E28: =+Z13 -> 8.1951661e+09 | F28: =+D28/((İcmal!H13+İcmal!H9)/2) -> -0.10554298
A29: 2024/12 | B29: =+V14 -> 2955241512 | C29: =+D49+E49-B49-C49 -> -102295721 | D29: =+X14 -> -1613206473 | E29: =+Z14 -> 7989409873 | F29: =+D29/((İcmal!H14+İcmal!H10)/2) -> -0.052624066
A30: 2025/03 | B30: =+V15 -> 2.7898109e+09 | C30: =+D50+E50-B50-C50 -> 5.1548065e+08 | D30: =+X15 -> -1.0919132e+09 | E30: =+Z15 -> 7.0925687e+09 | F30: =+D30/((İcmal!H15+İcmal!H11)/2) -> -0.035076181
A31: 2025/06 | B31: =+V16 -> 2.9164148e+09 | C31: =+D51+E51-B51-C51 -> 5.7248051e+08 | D31: =+X16 -> -2.5840201e+09 | E31: =+Z16 -> 7.4276498e+09 | F31: =+D31/((İcmal!H16+İcmal!H12)/2) -> -0.085977435
A32: 2025/09 | B32: =+V17 -> 2.4386231e+09 | C32: =+D52+E52-B52-C52 -> -2.5715395e+08 | D32: =+X17 -> -3.5353604e+09 | E32: =+Z17 -> 6.9602191e+09 | F32: =+D32/((İcmal!H17+İcmal!H13)/2) -> -0.12361226
A33: 2025/12 | B33: =+V18 -> 2166912447 | C33: =+D53+E53-B53-C53 -> 167895716 | D33: =+X18 -> -1000876001 | E33: =+Z18 -> 6160091890 | F33: =+D33/((İcmal!H18+İcmal!H14)/2) -> -0.034349995
K35: 147
K36: 134.6
K37: =+K35-K36 -> 12.4
B38: Nakit ve Nakit Benzerleri | C38: Finansal Yatırımlar | D38: Finansal Borçlar | E38: Finansal Borçlar
A39: 2021/6 | B39: =+VLOOKUP(B$38,Bilanço!$A$1:$P$110,16,0) -> 606911088 | C39: =+VLOOKUP(C$38,Bilanço!$A$1:$P$110,16,0) -> 0 | D39: =+VLOOKUP(D$38,Bilanço!$A$1:$P$110,16,0) -> 434886189 | E39: =+SUMIFS(Bilanço!P$2:P$144,Bilanço!A$2:A$144,İcmal!$E$38)-D39 -> 1772780053
A40: 2022/9 | B40: =+VLOOKUP(B$38,Bilanço!$A$1:$P$110,15,0) -> 641360719 | C40: =+VLOOKUP(C$38,Bilanço!$A$1:$P$110,15,0) -> 0 | D40: =+VLOOKUP(D$38,Bilanço!$A$1:$P$110,15,0) -> 465549230 | E40: =+SUMIFS(Bilanço!O$2:O$144,Bilanço!A$2:A$144,İcmal!$E$38)-D40 -> 1876779365
A41: 2022/12 | B41: =+VLOOKUP(B$38,Bilanço!$A$1:$N$110,14,0) -> 6.5221151e+08 | C41: =+VLOOKUP(C$38,Bilanço!$A$1:$N$110,14,0) -> 0 | D41: =+VLOOKUP(D$38,Bilanço!$A$1:$N$110,14,0) -> 9.1759213e+08 | E41: =+SUMIFS(Bilanço!N$2:N$144,Bilanço!A$2:A$144,İcmal!$E$38)-D41 -> 6.0155348e+09
A42: 2023/3 | B42: =+VLOOKUP(B$38,Bilanço!$A$1:$N$110,13,0) -> 112515995 | C42: =+VLOOKUP(C$38,Bilanço!$A$1:$N$110,13,0) -> 0 | D42: =+VLOOKUP(D$38,Bilanço!$A$1:$N$110,13,0) -> 310012661 | E42: =+SUMIFS(Bilanço!M$2:M$144,Bilanço!A$2:A$144,İcmal!$E$38)-D42 -> 2043582845
A43: 2023/6 | B43: =+VLOOKUP(B$38,Bilanço!$A$1:$N$110,12,0) -> 34721476 | C43: =+VLOOKUP(C$38,Bilanço!$A$1:$N$110,12,0) -> 0 | D43: =+VLOOKUP(D$38,Bilanço!$A$1:$N$110,12,0) -> 555689600 | E43: =+SUMIFS(Bilanço!L$2:L$144,Bilanço!A$2:A$144,İcmal!$E$38)-D43 -> 2498986148
A44: 2023/9 | B44: =+VLOOKUP(B$38,Bilanço!$A$1:$N$110,11,0) -> 312197369 | C44: =+VLOOKUP(C$38,Bilanço!$A$1:$N$110,11,0) -> 0 | D44: =+VLOOKUP(D$38,Bilanço!$A$1:$N$110,11,0) -> 53264928 | E44: =+SUMIFS(Bilanço!K$2:K$144,Bilanço!A$2:A$144,İcmal!$E$38)-D44 -> 87037625
A45: 2023/12 | B45: =+VLOOKUP(B$38,Bilanço!$A$1:$N$110,10,0) -> 2.1203439e+08 | C45: =+VLOOKUP(C$38,Bilanço!$A$1:$N$110,10,0) -> 0 | D45: =+VLOOKUP(D$38,Bilanço!$A$1:$N$110,10,0) -> 21563396 | E45: =+SUMIFS(Bilanço!J$2:J$144,Bilanço!A$2:A$144,İcmal!$E$38)-D45 -> 4077501.5
A46: 2024/3 | B46: =+VLOOKUP(B$38,Bilanço!$A$1:$N$110,9,0) -> 3.1625297e+08 | C46: =+VLOOKUP(C$38,Bilanço!$A$1:$N$110,9,0) -> 0 | D46: =+VLOOKUP(D$38,Bilanço!$A$1:$N$110,9,0) -> 28718583 | E46: =+SUMIFS(Bilanço!I$2:I$144,Bilanço!A$2:A$144,İcmal!$E$38)-D46 -> 1498890.6
A47: 2024/6 | B47: =+VLOOKUP(B$38,Bilanço!$A$1:$N$110,8,0) -> 54576001 | C47: =+VLOOKUP(C$38,Bilanço!$A$1:$N$110,8,0) -> 0 | D47: =+VLOOKUP(D$38,Bilanço!$A$1:$N$110,8,0) -> 62982159 | E47: =+SUMIFS(Bilanço!H$2:H$144,Bilanço!A$2:A$144,İcmal!$E$38)-D47 -> 9479637.3
A48: 2024/9 | B48: =+VLOOKUP(B$38,Bilanço!$A$1:$N$110,7,0) -> 69675128 | C48: =+VLOOKUP(C$38,Bilanço!$A$1:$N$110,7,0) -> 0 | D48: =+VLOOKUP(D$38,Bilanço!$A$1:$N$110,7,0) -> 75112194 | E48: =+SUMIFS(Bilanço!G$2:G$144,Bilanço!A$2:A$144,İcmal!$E$38)-D48 -> 4492782.5
A49: 2024/12 | B49: =+VLOOKUP(B$38,Bilanço!$A$1:$N$110,6,0) -> 205988794 | C49: =+VLOOKUP(C$38,Bilanço!$A$1:$N$110,6,0) -> 0 | D49: =+VLOOKUP(D$38,Bilanço!$A$1:$N$110,6,0) -> 82132521 | E49: =+SUMIFS(Bilanço!F$2:F$144,Bilanço!A$2:A$144,İcmal!$E$38)-D49 -> 21560552
A50: 2025/3 | B50: =+VLOOKUP(B$38,Bilanço!$A$1:$N$110,5,0) -> 21684213 | C50: =+VLOOKUP(C$38,Bilanço!$A$1:$N$110,5,0) -> 0 | D50: =+VLOOKUP(D$38,Bilanço!$A$1:$N$110,5,0) -> 5.2339633e+08 | E50: =+SUMIFS(Bilanço!E$2:E$144,Bilanço!A$2:A$144,İcmal!$E$38)-D50 -> 13768535
A51: 2025/6 | B51: =+VLOOKUP(B$38,Bilanço!$A$1:$N$110,4,0) -> 1.7502301e+08 | C51: =+VLOOKUP(C$38,Bilanço!$A$1:$N$110,4,0) -> 0 | D51: =+VLOOKUP(D$38,Bilanço!$A$1:$N$110,4,0) -> 7.4068415e+08 | E51: =+SUMIFS(Bilanço!D$2:D$144,Bilanço!A$2:A$144,İcmal!$E$38)-D51 -> 6819369.4
A52: 2025/9 | B52: =+VLOOKUP(B$38,Bilanço!$A$1:$N$110,3,0) -> 6.7486017e+08 | C52: =+VLOOKUP(C$38,Bilanço!$A$1:$N$110,3,0) -> 0 | D52: =+VLOOKUP(D$38,Bilanço!$A$1:$N$110,3,0) -> 3.9829868e+08 | E52: =+SUMIFS(Bilanço!C$2:C$144,Bilanço!A$2:A$144,İcmal!$E$38)-D52 -> 19407547
A53: 2025/12 | B53: =+VLOOKUP(B$38,Bilanço!$A$1:$N$110,2,0) -> 509357799 | C53: =+VLOOKUP(C$38,Bilanço!$A$1:$N$110,2,0) -> 0 | D53: =+VLOOKUP(D$38,Bilanço!$A$1:$N$110,2,0) -> 664971814 | E53: =+SUMIFS(Bilanço!B$2:B$144,Bilanço!A$2:A$144,İcmal!$E$38)-D53 -> 12281701

Sheet Bilanço
A1: Kalem | B1: 2025/12 | C1: 2025/9 | D1: 2025/6 | E1: 2025/3 | F1: 2024/12 | G1: 2024/9 | H1: 2024/6 | I1: 2024/3 | J1: 2023/12 | K1: 2023/9 | L1: 2023/6 | M1: 2023/3 | N1: 2022/12 | O1: 2022/9 | P1: 2022/6 | Q1: 2022/3 | R1: 2021/12 | S1: 2021/9 | T1: 2021/6 | U1: 2021/3 | V1: 2020/12 | W1: 2019/12 | X1: 2018/12 | Y1: 2017/12
A2: Dönen Varlıklar
A3: Nakit ve Nakit Benzerleri | B3: 509357799 | C3: 6.7486017e+08 | D3: 1.7502301e+08 | E3: 21684213 | F3: 205988794 | G3: 69675128 | H3: 54576001 | I3: 3.1625297e+08 | J3: 2.1203439e+08 | K3: 312197369 | L3: 34721476 | M3: 112515995 | N3: 6.5221151e+08 | O3: 641360719 | P3: 606911088 | Q3: 251781236 | R3: 23552721 | S3: 38435497 | T3: 11137736 | U3: 1304897 | V3: 1203171 | W3: 2968335 | X3: 1107559 | Y3: 5945169
A4: Gayrimenkul Projeleri Kapsamında Açılan Nakit Hesapları
A5: Finansal Yatırımlar | B5: 0 | C5: 0 | D5: 0 | E5: 0 | H5: 0 | I5: 0 | N5: 0
A6: Teminata Verilen Finansal Varlıklar
A7: Ticari Alacaklar | B7: 1247553023 | C7: 7.8459238e+08 | D7: 2.2473457e+09 | E7: 2.5969341e+09 | F7: 2443157646 | G7: 3.7827428e+09 | H7: 4.0841507e+09 | I7: 3.5884193e+09 | J7: 4.2030279e+09 | K7: 2376946213 | L7: 2522628775 | M7: 2642149968 | N7: 2.8489547e+09 | O7: 307259938 | P7: 224408539 | Q7: 138913825 | R7: 155198509 | S7: 114160586 | T7: 122381495 | U7: 103064264 | V7: 118131072 | W7: 70816425 | X7: 23785433 | Y7: 4543342
A8: Finans Sektörü Faaliyetlerinden Alacaklar | H8: 0 | I8: 0 | N8: 0
A9: Türkiye Cumhuriyet Merkez Bankası Hesabı
A10: Diğer Alacaklar | B10: 299067995 | C10: 2.4524156e+08 | D10: 1.4110811e+09 | E10: 1.3026736e+09 | F10: 1324715927 | G10: 3.1109896e+08 | H10: 4.5793848e+08 | I10: 45364269 | J10: 24627896 | K10: 12601443 | L10: 67540169 | M10: 63196138 | N10: 39205877 | O10: 12946543 | P10: 12924044 | Q10: 12228011 | R10: 3333243 | S10: 3487702 | T10: 3225311 | U10: 3941130 | V10: 24657091 | W10: 155509567 | X10: 55407807 | Y10: 7982111
A11: Müşteri Sözleşmelerinden Doğan Varlıklar | H11: 0 | I11: 0 | N11: 0
A12: İmtiyaz Sözleşmelerine İlişkin Finansal Varlıklar
A13: Türev Araçlar | H13: 0 | I13: 0 | K13: 0 | L13: 0 | M13: 0 | O13: 0 | P13: 0 | Q13: 1274039 | R13: 0
A14: Stoklar | B14: 2307675971 | C14: 2.5046462e+09 | D14: 2.5899614e+09 | E14: 4.0704889e+09 | F14: 2104598052 | G14: 2.0885528e+09 | H14: 2.7723874e+09 | I14: 2.9723671e+09 | J14: 2.3875347e+09 | K14: 882953339 | L14: 747778442 | M14: 640732718 | N14: 1.8554687e+09 | O14: 417099461 | P14: 323412184 | Q14: 272173921 | R14: 222076764 | S14: 193013321 | T14: 175055784 | U14: 155053193 | V14: 127864319 | W14: 85036278 | X14: 46020949
A15: Proje Halindeki Stoklar
A16: Canlı Varlıklar
A17: Peşin Ödenmiş Giderler | B17: 94751108 | C17: 1.7938175e+08 | D17: 77103981 | E17: 70605210 | F17: 86943407 | G17: 1.9609488e+08 | H17: 2.3243169e+08 | I17: 2.6713229e+08 | J17: 3.2096927e+08 | K17: 104298828 | L17: 46205099 | M17: 46045964 | N17: 1.5987425e+08 | O17: 4674286 | P17: 13034451 | Q17: 55262227 | R17: 15182551 | S17: 9792674 | T17: 17792484 | U17: 16917422 | V17: 13970747 | W17: 16044542 | X17: 3535148 | Y17: 457850
A18: Ertelenmiş Sigortacılık Üretim Giderleri
A19: Cari Dönem Vergisiyle İlgili Varlıklar | B19: 5357724 | C19: 4750489.8 | D19: 1421785.9 | E19: 659424.59 | F19: 1032974 | G19: 3390230.2 | H19: 357351.8 | I19: 279610.74 | J19: 10873476 | K19: 5431268 | L19: 5155900 | M19: 88721 | N19: 10178858 | O19: 266195 | P19: 228443 | Q19: 47349 | R19: 0 | S19: 38426 | T19: 12333 | U19: 179 | V19: 0
A20: Nakit Dışı Serbest Kullanılabilir Teminatlar
A21: Diğer Dönen Varlıklar | B21: 167321086 | C21: 6.9061511e+08 | D21: 6.4019139e+08 | E21: 4.7358706e+08 | F21: 824927888 | G21: 7.8157733e+08 | H21: 7.3021983e+08 | I21: 8.0058571e+08 | J21: 8.5665404e+08 | K21: 429498725 | L21: 398398090 | M21: 72399836 | N21: 1.1755029e+09 | O21: 152448291 | P21: 83492419 | Q21: 368758154 | R21: 122166556 | S21: 100426112 | T21: 53794838 | U21: 52189887 | V21: 35165872 | W21: 119283806 | X21: 99121655 | Y21: 47842810
A22: Satış Amacıyla Elde Tutulan Duran Varlıklar
A23: Ortaklara Dağıtılmak Üzere Elde Tutulan Duran Varlıklar
A24: Toplam Dönen Varlıklar | B24: 4631084706 | C24: 5.0840876e+09 | D24: 7.1421284e+09 | E24: 8.5366325e+09 | F24: 6991364688 | G24: 7.2331321e+09 | H24: 8.3320614e+09 | I24: 7.9904012e+09 | J24: 8.0157217e+09 | K24: 4123927185 | L24: 3822427951 | M24: 3577129340 | N24: 6.7413967e+09 | O24: 1536055433 | P24: 1264411168 | Q24: 1100438762 | R24: 541510344 | S24: 459354318 | T24: 383399981 | U24: 332470972 | V24: 320992272 | W24: 449658953 | X24: 228978551 | Y24: 66771282
A25: Duran Varlıklar
A26: Finansal Yatırımlar | H26: 0 | I26: 0 | N26: 0
A27: İştirakler, İş Ortaklıkları ve Bağlı Ortaklıklardaki Yatırımlar
A28: Ticari Alacaklar | B28: 1808822744 | C28: 1.8296992e+09 | D28: 1.8926483e+09 | E28: 1.9108603e+09 | F28: 1656476847 | G28: 1.7024936e+09 | H28: 1.7884518e+09 | I28: 0 | J28: 0 | N28: 0
A29: Finans Sektörü Faaliyetlerinden Alacaklar | H29: 0 | I29: 0 | N29: 0
A30: Diğer Alacaklar | B30: 205412 | C30: 214358.15 | D30: 230444.41 | E30: 244286.56 | F30: 268632 | G30: 285476.2 | H30: 310937.85 | I30: 337071.82 | J30: 387847.06 | K30: 209963 | L30: 209963 | M30: 209963 | N30: 653803.42 | O30: 210605 | P30: 209744 | Q30: 209745 | R30: 209743 | S30: 209744 | T30: 209744 | U30: 209744 | V30: 209740 | W30: 33214 | X30: 32829 | Y30: 37180
A31: Müşteri Sözleşmelerinden Doğan Varlıklar | H31: 0 | I31: 0 | N31: 0
A32: İmtiyaz Sözleşmelerine İlişkin Finansal Varlıklar
A33: Türev Araçlar | H33: 0 | I33: 0 | N33: 0
A34: Stoklar
A35: Özkaynak Yöntemiyle Değerlenen Yatırımlar
A36: Canlı Varlıklar
A37: Yatırım Amaçlı Gayrimenkuller
A38: Proje Halindeki Yatırım Amaçlı Gayrimenkuller
A39: Maddi Duran Varlıklar | B39: 22464184164 | C39: 2.3686076e+10 | D39: 2.4048366e+10 | E39: 2.4226922e+10 | F39: 22557785948 | G39: 2.2111331e+10 | H39: 2.2157117e+10 | I39: 2.222478e+10 | J39: 2.2419052e+10 | K39: 4972443008 | L39: 4993264664 | M39: 4941354200 | N39: 2.2652934e+10 | O39: 4902272152 | P39: 4899420780 | Q39: 4909848800 | R39: 4921667543 | S39: 2161934168 | T39: 2151162353 | U39: 2160353543 | V39: 2173562940 | W39: 2147845716 | X39: 2212911598 | Y39: 797302037
A40: Kullanım Hakkı Varlıkları | B40: 7899902 | C40: 11286733 | D40: 12133733 | E40: 20972335 | F40: 13907448 | G40: 14840420 | H40: 16807186 | I40: 28498491 | J40: 22597818 | K40: 7994066 | L40: 8170750 | M40: 1497428 | N40: 5334516.1 | O40: 2027247 | P40: 2443100 | Q40: 2866826 | R40: 3290763 | S40: 3465886 | T40: 3767694 | U40: 4110559 | V40: 4491134 | W40: 1881031
A41: Maddi Olmayan Duran Varlıklar | B41: 817410382 | C41: 8.1842923e+08 | D41: 8.5337954e+08 | E41: 8.4735751e+08 | F41: 810245448 | G41: 7.8206768e+08 | H41: 2.743562e+08 | I41: 2.8297307e+08 | J41: 2.9043773e+08 | K41: 54530301 | L41: 52289270 | M41: 42054436 | N41: 2.3186127e+08 | O41: 31024759 | P41: 32108990 | Q41: 30352014 | R41: 30706367 | S41: 29932419 | T41: 30756064 | U41: 32409065 | V41: 33575604 | W41: 15361853 | X41: 4885906 | Y41: 4305981
A42: Peşin Ödenmiş Giderler | B42: 9288251 | C42: 29434561 | D42: 26696203 | E42: 27592217 | F42: 27960471 | G42: 51799562 | H42: 53439963 | I42: 56266539 | J42: 64241889 | K42: 33335746 | L42: 32538682 | M42: 1017279 | N42: 2828778.9 | O42: 2859328 | P42: 2028414 | Q42: 1933187 | R42: 1884776 | S42: 3790459 | T42: 1842216 | U42: 1423110 | V42: 2210821 | W42: 2371829 | X42: 284910 | Y42: 708347
A43: Ertelenmiş Vergi Varlığı | B43: 1155862239 | C43: 3.8925302e+08 | D43: 5.4644172e+08 | E43: 4.7662524e+08 | F43: 1701154393 | G43: 1.7547853e+09 | H43: 2.1841838e+09 | I43: 1.7589922e+09 | J43: 2.6610032e+09 | K43: 1029201179 | L43: 887704415 | M43: 604254156 | N43: 2.5114228e+09 | O43: 433900633 | P43: 0 | Q43: 0 | R43: 0 | S43: 171303887 | T43: 143993449 | U43: 154361857 | V43: 142739441 | Y43: 145882937
A44: Cari Dönem Vergisiyle İlgili Duran Varlıklar
A45: Nakit Dışı Serbest Kullanılabilir Teminatlar
A46: Diğer Duran Varlıklar | B46: 33698852 | C46: 46740362 | D46: 54518873 | E46: 57031677 | F46: 51410548 | G46: 1.1453798e+08 | H46: 1.049255e+08 | I46: 94239099 | J46: 95750385 | K46: 47003750 | L46: 46468137 | M46: 45314736 | N46: 1.4904485e+08 | O46: 52440260 | P46: 57354671 | Q46: 64640698 | R46: 53860978 | S46: 69103811 | T46: 99479099 | U46: 92038352 | V46: 78238287 | W46: 79613086 | X46: 43589291 | Y46: 80044809
A47: Toplam Duran Varlıklar | B47: 26297371946 | C47: 2.6811134e+10 | D47: 2.7434415e+10 | E47: 2.7567605e+10 | F47: 26819209735 | G47: 2.6532141e+10 | H47: 2.6579593e+10 | I47: 2.4446086e+10 | J47: 2.5553471e+10 | K47: 6144718013 | L47: 6020645881 | M47: 5635702198 | N47: 2.555408e+10 | O47: 5424734984 | P47: 4993565699 | Q47: 5009851270 | R47: 5011620170 | S47: 2439740374 | T47: 2431210619 | U47: 2444906230 | V47: 2435027967 | W47: 2247106728 | X47: 2261704534 | Y47: 1028281291
A48: Toplam Varlıklar | B48: 30928456652 | C48: 3.1895221e+10 | D48: 3.4576543e+10 | E48: 3.6104238e+10 | F48: 33810574423 | G48: 3.3765273e+10 | H48: 3.4911654e+10 | I48: 3.2436487e+10 | J48: 3.3569193e+10 | K48: 10268645198 | L48: 9843073832 | M48: 9212831538 | N48: 3.2295476e+10 | O48: 6960790417 | P48: 6257976867 | Q48: 6110290032 | R48: 5553130514 | S48: 2899094692 | T48: 2814610600 | U48: 2777377202 | V48: 2756020239 | W48: 2696765681 | X48: 2490683085 | Y48: 1095052573
A49: Kısa Vadeli Yükümlülükler
A50: Finansal Borçlar | B50: 664971814 | C50: 3.9829868e+08 | D50: 7.4068415e+08 | E50: 5.2339633e+08 | F50: 82132521 | G50: 75112194 | H50: 62982159 | I50: 28718583 | J50: 21563396 | K50: 53264928 | L50: 555689600 | M50: 310012661 | N50: 9.1759213e+08 | O50: 465549230 | P50: 434886189 | Q50: 428319734 | R50: 625446479 | S50: 314677729 | T50: 247085964 | U50: 363597478 | V50: 326263819 | W50: 396633695 | X50: 86700161 | Y50: 34591984
A51: Diğer Finansal Yükümlülükler | B51: 13180557 | C51: 14513880 | D51: 15698684 | E51: 16659915 | F51: 3557245 | G51: 5405446.1 | H51: 7916772.8 | I51: 20231976 | J51: 14574489 | K51: 6922032 | L51: 7144994 | M51: 550645 | N51: 2699219.4 | O51: 3805544 | P51: 25848089 | Q51: 2424702 | R51: 2972839 | S51: 3317082 | T51: 3642459 | U51: 4063823 | V51: 4520746
A52: Ticari Borçlar | B52: 990366575 | C52: 9.3639046e+08 | D52: 1.2854519e+09 | E52: 1.2315495e+09 | F52: 1265451126 | G52: 9.7942626e+08 | H52: 1.0098725e+09 | I52: 7.0253071e+08 | J52: 9.0654651e+08 | K52: 606523436 | L52: 553338795 | M52: 330503288 | N52: 7.2410905e+08 | O52: 234129937 | P52: 288315071 | Q52: 267739986 | R52: 204267918 | S52: 185571218 | T52: 174355153 | U52: 179334234 | V52: 184623046 | W52: 219871545 | X52: 184867386 | Y52: 92233250
A53: Finans Sektörü Faaliyetlerinden Borçlar | H53: 0 | I53: 0 | N53: 0
A54: Çalışanlara Sağlanan Faydalar Kapsamında Borçlar | B54: 48586526 | C54: 58272640 | D54: 1.2254403e+08 | E54: 74520010 | F54: 53691452 | G54: 62188139 | H54: 1.2424089e+08 | I54: 76840518 | J54: 60665815 | K54: 31927685 | L54: 25594237 | M54: 20895945 | N54: 29042813 | O54: 8554350 | P54: 12463474 | Q54: 7553006 | R54: 6115662 | S54: 5378235 | T54: 4079033 | U54: 4404006 | V54: 4351445 | W54: 8943323 | X54: 2185723 | Y54: 345701
A55: Diğer Borçlar | B55: 274497942 | C55: 1.8310121e+08 | D55: 2.6657979e+08 | E55: 3.4325712e+08 | F55: 456970260 | G55: 5.7162856e+08 | H55: 5.5366063e+08 | I55: 3.1058666e+08 | J55: 4.0179443e+08 | K55: 1361704570 | L55: 1683803227 | M55: 1738242082 | N55: 4.9772392e+08 | O55: 152602177 | P55: 281807856 | Q55: 152450265 | R55: 132618962 | S55: 109272342 | T55: 104285742 | U55: 63398817 | V55: 100916227 | W55: 242023493 | X55: 253899205 | Y55: 173758230
A56: Müşteri Sözleşmelerinden Doğan Yükümlülükler | H56: 0 | I56: 0 | N56: 0
A57: Özkaynak Yöntemiyle Değerlenen Yatırımlardan Yükümlülükler
A58: Türev Araçlar | H58: 0 | N58: 0
A59: Devlet Teşvik ve Yardımları
A60: Ertelenmiş Gelirler | B60: 0 | C60: 0 | D60: 0 | E60: 0 | F60: 2217585926 | G60: 2.1616854e+09 | H60: 2.2948653e+09 | I60: 16144.813 | J60: 0 | K60: 0 | L60: 0 | M60: 0 | N60: 17544996 | O60: 34259463 | P60: 0 | Q60: 278089436 | R60: 61096265 | S60: 61305637 | T60: 18677054 | U60: 15095964 | V60: 7346258 | W60: 49250696
A61: Dönem Karı Vergi Yükümlülüğü | B61: 0 | C61: 0 | D61: 0 | E61: 0 | F61: 0 | G61: 0 | H61: 0 | I61: 3424996.3 | J61: 220802.27 | K61: 12918 | L61: 0 | M61: 4615524 | N61: 88622750 | O61: 2201003
A62: Kısa Vadeli Karşılıklar | B62: 33798614 | C62: 32652205 | D62: 40606452 | E62: 34229766 | F62: 28621621 | G62: 28619714 | H62: 27338587 | I62: 28365941 | J62: 27721453 | K62: 16798939 | L62: 13220600 | M62: 11385581 | N62: 35421873 | O62: 9777695 | P62: 9947000 | Q62: 7381458 | R62: 5807581 | S62: 5248855 | T62: 5698059 | U62: 4638283 | V62: 4511162 | W62: 1722375 | X62: 51000 | Y62: 25000
A63: Diğer Kısa Vadeli Yükümlülükler | B63: 59079159 | C63: 1.2264241e+08 | D63: 81514943 | E63: 72922641 | F63: 73589737 | G63: 1.5529678e+08 | H63: 68678468 | I63: 1.1814369e+08 | J63: 1.1055715e+08 | K63: 72370376 | L63: 88601224 | M63: 28788903 | N63: 1.5511411e+09 | O63: 200219877 | P63: 132004824 | Q63: 51482032 | R63: 43650986 | S63: 42335551 | T63: 23954522 | U63: 34820906 | V63: 25363408 | W63: 24467187 | X63: 119592726 | Y63: 35636428
A64: Satış Amaçlı Sınıflandırılan Varlık Gruplarına İlişkin Yükümlülükler
A65: Ortaklara Dağıtılmak Üzere Elde Tutulan Varlık Gruplarına İlişkin Yükümlülükler
A66: Toplam Kısa Vadeli Yükümlülükler | B66: 2084481187 | C66: 1.7458715e+09 | D66: 2.55308e+09 | E66: 2.2965352e+09 | F66: 4181599888 | G66: 4.0393625e+09 | H66: 4.1495553e+09 | I66: 1.2888592e+09 | J66: 1.5436441e+09 | K66: 2149524884 | L66: 2927392677 | M66: 2444994629 | N66: 3.8638979e+09 | O66: 1111099276 | P66: 1185272503 | Q66: 1195440619 | R66: 1081976692 | S66: 727106649 | T66: 581777986 | U66: 669353511 | V66: 657896111 | W66: 942912313 | X66: 647296201 | Y66: 336590593
A67: Uzun Vadeli Yükümlülükler
A68: Finansal Borçlar | B68: 12281701 | C68: 19407547 | D68: 6819369.4 | E68: 13768535 | F68: 21560552 | G68: 4492782.5 | H68: 9479637.3 | I68: 1498890.6 | J68: 4077501.5 | K68: 87037625 | L68: 2498986148 | M68: 2043582845 | N68: 6.0155348e+09 | O68: 1876779365 | P68: 1772780053 | Q68: 1828097267 | R68: 1671692344 | S68: 1237248635 | T68: 1353836970 | U68: 1467154362 | V68: 1296196292 | W68: 949166908 | X68: 978821734 | Y68: 619074980
A69: Diğer Finansal Yükümlülükler | B69: 0 | C69: 0 | D69: 0 | E69: 0 | H69: 0 | N69: 0
A70: Ticari Borçlar | H70: 0 | I70: 0 | N70: 0
A71: Finans Sektörü Faaliyetlerinden Borçlar | H71: 0 | I71: 0
A72: Çalışanlara Sağlanan Faydalar Kapsamında Borçlar
A73: Diğer Borçlar | B73: 16331689 | C73: 22779707 | D73: 29724154 | E73: 36951453 | F73: 37356451 | G73: 46758677 | H73: 58549846 | I73: 71648963 | J73: 91809926 | K73: 53538769 | L73: 59023541 | M73: 899773 | N73: 5234019.9 | O73: 2347115 | P73: 3485224 | Q73: 4330901 | R73: 5796327 | S73: 6339852 | T73: 4673876 | U73: 4887256 | V73: 5550965 | W73: 4566918
A74: Müşteri Sözleşmelerinden Doğan Yükümlülükler | H74: 0 | I74: 0
A75: Devlet Teşvik ve Yardımları
A76: Özkaynak Yöntemiyle Değerlenen Yatırımlardan Yükümlülükler
A77: Türev Araçlar | H77: 0 | I77: 0
A78: Devlet Teşvik ve Yardımları
A79: Ertelenmiş Gelirler | B79: 0 | C79: 2.4036842e+09 | D79: 2.4699798e+09 | E79: 2.4720895e+09 | F79: 0 | H79: 0 | I79: 0
A80: Uzun vadeli Karşılıklar | B80: 26015155 | C80: 16805396 | D80: 15283844 | E80: 15828485 | F80: 12054805 | G80: 11817800 | H80: 9312638 | I80: 12577566 | J80: 12796220 | K80: 6252787 | L80: 5139659 | M80: 3152279 | N80: 10313401 | O80: 2981566 | P80: 2220994 | Q80: 1771837 | R80: 1509318 | S80: 1227797 | T80: 1165540 | U80: 1139871 | V80: 1003472 | W80: 590022 | X80: 921955 | Y80: 539381
A81: Cari Dönem Vergisiyle İlgili Borçlar
A82: Ertelenmiş Vergi Yükümlülüğü | B82: 19269486 | C82: 48205821 | D82: 42962513 | E82: 28240618 | F82: 33245469 | G82: 74331182 | H82: 0 | I82: 80349.595 | J82: 74873743 | K82: 27893406 | L82: 13916860 | M82: 8041436 | N82: 55728796 | O82: 4779096 | P82: 17057066 | Q82: 183986368 | R82: 175075436 | S82: 2431070 | T82: 2479885 | U82: 2171016 | V82: 1996500 | W82: 46610189 | X82: 80329158 | Y82: 81037
A83: Diğer Uzun Vadeli Yükümlülükler | B83: 3558832 | C83: 5994170.4 | D83: 8895463.6 | E83: 12028511 | F83: 16099137 | G83: 20176871 | H83: 25291930 | I83: 31094648 | J83: 40051427 | K83: 23454361 | L83: 25869472 | M83: 261265 | N83: 1498290.3 | O83: 635405 | P83: 899633 | Q83: 1100858 | R83: 1447164 | S83: 1625597 | T83: 1001849 | U83: 799531 | V83: 920647 | W83: 2154031
A84: Toplam Uzun Vadeli Yükümlülükler | B84: 77456863 | C84: 2.5168768e+09 | D84: 2.5736652e+09 | E84: 2.5789071e+09 | F84: 120316414 | G84: 1.5757731e+08 | H84: 1.0263405e+08 | I84: 1.1690042e+08 | J84: 2.2360882e+08 | K84: 198176948 | L84: 2602935680 | M84: 2055937598 | N84: 6.0883093e+09 | O84: 1887522547 | P84: 1796442970 | Q84: 2019287231 | R84: 1855520589 | S84: 1248872951 | T84: 1363158120 | U84: 1476152036 | V84: 1305667876 | W84: 1003088068 | X84: 1060072847 | Y84: 619695398
A85: Özkaynaklar
A86: Ana Ortaklığa Ait Özkaynaklar | B86: 27934207290 | C86: 2.754667e+10 | D86: 2.936168e+10 | E86: 3.1141073e+10 | F86: 29417300128 | G86: 2.9474862e+10 | H86: 3.0552108e+10 | I86: 3.1030728e+10 | J86: 3.180194e+10 | K86: 7920943366 | L86: 4312745475 | M86: 4711899311 | N86: 2.2343269e+10 | O86: 3962168594 | P86: 3276261394 | Q86: 2895562182 | R86: 2615633233 | S86: 923115092 | T86: 869674494 | U86: 631871655 | V86: 792456252 | W86: 750765300 | X86: 783314035 | Y86: 138766579
A87: Ödenmiş Sermaye | B87: 7000000000 | C87: 7000000000 | D87: 7000000000 | E87: 7000000000 | F87: 7000000000 | G87: 7000000000 | H87: 7000000000 | I87: 938116903 | J87: 938116903 | K87: 800000000 | L87: 800000000 | M87: 320000000 | N87: 320000000 | O87: 320000000 | P87: 320000000 | Q87: 320000000 | R87: 320000000 | S87: 320000000 | T87: 320000000 | U87: 252410000 | V87: 252410000 | W87: 97410000 | X87: 44815160 | Y87: 44815160
A88: Sermaye Düzeltme Farkları | B88: 4261953930 | C88: 4.2619539e+09 | D88: 4.2619539e+09 | E88: 4.2619539e+09 | F88: 4261953930 | G88: 4.4826441e+09 | H88: 4.4829605e+09 | I88: 3.5591506e+09 | J88: 3.48101e+09 | N88: 2.4124189e+09
A89: Birleşme Denkleştirme Hesabı
A90: Pay Sahiplerinin İlave Sermaye Katkıları
A91: Sermaye Avansı | B91: 878563885 | C91: 9.1682732e+08 | D91: 1.6540973e+09 | E91: 1.7534543e+09 | F91: 1929900310 | G91: 2.0509049e+09 | H91: 2.2338362e+09 | I91: 2.4215875e+09 | J91: 2.7863664e+09 | K91: 3005423800 | N91: 0
A92: Geri Alınmış Paylar (-)
A93: Karşılıklı İştirak Sermaye Düzeltmesi (-)
A94: Paylara İlişkin Primler (İskontolar) | B94: 398536088 | C94: 3.9853609e+08 | D94: 3.9853609e+08 | E94: 3.9853609e+08 | F94: 398536088 | G94: 3.9853609e+08 | H94: 1.4401939e+09 | I94: 5.9694998e+09 | J94: 5.9694998e+09 | K94: 0 | L94: 0 | M94: 0 | N94: 1.2233887e+09 | O94: 185332488 | P94: 185332488 | Q94: 185332488 | R94: 185332488 | S94: 185339488 | T94: 186569716
A95: Ortak Kontrole Tabi Teşebbüs veya İşletmeleri İçeren Birleşmelerin Etkisi
A96: Pay Bazlı Ödemeler (-)
A97: Kar veya Zararda Yeniden Sınıflandırılmayacak Birikmiş Diğer Kapsamlı Gelirler (Giderler) | B97: -6348241 | C97: 20359200 | D97: 5381441 | E97: 1.5303654e+09 | F97: 6799806 | G97: -1.3888722e+09 | H97: -1.6239827e+09 | I97: -2.0723919e+09 | J97: -2.4608598e+09 | K97: 2827664591 | L97: 2828453308 | M97: 2830825091 | N97: -2.3917088e+09 | O97: 2829650223 | P97: 2830445086 | Q97: 2830678223 | R97: 2830644314 | S97: 654293581 | T97: 654283368 | U97: 654257336 | V97: 654233804
A98: Kar veya Zararda Yeniden Sınıflandırılacak Birikmiş Diğer Kapsamlı Gelirler (Giderler) | B98: 405351552 | C98: 1.518709e+09 | D98: 1.5988907e+09 | F98: -727285754 | H98: 0 | I98: 0 | K98: -1346276666 | L98: -1413477290 | M98: -937401381 | N98: 0 | O98: -746927963 | P98: -680134016 | Q98: -559045867 | R98: -425193010
A99: Kardan Ayrılan Kısıtlanmış Yedekler | B99: 316692119 | C99: 3.1669212e+08 | D99: 3.1669212e+08 | E99: 3.1669212e+08 | F99: 316692119 | G99: 3.1669212e+08 | H99: 3.1669212e+08 | I99: 77298937 | J99: 77298937 | K99: 27307069 | L99: 27307069 | M99: 27307068 | N99: 0
A100: Diğer Özkaynak Payları
...

Sheet Gelir Tablosu (Dönemsel)
A1: Kalem | B1: 2025/12 | C1: 2025/9 | D1: 2025/6 | E1: 2025/3 | F1: 2024/12 | G1: 2024/9 | H1: 2024/6 | I1: 2024/3 | J1: 2023/12 | K1: 2023/9 | L1: 2023/6 | M1: 2023/3 | N1: 2022/12 | O1: 2022/9 | P1: 2022/6 | Q1: 2022/3 | R1: 2021/12 | S1: 2021/9 | T1: 2021/6 | U1: 2021/3 | V1: 2020/12 | W1: 2020/9 | X1: 2020/6 | Y1: 2020/3 | Z1: 2019/12 | AA1: 2018/12 | AB1: 2017/12
A3: Satış Gelirleri | B3: 6160091890 | C3: 4.7638092e+09 | D3: 2.862495e+09 | E3: 1.1612108e+09 | F3: 7989409873 | G3: 5.7929999e+09 | H3: 3.4242551e+09 | I3: 2.058052e+09 | J3: 1.1019319e+10 | K3: 8.6171527e+09 | L3: 6.0087895e+09 | M3: 3.4386314e+09 | N3: 2.1543002e+10 | O3: 3217285731 | P3: 1988694905 | Q3: 907059213 | R3: 1192936521 | S3: 826376117 | T3: 500782637 | U3: 237729655 | V3: 739549313 | W3: 516129703 | X3: 366381237 | Y3: 151643506 | Z3: 741955505 | AA3: 234157733
A4: Toplam Hasılat
A5: Yurt İçi Satışlar | J5: 1.0369173e+10 | K5: 4.8627962e+09 | L5: 3.264052e+09 | M5: 1.8584027e+09 | N5: 2.1543002e+10 | O5: 3227930337 | P5: 1997872806 | Q5: 907059213 | R5: 1192936521
A6: Yurt Dışı Satışlar
A7: Satışların Maliyeti (-) | B7: -5773771339 | C7: -4.4212266e+09 | D7: -2.6844177e+09 | E7: -1.1083522e+09 | F7: -6669386297 | G7: -4.3611168e+09 | H7: -2.8998237e+09 | I7: -1.6990098e+09 | J7: -9.1854081e+09 | K7: -6.7312269e+09 | L7: -4.7788289e+09 | M7: -2.725941e+09 | N7: -1.41596e+10 | O7: -1936465815 | P7: -1090625255 | Q7: -399744400 | R7: -865358998 | S7: -614773542 | T7: -376118586 | U7: -186097006 | V7: -527296553 | W7: -363539389 | X7: -249027985 | Y7: -119619822 | Z7: -575342199 | AA7: -216495769
A8: Ticari Faaliyetlerden Brüt Kar (Zarar) | B8: 386320551 | C8: 3.4258261e+08 | D8: 1.7807736e+08 | E8: 52858508 | F8: 1320023576 | G8: 1.4318831e+09 | H8: 5.2443142e+08 | I8: 3.5904219e+08 | J8: 1.8339108e+09 | K8: 1.8859258e+09 | L8: 1.2299606e+09 | M8: 7.1269036e+08 | N8: 7.3834023e+09 | O8: 1280819916 | P8: 898069650 | Q8: 507314813 | R8: 327577523 | S8: 211602575 | T8: 124664051 | U8: 51632649 | V8: 212252760 | W8: 152590314 | X8: 117353252 | Y8: 32023684 | Z8: 166613306 | AA8: 17661964
A9: Faiz, Ücret, Prim, Komisyon ve Diğer Gelirler
A10: Faiz, Ücret, Prim, Komisyon ve Diğer Giderler (-)
A11: Finans Sektörü Faaliyetlerinden Brüt Kar (Zarar)
A12: Canlı Varlıklar Gerçeğe Uygun Değer Farkları
A13: Brüt Kar (Zarar) | B13: 386320551 | C13: 3.4258261e+08 | D13: 1.7807736e+08 | E13: 52858508 | F13: 1320023576 | G13: 1.4318831e+09 | H13: 5.2443142e+08 | I13: 3.5904219e+08 | J13: 1.8339108e+09 | K13: 1.8859258e+09 | L13: 1.2299606e+09 | M13: 7.1269036e+08 | N13: 7.3834023e+09 | O13: 1280819916 | P13: 898069650 | Q13: 507314813 | R13: 327577523 | S13: 211602575 | T13: 124664051 | U13: 51632649 | V13: 212252760 | W13: 152590314 | X13: 117353252 | Y13: 32023684 | Z13: 166613306 | AA13: 17661964
A15: Genel Yönetim Giderleri (-) | B15: -231245015 | C15: -1.6741673e+08 | D15: -1.2481204e+08 | E15: -61811489 | F15: -208471637 | G15: -6.4623899e+08 | H15: -4.0776767e+08 | I15: -1.7067395e+08 | J15: -2.1113636e+08 | K15: -5.7721822e+08 | L15: -2.904767e+08 | M15: -1.9419115e+08 | N15: -2.3239264e+08 | O15: -35583045 | P15: -27251268 | Q15: -14208451 | R15: -25637218 | S15: -18449237 | T15: -13695822 | U15: -4593501 | V15: -21305394 | W15: -16299420 | X15: -11189193 | Y15: -5103602 | Z15: -14883051 | AA15: -5564511 | AB15: -2221294
A16: Pazarlama, Satış ve Dağıtım Giderleri (-) | B16: -14343462 | C16: -12685460 | D16: -8822702.8 | E16: -3338284.8 | F16: -122916073 | G16: -86850692 | H16: -50564035 | I16: -42470788 | J16: -1.3824506e+08 | K16: -54144637 | L16: -16330442 | M16: -3660900.8 | N16: 0 | T16: 0 | U16: 0 | V16: -7404935 | W16: -4159163 | X16: -219547 | Y16: -70035 | Z16: -1669771 | AA16: -2992659
A17: Araştırma ve Geliştirme Giderleri (-) | B17: 0 | C17: 0 | D17: 0 | F17: -707204 | G17: 0 | H17: 0 | J17: 0
A18: Diğer Faaliyet Gelirleri | B18: 123366579 | C18: 1.1273968e+08 | D18: 1.5545136e+08 | E18: 63454396 | F18: 198455027 | G18: 1.1026821e+08 | H18: 96774005 | I18: 61128892 | J18: 2.4981171e+08 | K18: 2.1257279e+08 | L18: 1.3026501e+08 | M18: 20243595 | N18: 1.6326225e+08 | O18: 32562838 | P18: 21700207 | Q18: 3836630 | R18: 32960780 | S18: 27583064 | T18: 16010927 | U18: 10263812 | V18: 43848261 | W18: 26831395 | X18: 23227699 | Y18: 18119933 | Z18: 21264586 | AA18: 16579191 | AB18: 1937960
A19: Diğer Faaliyet Giderleri (-) | B19: -1116889722 | C19: -6.5852114e+08 | D19: -4.8255292e+08 | E19: -2.9514728e+08 | F19: -631360447 | G19: -4.3152729e+08 | H19: -3.3523909e+08 | I19: -59737427 | J19: -5.9186425e+08 | K19: -3.6032806e+08 | L19: -91591610 | M19: -39507881 | N19: -3.5242296e+08 | O19: -54775229 | P19: -24465842 | Q19: -13237026 | R19: -83984436 | S19: -57419009 | T19: -12706338 | U19: -7483812 | V19: -22533024 | W19: -27521318 | X19: -35896177 | Y19: -32868312 | Z19: -80883234 | AA19: -5617404 | AB19: -4923054
A20: Diğer Kazançlar (Kayıplar)
A21: Faaliyet Karı (Zararı) | B21: -852791069 | C21: -3.8330104e+08 | D21: -2.8265894e+08 | E21: -2.4398415e+08 | F21: 555023242 | G21: 3.7753435e+08 | H21: -1.7236537e+08 | I21: 1.4728891e+08 | J21: 1.1424768e+09 | K21: 1.1068076e+09 | L21: 9.6182686e+08 | M21: 4.9557403e+08 | N21: 6.961849e+09 | O21: 1223024480 | P21: 868052747 | Q21: 483705966 | R21: 250916649 | S21: 163317393 | T21: 114272818 | U21: 49819148 | V21: 204857668 | W21: 131441808 | X21: 93276034 | Y21: 12101668 | Z21: 90441836 | AA21: 20066581 | AB21: -5206388
A23: Ödenecek Kar Paylarının Defter Değeri ile Dağıtılan Nakit Dışı Varlıkların Değeri Arasındaki Fark
A24: İtfa Edilmiş Maliyetinden Ölçülen Finansal Varlıkların Finansal Tablo Dışı Bırakılmasından Kaynaklanan Kazançlar (Kayıplar)
A25: Yatırım Faaliyetlerinden Gelirler | B25: 35080377 | C25: 28334847 | D25: 23726534 | E25: 0 | F25: 1388738 | G25: 1299488.7 | H25: 1353733.6 | I25: 0 | J25: 5164674.9 | K25: 5425938.2 | L25: 4852668.9 | M25: 1288760.9 | N25: 1.1462234e+08 | O25: 26315520 | P25: 0 | Q25: 0 | R25: 124648 | S25: 124647 | T25: 124647 | U25: 150071 | V25: 389456 | W25: 389456 | X25: 51695 | Y25: 51695 | AB25: 12549
A26: Yatırım Faaliyetlerinden Giderler (-) | B26: -16180 | C26: 0 | D26: 0 | F26: -86030990 | G26: -94508197 | H26: -1.0942919e+08 | I26: 0 | J26: -2052398.3 | K26: -2237678.8 | L26: -2509522.7 | M26: 0 | N26: -6646.4525 | O26: -133367 | P26: -133366 | Q26: -133366 | R26: 0 | S26: 0 | T26: 0 | U26: 0 | V26: 0 | W26: 0 | X26: 0 | AA26: -3358 | AB26: -1137
A27: TFRS 9 Uyarınca Belirlenen Değer Düşüklüğü Kazançları (Zararları) ve Değer Düşüklüğü Zararlarının İptalleri
A28: Özkaynak Yöntemiyle Değerlenen Yatırımların Karlarından (Zararlarından) Paylar
A29: İştirakler, Müşterek Kontrol Edilen İşletmeler ve Bağlı Ortaklıklardan Diğer Gelirler (Giderler)
A30: İtfa Edilmiş Maliyetinden Ölçülen Finansal Varlıkların Gerçeğe Uygun Değer Farkı Kar veya Zarara Yansıtılan Olarak Sınıflandırılmasından Kazançlar (Kayıplar)
A31: Gerçeğe Uygun Değer Farkı Diğer Kapsamlı Gelire Yansıtılan Finansal Varlıkların Gerçeğe Uygun Değer Farkı Kar veya Zarara Yansıtılan Olarak Sınıflandırılmasından Kazançlar (Kayıplar)
A32: Risk Pozisyonlarını Netleştiren Kalemler Grubuna Yönelik Finansal Riskten Korunma Kazançları (Kayıpları)
A33: Finansman Geliri (Gideri) Öncesi Faaliyet Karı (Zararı) | B33: -817726872 | C33: -3.5496619e+08 | D33: -2.589324e+08 | E33: -2.4398415e+08 | F33: 470380990 | G33: 2.8432564e+08 | H33: -2.8044083e+08 | I33: 1.4728891e+08 | J33: 1.1455891e+09 | K33: 1.1099959e+09 | L33: 9.6417001e+08 | M33: 4.9686279e+08 | N33: 7.0764647e+09 | O33: 1249206633 | P33: 867919381 | Q33: 483572600 | R33: 251041297 | S33: 163442040 | T33: 114397465 | U33: 49969219 | V33: 205247124 | W33: 131831264 | X33: 93327729 | Y33: 12153363 | Z33: 90441836 | AA33: 20063223 | AB33: -5194976
A35: (Esas Faaliyet Dışı) Finansal Gelirler | B35: 2248978879 | C35: 1.0358777e+08 | D35: 41158227 | E35: 24651622 | F35: 224541353 | G35: 2.1830805e+08 | H35: 1.230338e+08 | I35: 16288502 | J35: 2.1191645e+09 | K35: 1.6367199e+09 | L35: 9.2278862e+08 | M35: 7.7833902e+08 | N35: 1.4979981e+09 | O35: 339770225 | P35: 260898303 | Q35: 75480959 | R35: 132480998 | S35: 119284154 | T35: 48085072 | U35: 30204146 | V35: 346899862 | W35: 236980573 | X35: 52726528 | Y35: 49937233 | Z35: 188042288 | AA35: 224238640 | AB35: 24268752
A36: (Esas Faaliyet Dışı) Finansal Giderler (-) | B36: -1359610899 | C36: -1.3248778e+09 | D36: -1.0109547e+09 | E36: -7.5419152e+08 | F36: -1414069338 | G36: -9.4598677e+08 | H36: -7.0085457e+08 | I36: -2.2695049e+08 | J36: -1.729152e+09 | K36: -1.2002373e+09 | L36: -8.7413543e+08 | M36: -6.479609e+08 | N36: -4.1089199e+09 | O36: -441059484 | P36: -306783367 | Q36: -103238485 | R36: -656608597 | S36: -433209696 | T36: -340263643 | U36: -252239162 | V36: -702076801 | W36: -591039969 | X36: -304672112 | Y36: -174963204 | Z36: -435365238 | AA36: -298706313 | AB36: -52005276
A37: Net Parasal Pozisyon Kazançları (Kayıpları) | B37: -1121069651 | C37: -7.4073117e+08 | D37: -1.1915335e+08 | E37: 1.5375066e+09 | F37: -923608227 | G37: -6.7452703e+08 | H37: -5.0313963e+08 | I37: -3.3985385e+08 | J37: -1.7331972e+09 | K37: -4.6431101e+08 | L37: -4.3667165e+08 | M37: -63021634 | N37: -1.2201233e+09
A38: Sürdürülen Faaliyetler Vergi Öncesi Karı (Zararı) | B38: -1049428543 | C38: -2.3169874e+09 | D38: -1.3478822e+09 | E38: 5.6398254e+08 | F38: -1642755222 | G38: -1.1178801e+09 | H38: -1.3614012e+09 | I38: -4.0322693e+08 | J38: -1.975956e+08 | K38: 1.0821675e+09 | L38: 5.7615156e+08 | M38: 5.6421927e+08 | N38: 3.2454195e+09 | O38: 1147917374 | P38: 822034317 | Q38: 455815074 | R38: -273086302 | S38: -150483502 | T38: -177781106 | U38: -172065797 | V38: -149929815 | W38: -222228132 | X38: -158617855 | Y38: -112872608 | Z38: -156881114 | AA38: -54404450 | AB38: -32931500
A40: Sürdürülen Faaliyetler Vergi Geliri (Gideri) | B40: 48552542 | C40: -8.0813474e+08 | D40: -7.5675299e+08 | E40: -9.1573113e+08 | F40: 29548749 | G40: -85088062 | H40: 2.275797e+08 | I40: -4.6981497e+08 | J40: 1.0418877e+09 | K40: 5.3752156e+08 | L40: 2.8343745e+08 | M40: 1.7743361e+08 | N40: 1.6831792e+09 | O40: 521347030 | P40: 93734077 | Q40: -42067178 | R40: 92123295 | S40: 28153079 | T40: 790069 | U40: 11457669 | V40: 187282520 | W40: -37386063 | X40: -439001 | Y40: -1331812 | Z40: 8992544 | AA40: -28147365 | AB40: 142830069
A41: Dönem Vergi Geliri (Gideri) | B41: 0 | C41: 0 | D41: 0 | F41: 0 | G41: 0 | H41: 0 | I41: -3550553.8 | J41: -265216.65 | K41: -31970.575 | N41: -1.1315672e+08 | O41: -2201004 | P41: 0 | Q41: 0 | R41: 0 | S41: 0 | AA41: -956468
A42: Ertelenmiş Vergi Geliri (Gideri) | B42: 48552542 | C42: -8.0813474e+08 | D42: -7.5675299e+08 | E42: -9.1573113e+08 | F42: 29548749 | G42: -85088062 | H42: 2.275797e+08 | I42: -4.6626442e+08 | J42: 1.0421529e+09 | K42: 5.3755353e+08 | L42: 2.8343745e+08 | M42: 1.9031068e+08 | N42: 1.7963359e+09 | O42: 523548034 | P42: 93734077 | Q42: -42067178 | R42: 92123295 | S42: 28153079 | T42: 790069 | U42: 11457669 | V42: 187282520 | W42: -37386063 | X42: -439001 | Y42: -1331812 | Z42: 8992544 | AA42: -27190897 | AB42: 142830069
A43: Sürdürülen Faaliyetler Dönem Karı/Zararı | B43: -1000876001 | C43: -3.1251221e+09 | D43: -2.1046352e+09 | E43: -3.5174859e+08 | F43: -1613206473 | G43: -1.2029682e+09 | H43: -1.1338215e+09 | I43: -8.730419e+08 | J43: 8.4429213e+08 | K43: 1.619689e+09 | L43: 8.5958901e+08 | M43: 7.4165287e+08 | N43: 4.9285987e+09 | O43: 1669264404 | P43: 915768394 | Q43: 413747896 | R43: -180963007 | S43: -122330423 | T43: -176991037 | U43: -160608128 | V43: 37352705 | W43: -259614195 | X43: -159056856 | Y43: -114204420 | Z43: -147888570 | AA43: -82551815 | AB43: 109898569
A44: Durdurulan Faaliyetler Dönem Karı/Zararı
A46: Dönem Karı (Zararı) | B46: -1000876001 | C46: -3.1251221e+09 | D46: -2.1046352e+09 | E46: -3.5174859e+08 | F46: -1613206473 | G46: -1.2029682e+09 | H46: -1.1338215e+09 | I46: -8.730419e+08 | J46: 8.4429213e+08 | K46: 1.619689e+09 | L46: 8.5958901e+08 | M46: 7.4165287e+08 | N46: 4.9285987e+09 | O46: 1669264404 | P46: 915768394 | Q46: 413747896 | R46: -180963007 | S46: -122330423 | T46: -176991037 | U46: -160608128 | V46: 37352705 | W46: -259614195 | X46: -159056856 | Y46: -114204420 | Z46: -147888570 | AA46: -82551815 | AB46: 109898569
A47: Azınlık Payları | B47: 707677001 | C47: 176250.76 | D47: -59670.845 | E47: -1116444.7 | F47: 733367 | G47: 9357964 | H47: 9015456 | I47: 0 | J47: 0 | K47: 0 | L47: 0 | M47: 0 | N47: 0 | T47: 0 | V47: 0 | W47: 0 | X47: 0
A48: Ana Ortaklık Payları | B48: -1708553002 | C48: -3.1252984e+09 | D48: -2.1045755e+09 | E48: -3.5063215e+08 | F48: -1613939840 | G48: -1.2123261e+09 | H48: -1.142837e+09 | I48: -8.730419e+08 | J48: 8.4429213e+08 | K48: 1.619689e+09 | L48: 8.5958901e+08 | M48: 7.4165287e+08 | N48: 4.9285987e+09 | O48: 1669264404 | P48: 915768394 | Q48: 413747896 | R48: -180963007 | S48: -122330423 | T48: -176991037 | U48: -160608128 | V48: 37352705 | W48: -259614195 | X48: -159056856 | Y48: -114204420 | Z48: -147888570 | AA48: -82551815 | AB48: 109898569
A50: Amortisman | B50: 2026180373 | C50: 1.5951017e+09 | D50: 1.090657e+09 | E50: 6.4712551e+08 | F50: 1967312850 | G50: 1.5754072e+09 | H50: 1.1078266e+09 | I50: 6.5436743e+08 | J50: 1.5075778e+09 | K50: 9.8143826e+08 | L50: 4.8460653e+08 | M50: 87411757 | N50: 9.098003e+08 | O50: 148735912 | P50: 99009701 | Q50: 48943268 | R50: 65633945 | S50: 63454716 | T50: 42429430 | U50: 20996518 | V50: 78695449 | W50: 55257496 | X50: 36853886 | Y50: 22736979 | Z50: 63637771 | AA50: 29923650 | AB50: 1274474

Sheet Sayfa1
F2: ımmobıle
F3: Semih
F4: Mustafa
C6: Rafa | F6: muci | I6: rachia
C7: Arroyo
E9: mario
E10: chamberla | G10: Gedson
F12: Musrati
F13: Amir
F14: Salih
C16: Masuaku | E16: felix | G16: Paulista | I16: svenson
C17: Emrecan | E17: Emirhan | G17: Tayyip | I17: Onur
E18: Necip
F21: Mert
F22: Ersin

Sheet Gelir Tablosu (Çeyreklik)
A1: Kalem | B1: 2025/3 | C1: 2024/12 | D1: 2024/9 | E1: 2024/6 | F1: 2024/3 | G1: 2023/12 | H1: 2023/9 | I1: 2023/6 | J1: 2023/3 | K1: 2022/12 | L1: 2022/9 | M1: 2022/6 | N1: 2022/3 | O1: 2021/12 | P1: 2021/9 | Q1: 2021/6 | R1: 2021/3 | S1: 2020/12 | T1: 2020/9 | U1: 2020/6 | V1: 2020/3 | W1: 2019/12 | X1: 2019/9 | Y1: 2019/6 | Z1: 2019/3 | AA1: 2018/12 | AB1: 2018/9 | AC1: 2018/6 | AD1: 2018/3 | AE1: 2017/12 | AF1: 2017/9 | AG1: 2017/6 | AH1: 2017/3 | AI1: 2016/12 | AJ1: 2016/9 | AK1: 2016/6 | AL1: 2016/3
A3: Satış Gelirleri | B3: 109117642000 | C3: 1.1918733e+11 | D3: 1.2326893e+11 | E3: 1.2941471e+11 | F3: 99801065000 | G3: 9.9749756e+10 | H3: 1.0836545e+11 | I3: 1.0519271e+11 | J3: 9.5248668e+10 | L3: 34254600000 | M3: 32304633000 | N3: 28164395000 | O3: 22518529000 | P3: 18147680000 | Q3: 14534414000 | R3: 12983814000 | S3: 13334671000 | T3: 11938155000 | U3: 7832129000 | V3: 7767528000 | W3: 8366065000 | X3: 8245951000 | Y3: 8427600000 | Z3: 6902157000 | AA3: 7414262000 | AB3: 7696011000 | AC3: 6511893000 | AD3: 5282218000 | AE3: 5705672000 | AF3: 5439610000 | AG3: 5061077000 | AH3: 4634254000 | AI3: 4525929000 | AJ3: 4083238000 | AK3: 3959556000 | AL3: 3527449000
A4: Toplam Hasılat
A5: Yurt İçi Satışlar | C5: 3.2058018e+10 | D5: 3.751848e+10 | E5: 4.7695531e+10 | F5: 3.5575604e+10 | G5: 3.3801114e+10 | H5: 4.1821791e+10 | I5: 4.4060584e+10 | J5: 3.310852e+10 | L5: 10127510000 | M5: 9736626000 | N5: 8378846000
A6: Yurt Dışı Satışlar | C6: 8.7129308e+10 | D6: 8.5750448e+10 | E6: 9.7874107e+10 | F6: 4.8070534e+10 | G6: 6.5948642e+10 | H6: 6.6543661e+10 | I6: 6.8516968e+10 | J6: 5.4755307e+10 | L6: 24127090000 | M6: 22568007000 | N6: 19785549000
A7: Satışların Maliyeti (-) | B7: -77842714000 | C7: -8.718702e+10 | D7: -9.0721905e+10 | E7: -9.3594719e+10 | F7: -70182018000 | G7: -7.1783273e+10 | H7: -7.6625507e+10 | I7: -7.2520403e+10 | J7: -6.7846276e+10 | L7: -24393399000 | M7: -22736217000 | N7: -19477778000 | O7: -16041717000 | P7: -13022200000 | Q7: -10141203000 | R7: -8500972000 | S7: -8531464000 | T7: -7810877000 | U7: -5423959000 | V7: -5299810000 | W7: -5758661000 | X7: -5520482000 | Y7: -5784268000 | Z7: -4663460000 | AA7: -5003928000 | AB7: -5185275000 | AC7: -4537873000 | AD7: -3631546000 | AE7: -3956411000 | AF7: -3714987000 | AG7: -3506684000 | AH7: -3156332000 | AI7: -3094120000 | AJ7: -2722219000 | AK7: -2606889000 | AL7: -2333384000
A8: Ticari Faaliyetlerden Brüt Kar (Zarar) | B8: 31274928000 | C8: 3.2000305e+10 | D8: 3.2547023e+10 | E8: 3.5819993e+10 | F8: 29619047000 | G8: 2.7966483e+10 | H8: 3.1739945e+10 | I8: 3.2672307e+10 | J8: 2.7402392e+10 | L8: 9861201000 | M8: 9568416000 | N8: 8686617000 | O8: 6476812000 | P8: 5125480000 | Q8: 4393211000 | R8: 4482842000 | S8: 4803207000 | T8: 4127278000 | U8: 2408170000 | V8: 2467718000 | W8: 2607404000 | X8: 2725469000 | Y8: 2643332000 | Z8: 2238697000 | AA8: 2410334000 | AB8: 2510736000 | AC8: 1974020000 | AD8: 1650672000 | AE8: 1749261000 | AF8: 1724623000 | AG8: 1554393000 | AH8: 1477922000 | AI8: 1431809000 | AJ8: 1361019000 | AK8: 1352667000 | AL8: 1194065000
A9: Faiz, Ücret, Prim, Komisyon ve Diğer Gelirler | AJ9: 0 | AK9: 0 | AL9: 0
A10: Faiz, Ücret, Prim, Komisyon ve Diğer Giderler (-) | AJ10: 0 | AK10: 0 | AL10: 0
A11: Finans Sektörü Faaliyetlerinden Brüt Kar (Zarar) | AJ11: 0 | AK11: 0 | AL11: 0
A12: Canlı Varlıklar Gerçeğe Uygun Değer Farkları
A13: Brüt Kar (Zarar) | B13: 31274928000 | C13: 3.2000305e+10 | D13: 3.2547023e+10 | E13: 3.5819993e+10 | F13: 29619047000 | G13: 2.7966483e+10 | H13: 3.1739945e+10 | I13: 3.2672307e+10 | J13: 2.7402392e+10 | L13: 9861201000 | M13: 9568416000 | N13: 8686617000 | O13: 6476812000 | P13: 5125480000 | Q13: 4393211000 | R13: 4482842000 | S13: 4803207000 | T13: 4127278000 | U13: 2408170000 | V13: 2467718000 | W13: 2607404000 | X13: 2725469000 | Y13: 2643332000 | Z13: 2238697000 | AA13: 2410334000 | AB13: 2510736000 | AC13: 1974020000 | AD13: 1650672000 | AE13: 1749261000 | AF13: 1724623000 | AG13: 1554393000 | AH13: 1477922000 | AI13: 1431809000 | AJ13: 1361019000 | AK13: 1352667000 | AL13: 1194065000
A15: Genel Yönetim Giderleri (-) | B15: -7544236000 | C15: -7.173808e+09 | D15: -6.8408989e+09 | E15: -7.3298351e+09 | F15: -5929432000 | G15: -5.5351301e+09 | H15: -6.3350632e+09 | I15: -5.5616734e+09 | J15: -6.0537315e+09 | L15: -1286400000 | M15: -1552445000 | N15: -1312152000 | O15: -1058708000 | P15: -796232000 | Q15: -681005000 | R15: -570825000 | S15: -721271000 | T15: -551101000 | U15: -416333000 | V15: -487243000 | W15: -400554000 | X15: -409140000 | Y15: -430451000 | Z15: -354253000 | AA15: -317969000 | AB15: -353604000 | AC15: -278671000 | AD15: -259228000 | AE15: -277616000 | AF15: -231867000 | AG15: -207823000 | AH15: -219273000 | AI15: -223508000 | AJ15: -176328000 | AK15: -173168000 | AL15: -189787000
A16: Pazarlama, Satış ve Dağıtım Giderleri (-) | B16: -21430415000 | C16: -2.299554e+10 | D16: -2.3544919e+10 | E16: -2.6020431e+10 | F16: -18489273000 | G16: -1.9050865e+10 | H16: -1.9538989e+10 | I16: -1.9091621e+10 | J16: -1.7066703e+10 | L16: -6347539000 | M16: -6285679000 | N16: -4929141000 | O16: -4148183000 | P16: -2916239000 | Q16: -2569861000 | R16: -2285710000 | S16: -2413314000 | T16: -2088466000 | U16: -1433104000 | V16: -1534375000 | W16: -1640145000 | X16: -1603703000 | Y16: -1500715000 | Z16: -1379958000 | AA16: -1342139000 | AB16: -1509756000 | AC16: -1262253000 | AD16: -980286000 | AE16: -1140608000 | AF16: -1047777000 | AG16: -948681000 | AH16: -890633000 | AI16: -895499000 | AJ16: -809101000 | AK16: -830625000 | AL16: -692099000
A17: Araştırma ve Geliştirme Giderleri (-) | B17: -1297230000 | C17: -1.2917744e+09 | D17: -1.7597289e+09 | E17: -1.439537e+09 | F17: -845507000 | G17: -7.9116492e+08 | H17: -6.0556272e+08 | I17: -8.0803916e+08 | J17: -8.8408202e+08 | L17: -192720000 | M17: -171056000 | N17: -154577000 | O17: -149232000 | P17: -113079000 | Q17: -94285000 | R17: -87472000 | S17: -88887000 | T17: -84407000 | U17: -72199000 | V17: -72718000 | W17: -70287000 | X17: -64921000 | Y17: -61998000 | Z17: -59545000 | AA17: -63728000 | AB17: -51018000 | AC17: -46571000 | AD17: -43475000 | AE17: -46694000 | AF17: -39978000 | AG17: -42988000 | AH17: -40517000 | AI17: -37864000 | AJ17: -39898000 | AK17: -39134000 | AL17: -34772000
A18: Diğer Faaliyet Gelirleri | B18: 6657341000 | C18: 2.0999924e+10 | D18: 3.8627824e+09 | E18: 2.1361147e+09 | F18: 4553076000 | G18: 5.9672693e+09 | H18: 3.0578547e+09 | I18: 1.0582183e+10 | J18: 1.7452136e+09 | L18: 1188400000 | M18: 1776289000 | N18: 1901218000 | O18: 4128430000 | P18: 296991000 | Q18: 460985000 | R18: 890017000 | S18: -23775000 | T18: 786082000 | U18: 432001000 | V18: 575052000 | W18: 241653000 | X18: 161467000 | Y18: 167282000 | Z18: 348333000 | AA18: -476484000 | AB18: 1133164000 | AC18: 397237000 | AD18: 270898000 | AE18: 286064000 | AF18: 155483000 | AG18: 41598000 | AH18: 228693000 | AI18: 389312000 | AJ18: 129118000 | AK18: 81330000 | AL18: 90307000
A19: Diğer Faaliyet Giderleri (-) | B19: -5155468000 | C19: -1.5402191e+10 | D19: -6.5192923e+09 | E19: -3.0271191e+09 | F19: -5089839000 | G19: -4.3955664e+09 | H19: -5.1766031e+09 | I19: -1.1220934e+10 | J19: -2.8766598e+09 | L19: -1389399000 | M19: -1415510000 | N19: -1470073000 | O19: -2239376000 | P19: -331811000 | Q19: -441878000 | R19: -750728000 | S19: -63043000 | T19: -315269000 | U19: -206297000 | V19: -175410000 | W19: -106577000 | X19: -90618000 | Y19: -153679000 | Z19: -153335000 | AA19: -67721000 | AB19: -345858000 | AC19: -176824000 | AD19: -134154000 | AE19: -141300000 | AF19: -57061000 | AG19: -40838000 | AH19: -132552000 | AI19: -205086000 | AJ19: -27263000 | AK19: -80286000 | AL19: -77138000
A20: Diğer Kazançlar (Kayıplar) | U20: 0 | V20: 0 | AI20: 0 | AJ20: 0 | AK20: 0 | AL20: 0
A21: Faaliyet Karı (Zararı) | B21: 2504920000 | C21: 6.1369162e+09 | D21: -2.2550341e+09 | E21: 1.3918496e+08 | F21: 3818072000 | G21: 4.1610264e+09 | H21: 3.1415812e+09 | I21: 6.572223e+09 | J21: 2.2664289e+09 | L21: 1833543000 | M21: 1920015000 | N21: 2721892000 | O21: 3009743000 | P21: 1265110000 | Q21: 1067167000 | R21: 1678124000 | S21: 1492917000 | T21: 1874117000 | U21: 712238000 | V21: 773024000 | W21: 631494000 | X21: 718554000 | Y21: 663771000 | Z21: 639939000 | AA21: 142293000 | AB21: 1383664000 | AC21: 606938000 | AD21: 504427000 | AE21: 429107000 | AF21: 503423000 | AG21: 355661000 | AH21: 423640000 | AI21: 459164000 | AJ21: 437547000 | AK21: 310784000 | AL21: 290576000
A23: Ödenecek Kar Paylarının Defter Değeri ile Dağıtılan Nakit Dışı Varlıkların Değeri Arasındaki Fark
A24: İtfa Edilmiş Maliyetinden Ölçülen Finansal Varlıkların Finansal Tablo Dışı Bırakılmasından Kaynaklanan Kazançlar (Kayıplar)
A25: Yatırım Faaliyetlerinden Gelirler | B25: 30586000 | C25: 40344524 | D25: 10533869 | E25: 1.2558238e+09 | F25: 35543000 | G25: 25175135 | H25: 15378192 | I25: 10012076 | J25: 30210762 | L25: 13551000 | M25: 36060000 | N25: 4701000 | O25: 311710000 | P25: 1707000 | Q25: 1150000 | R25: 2273000 | S25: 11813000 | T25: 611000 | U25: 227349000 | V25: 895000 | W25: 3720000 | X25: 1622000 | Y25: 924000 | Z25: 550000 | AA25: 5074000 | AB25: 1457000 | AC25: 4277000 | AD25: 2470000 | AE25: 1004000 | AF25: 5071000 | AG25: 1783000 | AH25: 427000 | AI25: 1055000 | AJ25: 1705000 | AK25: 415021000 | AL25: 961000
A26: Yatırım Faaliyetlerinden Giderler (-) | B26: -4896000 | C26: -1.7887659e+08 | D26: -28572156 | E26: -1.2948056e+08 | F26: -35183000 | G26: -84854788 | H26: -13064885 | I26: -13861993 | J26: -51110128 | L26: -6084000 | M26: -2069000 | N26: -21186000 | O26: -6548000 | P26: -266000 | Q26: -169000 | R26: -2596000 | S26: -13816000 | T26: -49218000 | U26: -776000 | V26: -675000 | W26: -1821000 | X26: -4582000 | Y26: -1131000 | Z26: -1022000 | AA26: -2899000 | AB26: -150000 | AC26: -1306000 | AD26: -2440000 | AE26: -2093000 | AF26: -3159000 | AG26: -1847000 | AH26: -248000 | AI26: -1662000 | AJ26: -66000 | AK26: -159000 | AL26: -526000
A27: TFRS 9 Uyarınca Belirlenen Değer Düşüklüğü Kazançları (Zararları) ve Değer Düşüklüğü Zararlarının İptalleri
A28: Özkaynak Yöntemiyle Değerlenen Yatırımların Karlarından (Zararlarından) Paylar | B28: -103304000 | C28: 78058330 | D28: 23826991 | E28: -1.5553183e+08 | F28: -140141000 | G28: -1.3699427e+08 | H28: -3.9246066e+08 | I28: 49427222 | J28: -2.8498556e+08 | L28: -31345000 | M28: -13421000 | N28: -8748000 | O28: -32624000 | P28: 1513000 | Q28: -17946000 | R28: 4543000 | S28: -5464000 | T28: 22032000 | U28: 17122000 | V28: 7536000 | W28: -3347000 | X28: 8016000 | Y28: 1404000 | Z28: 14968000 | AA28: -3255000 | AB28: -18797000 | AC28: 23587000 | AD28: 10691000 | AE28: 1846000 | AF28: 11429000 | AG28: 11949000 | AH28: 13866000 | AI28: 6920000 | AJ28: 8760000 | AK28: 12510000 | AL28: 6667000
A29: İştirakler, Müşterek Kontrol Edilen İşletmeler ve Bağlı Ortaklıklardan Diğer Gelirler (Giderler)
A30: İtfa Edilmiş Maliyetinden Ölçülen Finansal Varlıkların Gerçeğe Uygun Değer Farkı Kar veya Zarara Yansıtılan Olarak Sınıflandırılmasından Kazançlar (Kayıplar)
A31: Gerçeğe Uygun Değer Farkı Diğer Kapsamlı Gelire Yansıtılan Finansal Varlıkların Gerçeğe Uygun Değer Farkı Kar veya Zarara Yansıtılan Olarak Sınıflandırılmasından Kazançlar (Kayıplar)
A32: Risk Pozisyonlarını Netleştiren Kalemler Grubuna Yönelik Finansal Riskten Korunma Kazançları (Kayıpları)
A33: Finansman Geliri (Gideri) Öncesi Faaliyet Karı (Zararı) | B33: 2427306000 | C33: 6.0764425e+09 | D33: -2.2492454e+09 | E33: 1.1099963e+09 | F33: 3678291000 | G33: 3.9643525e+09 | H33: 2.7514338e+09 | I33: 6.6178003e+09 | J33: 1.9605439e+09 | L33: 1809665000 | M33: 1940585000 | N33: 2696659000 | O33: 3282281000 | P33: 1268064000 | Q33: 1050202000 | R33: 1682344000 | S33: 1485450000 | T33: 1847542000 | U33: 955933000 | V33: 780780000 | W33: 630046000 | X33: 723610000 | Y33: 664968000 | Z33: 654435000 | AA33: 141213000 | AB33: 1366174000 | AC33: 633496000 | AD33: 515148000 | AE33: 429864000 | AF33: 516764000 | AG33: 367546000 | AH33: 437685000 | AI33: 465477000 | AJ33: 447946000 | AK33: 738156000 | AL33: 297678000
A35: (Esas Faaliyet Dışı) Finansal Gelirler | B35: 3178527000 | C35: 4.4360745e+09 | D35: 6.7996775e+09 | E35: 4.0808886e+09 | F35: 8952752000 | G35: 7.9116806e+09 | H35: 7.7292876e+09 | I35: 1.5267507e+10 | J35: 4.9946872e+09 | L35: 1749160000 | M35: 2026927000 | N35: 1973364000 | O35: 7902035000 | P35: 851615000 | Q35: 779523000 | R35: 1776185000 | S35: 1144608000 | T35: 1222428000 | U35: 791376000 | V35: 694084000 | W35: 631587000 | X35: 1114988000 | Y35: 648009000 | Z35: 719739000 | AA35: 467643000 | AB35: 1599003000 | AC35: 563946000 | AD35: 334627000 | AE35: 296623000 | AF35: 62450000 | AG35: 208015000 | AH35: 334451000 | AI35: 274772000 | AJ35: 140096000 | AK35: 97431000 | AL35: 157747000
A36: (Esas Faaliyet Dışı) Finansal Giderler (-) | B36: -10901018000 | C36: -1.2111188e+10 | D36: -1.5166984e+10 | E36: -9.4419553e+09 | F36: -15338274000 | G36: -1.3587223e+10 | H36: -1.257321e+10 | I36: -2.0854755e+10 | J36: -8.5200159e+09 | L36: -3327472000 | M36: -3663606000 | N36: -3218575000 | O36: -10209935000 | P36: -1349240000 | Q36: -1246187000 | R36: -2164273000 | S36: -1251326000 | T36: -1784935000 | U36: -1221575000 | V36: -1166460000 | W36: -979445000 | X36: -1569052000 | Y36: -1011373000 | Z36: -1113332000 | AA36: -338560000 | AB36: -2633333000 | AC36: -1007997000 | AD36: -691954000 | AE36: -614177000 | AF36: -320766000 | AG36: -361988000 | AH36: -535570000 | AI36: -631951000 | AJ36: -304769000 | AK36: -179933000 | AL36: -300969000
A37: Net Parasal Pozisyon Kazançları (Kayıpları) | B37: 4342139000 | C37: 7.8062674e+09 | D37: 2.8436362e+09 | E37: 3.9578425e+08 | F37: 6355372000 | G37: 1.179639e+10 | H37: 7.4379741e+09 | I37: 1.8821175e+09 | J37: 3.88106e+09
A38: Sürdürülen Faaliyetler Vergi Öncesi Karı (Zararı) | B38: -953046000 | C38: 6.2075968e+09 | D38: -7.7729156e+09 | E38: -3.8552861e+09 | F38: 3648141000 | G38: 1.00852e+10 | H38: 5.3454853e+09 | I38: 2.9126696e+09 | J38: 2.3162752e+09 | L38: 231353000 | M38: 303906000 | N38: 1451448000 | O38: 974381000 | P38: 770439000 | Q38: 583538000 | R38: 1294256000 | S38: 1378732000 | T38: 1285035000 | U38: 525734000 | V38: 308404000 | W38: 282188000 | X38: 269546000 | Y38: 301604000 | Z38: 260842000 | AA38: 270296000 | AB38: 331844000 | AC38: 189445000 | AD38: 157821000 | AE38: 112310000 | AF38: 258448000 | AG38: 213573000 | AH38: 236566000 | AI38: 108298000 | AJ38: 283273000 | AK38: 655654000 | AL38: 154456000
A40: Sürdürülen Faaliyetler Vergi Geliri (Gideri) | B40: -998533000 | C40: -1.7954874e+09 | D40: 1.2136773e+09 | E40: 9.4981584e+08 | F40: -1024944000 | G40: 6.3613758e+09 | H40: -3.6220914e+09 | I40: -4.3916185e+08 | J40: -3.3451597e+08 | L40: 263546000 | M40: 36143000 | N40: -227086000 | O40: -81537000 | P40: -53621000 | Q40: -42383000 | R40: -194064000 | S40: -208958000 | T40: -243828000 | U40: -117171000 | V40: -48959000 | W40: -40283000 | X40: -16514000 | Y40: -69609000 | Z40: -34748000 | AA40: 10611000 | AB40: -79087000 | AC40: -44855000 | AD40: 19766000 | AE40: -22232000 | AF40: -909000 | AG40: 43374000 | AH40: 4173000 | AI40: 122065000 | AJ40: -19146000 | AK40: -2599000 | AL40: 2149000
A41: Dönem Vergi Geliri (Gideri) | B41: -850654000 | C41: 4.3168733e+08 | D41: -1.3789619e+08 | E41: -3.5095471e+08 | F41: -1494465000 | G41: 3.927451e+08 | H41: -1.2573401e+09 | I41: -9.2191872e+08 | J41: -1.25014e+09 | L41: -413754000 | M41: -195339000 | N41: -352588000 | O41: -227070000 | P41: -159662000 | Q41: -152109000 | R41: -220655000 | S41: -110566000 | T41: -228717000 | U41: -65670000 | V41: -76079000 | W41: -14552000 | X41: -47253000 | Y41: -122017000 | Z41: -60704000 | AA41: -44486000 | AB41: -122949000 | AC41: -50966000 | AD41: -30347000 | AE41: -55035000 | AF41: -36077000 | AG41: -37389000 | AH41: -65533000 | AI41: -17611000 | AJ41: -33489000 | AK41: -29711000 | AL41: -19384000
A42: Ertelenmiş Vergi Geliri (Gideri) | B42: -147879000 | C42: -2.2271747e+09 | D42: 1.3515735e+09 | E42: 1.3007706e+09 | F42: 469521000 | G42: 5.9686307e+09 | H42: -2.3647513e+09 | I42: 4.8275687e+08 | J42: 9.1562407e+08 | L42: 677300000 | M42: 231482000 | N42: 125502000 | O42: 145533000 | P42: 106041000 | Q42: 109726000 | R42: 26591000 | S42: -98392000 | T42: -15111000 | U42: -51501000 | V42: 27120000 | W42: -25731000 | X42: 30739000 | Y42: 52408000 | Z42: 25956000 | AA42: 55097000 | AB42: 43862000 | AC42: 6111000 | AD42: 50113000 | AE42: 32803000 | AF42: 35168000 | AG42: 80763000 | AH42: 69706000 | AI42: 139676000 | AJ42: 14343000 | AK42: 27112000 | AL42: 21533000
A43: Sürdürülen Faaliyetler Dönem Karı/Zararı | B43: -1951579000 | C43: 4.4121094e+09 | D43: -6.5592383e+09 | E43: -2.9054703e+09 | F43: 2623197000 | G43: 1.6446576e+10 | H43: 1.7233938e+09 | I43: 2.4735077e+09 | J43: 1.9817592e+09 | L43: 494899000 | M43: 340049000 | N43: 1224362000 | O43: 892844000 | P43: 716818000 | Q43: 541155000 | R43: 1100192000 | S43: 1169774000 | T43: 1041207000 | U43: 408563000 | V43: 259445000 | W43: 241905000 | X43: 253032000 | Y43: 231995000 | Z43: 226094000 | AA43: 280907000 | AB43: 252757000 | AC43: 144590000 | AD43: 177587000 | AE43: 90078000 | AF43: 257539000 | AG43: 256947000 | AH43: 240739000 | AI43: 230363000 | AJ43: 264127000 | AK43: 653055000 | AL43: 156605000
A44: Durdurulan Faaliyetler Dönem Karı/Zararı
A46: Dönem Karı (Zararı) | B46: -1951579000 | C46: 4.4121094e+09 | D46: -6.5592383e+09 | E46: -2.9054703e+09 | F46: 2623197000 | G46: 1.6446576e+10 | H46: 1.7233938e+09 | I46: 2.4735077e+09 | J46: 1.9817592e+09 | L46: 494899000 | M46: 340049000 | N46: 1224362000 | O46: 892844000 | P46: 716818000 | Q46: 541155000 | R46: 1100192000 | S46: 1169774000 | T46: 1041207000 | U46: 408563000 | V46: 259445000 | W46: 241905000 | X46: 253032000 | Y46: 231995000 | Z46: 226094000 | AA46: 280907000 | AB46: 252757000 | AC46: 144590000 | AD46: 177587000 | AE46: 90078000 | AF46: 257539000 | AG46: 256947000 | AH46: 240739000 | AI46: 230363000 | AJ46: 264127000 | AK46: 653055000 | AL46: 156605000
A47: Azınlık Payları | B47: -311503000 | C47: -3.3021469e+09 | D47: -7.0923781e+08 | E47: -4.7498588e+08 | F47: 197918000 | G47: 2.6432915e+08 | H47: 2.6748896e+08 | I47: 4.2594958e+08 | J47: 1.991956e+08 | L47: 159142000 | M47: 81460000 | N47: 58777000 | O47: 102907000 | P47: 65442000 | Q47: 10529000 | R47: 7457000 | S47: 6281000 | T47: 19218000 | U47: 1940000 | V47: 3711000 | W47: 1899000 | X47: 12689000 | Y47: 12933000 | Z47: 672000 | AA47: 1073000 | AB47: 1515000 | AC47: 762000 | AD47: 735000 | AE47: 194000 | AF47: 1309000 | AG47: 366000 | AH47: 485000 | AI47: 982000 | AJ47: 1306000 | AK47: 1046000 | AL47: 904000
A48: Ana Ortaklık Payları | B48: -1640076000 | C48: 7.7142563e+09 | D48: -5.8500005e+09 | E48: -2.4304844e+09 | F48: 2425279000 | G48: 1.6182246e+10 | H48: 1.4559049e+09 | I48: 2.0475582e+09 | J48: 1.7825636e+09 | L48: 335757000 | M48: 258589000 | N48: 1165585000 | O48: 789937000 | P48: 651376000 | Q48: 530626000 | R48: 1092735000 | S48: 1163493000 | T48: 1021989000 | U48: 406623000 | V48: 255734000 | W48: 240006000 | X48: 240343000 | Y48: 219062000 | Z48: 225422000 | AA48: 279834000 | AB48: 251242000 | AC48: 143828000 | AD48: 176852000 | AE48: 89884000 | AF48: 256230000 | AG48: 256581000 | AH48: 240254000 | AI48: 229381000 | AJ48: 262821000 | AK48: 652009000 | AL48: 155701000
A50: Amortisman | B50: 4720201000 | C50: 4.7391941e+09 | D50: 5.023817e+09 | E50: 4.9196625e+09 | F50: 3532711000 | G50: 3.2403597e+09 | H50: 3.4737998e+09 | I50: 3.5770881e+09 | J50: 3.5576113e+09 | L50: 880210000 | M50: 781318000 | N50: 711155000 | O50: 658652000 | P50: 461303000 | Q50: 380738000 | R50: 344989000 | S50: 325043000 | T50: 318619000 | U50: 296972000 | V50: 281360000 | W50: 278244000 | X50: 269607000 | Y50: 257981000 | Z50: 249102000 | AA50: 194890000 | AB50: 184949000 | AC50: 161000000 | AD50: 149575000 | AE50: 144277000 | AF50: 137253000 | AG50: 134943000 | AH50: 131714000 | AI50: 122029000 | AJ50: 109193000 | AK50: 110044000 | AL50: 97416000

Sheet Gelir Tablosu (Yıllıklan.)
A1: Kalem | B1: 2025/3 | C1: 2024/12 | D1: 2024/9 | E1: 2024/6 | F1: 2024/3 | G1: 2023/12 | H1: 2023/9 | I1: 2023/6 | J1: 2023/3 | K1: 2022/12 | L1: 2022/9 | M1: 2022/6 | N1: 2022/3 | O1: 2021/12 | P1: 2021/9 | Q1: 2021/6 | R1: 2021/3 | S1: 2020/12 | T1: 2020/9 | U1: 2020/6 | V1: 2020/3 | W1: 2019/12 | X1: 2019/9 | Y1: 2019/6 | Z1: 2019/3 | AA1: 2018/12 | AB1: 2018/9 | AC1: 2018/6 | AD1: 2018/3 | AE1: 2017/12 | AF1: 2017/9 | AG1: 2017/6 | AH1: 2017/3 | AI1: 2016/12 | AJ1: 2016/9 | AK1: 2016/6 | AL1: 2016/3
A3: Satış Gelirleri | B3: 4.8098861e+11 | C3: 4.7167203e+11 | D3: 4.5223446e+11 | E3: 4.3733098e+11 | F3: 4.1310898e+11 | G3: 4.0855659e+11 | K3: 4.0866505e+11 | L3: 117242157000 | M3: 101135237000 | N3: 83365018000 | O3: 68184437000 | P3: 59000579000 | Q3: 52791054000 | R3: 46088769000 | S3: 40872483000 | T3: 35903877000 | U3: 32211673000 | V3: 32807144000 | W3: 31941773000 | X3: 30989970000 | Y3: 30440030000 | Z3: 28524323000 | AA3: 26904384000 | AB3: 25195794000 | AC3: 22939393000 | AD3: 21488577000 | AE3: 20840613000 | AF3: 19660870000 | AG3: 18304498000 | AH3: 17202977000 | AI3: 16096172000
A4: Toplam Hasılat
A5: Yurt İçi Satışlar | C5: 1.5284763e+11 | D5: 1.5459073e+11 | E5: 1.5889404e+11 | F5: 1.5525909e+11 | G5: 1.5279201e+11 | K5: 1.2399001e+11 | O5: 20788705000
A6: Yurt Dışı Satışlar | C6: 3.188244e+11 | D6: 2.9764373e+11 | E6: 2.7843694e+11 | F6: 2.4907981e+11 | G6: 2.5576458e+11 | K6: 2.8467504e+11 | O6: 47395732000
A7: Satışların Maliyeti (-) | B7: -3.4934636e+11 | C7: -3.4168566e+11 | D7: -3.2628191e+11 | E7: -3.1218552e+11 | F7: -2.911112e+11 | G7: -2.8877546e+11 | K7: -2.9954261e+11 | L7: -82649111000 | M7: -71277912000 | N7: -58682898000 | O7: -47706092000 | P7: -40195839000 | Q7: -34984516000 | R7: -30267272000 | S7: -27066110000 | T7: -24293307000 | U7: -22002912000 | V7: -22363221000 | W7: -21726871000 | X7: -20972138000 | Y7: -20636931000 | Z7: -19390536000 | AA7: -18358622000 | AB7: -17311105000 | AC7: -15840817000 | AD7: -14809628000 | AE7: -14334414000 | AF7: -13472123000 | AG7: -12479355000 | AH7: -11579560000 | AI7: -10756612000
A8: Ticari Faaliyetlerden Brüt Kar (Zarar) | B8: 1.3164225e+11 | C8: 1.2998637e+11 | D8: 1.2595255e+11 | E8: 1.2514547e+11 | F8: 1.2199778e+11 | G8: 1.1978113e+11 | K8: 1.0912245e+11 | L8: 34593046000 | M8: 29857325000 | N8: 24682120000 | O8: 20478345000 | P8: 18804740000 | Q8: 17806538000 | R8: 15821497000 | S8: 13806373000 | T8: 11610570000 | U8: 10208761000 | V8: 10443923000 | W8: 10214902000 | X8: 10017832000 | Y8: 9803099000 | Z8: 9133787000 | AA8: 8545762000 | AB8: 7884689000 | AC8: 7098576000 | AD8: 6678949000 | AE8: 6506199000 | AF8: 6188747000 | AG8: 5825143000 | AH8: 5623417000 | AI8: 5339560000
A9: Faiz, Ücret, Prim, Komisyon ve Diğer Gelirler
A10: Faiz, Ücret, Prim, Komisyon ve Diğer Giderler (-)
A11: Finans Sektörü Faaliyetlerinden Brüt Kar (Zarar)
A12: Canlı Varlıklar Gerçeğe Uygun Değer Farkları
A13: Brüt Kar (Zarar) | B13: 1.3164225e+11 | C13: 1.2998637e+11 | D13: 1.2595255e+11 | E13: 1.2514547e+11 | F13: 1.2199778e+11 | G13: 1.1978113e+11 | K13: 1.0912245e+11 | L13: 34593046000 | M13: 29857325000 | N13: 24682120000 | O13: 20478345000 | P13: 18804740000 | Q13: 17806538000 | R13: 15821497000 | S13: 13806373000 | T13: 11610570000 | U13: 10208761000 | V13: 10443923000 | W13: 10214902000 | X13: 10017832000 | Y13: 9803099000 | Z13: 9133787000 | AA13: 8545762000 | AB13: 7884689000 | AC13: 7098576000 | AD13: 6678949000 | AE13: 6506199000 | AF13: 6188747000 | AG13: 5825143000 | AH13: 5623417000 | AI13: 5339560000
A15: Genel Yönetim Giderleri (-) | B15: -2.8888778e+10 | C15: -2.7273974e+10 | D15: -2.5635296e+10 | E15: -2.512946e+10 | F15: -2.3361299e+10 | G15: -2.3485598e+10 | K15: -1.9226966e+10 | L15: -5209705000 | M15: -4719537000 | N15: -3848097000 | O15: -3106770000 | P15: -2769333000 | Q15: -2524202000 | R15: -2259530000 | S15: -2175948000 | T15: -1855231000 | U15: -1713270000 | V15: -1727388000 | W15: -1594398000 | X15: -1511813000 | Y15: -1456277000 | Z15: -1304497000 | AA15: -1209472000 | AB15: -1169119000 | AC15: -1047382000 | AD15: -976534000 | AE15: -936579000 | AF15: -882471000 | AG15: -826932000 | AH15: -792277000 | AI15: -762791000
A16: Pazarlama, Satış ve Dağıtım Giderleri (-) | B16: -9.3991305e+10 | C16: -9.1050163e+10 | D16: -8.7105488e+10 | E16: -8.3099558e+10 | F16: -7.6170748e+10 | G16: -7.4748178e+10 | K16: -7.3974956e+10 | L16: -21710542000 | M16: -18279242000 | N16: -14563424000 | O16: -11919993000 | P16: -10185124000 | Q16: -9357351000 | R16: -8220594000 | S16: -7469259000 | T16: -6696090000 | U16: -6211327000 | V16: -6278938000 | W16: -6124521000 | X16: -5826515000 | Y16: -5732568000 | Z16: -5494106000 | AA16: -5094434000 | AB16: -4892903000 | AC16: -4430924000 | AD16: -4117352000 | AE16: -4027699000 | AF16: -3782590000 | AG16: -3543914000 | AH16: -3425858000 | AI16: -3227324000
A17: Araştırma ve Geliştirme Giderleri (-) | B17: -5.7882703e+09 | C17: -5.3365473e+09 | D17: -4.8359378e+09 | E17: -3.6817716e+09 | F17: -3.0502738e+09 | G17: -3.0888488e+09 | K17: -2.957714e+09 | L17: -667585000 | M17: -587944000 | N17: -511173000 | O17: -444068000 | P17: -383723000 | Q17: -355051000 | R17: -332965000 | S17: -318211000 | T17: -299611000 | U17: -280125000 | V17: -269924000 | W17: -256751000 | X17: -250192000 | Y17: -236289000 | Z17: -220862000 | AA17: -204792000 | AB17: -187758000 | AC17: -176718000 | AD17: -173135000 | AE17: -170177000 | AF17: -161347000 | AG17: -161267000 | AH17: -157413000 | AI17: -151668000
A18: Diğer Faaliyet Gelirleri | B18: 3.3656162e+10 | C18: 3.1551897e+10 | D18: 1.6519242e+10 | E18: 1.5714315e+10 | F18: 2.4160383e+10 | G18: 2.135252e+10 | K18: 1.8766898e+10 | L18: 8994337000 | M18: 8102928000 | N18: 6787624000 | O18: 5776423000 | P18: 1624218000 | Q18: 2113309000 | R18: 2084325000 | S18: 1769360000 | T18: 2034788000 | U18: 1410173000 | V18: 1145454000 | W18: 918735000 | X18: 200598000 | Y18: 1172295000 | Z18: 1402250000 | AA18: 1324815000 | AB18: 2087363000 | AC18: 1109682000 | AD18: 754043000 | AE18: 711838000 | AF18: 815086000 | AG18: 788721000 | AH18: 828453000 | AI18: 690067000
A19: Diğer Faaliyet Giderleri (-) | B19: -3.010407e+10 | C19: -3.0038441e+10 | D19: -1.9031817e+10 | E19: -1.7689128e+10 | F19: -2.5882942e+10 | G19: -2.3669763e+10 | K19: -1.6790149e+10 | L19: -6514358000 | M19: -5456770000 | N19: -4483138000 | O19: -3763793000 | P19: -1587460000 | Q19: -1570918000 | R19: -1335337000 | S19: -760019000 | T19: -803553000 | U19: -578902000 | V19: -526284000 | W19: -504209000 | X19: -465353000 | Y19: -720593000 | Z19: -743738000 | AA19: -724557000 | AB19: -798136000 | AC19: -509339000 | AD19: -373353000 | AE19: -371751000 | AF19: -435537000 | AG19: -405739000 | AH19: -445187000 | AI19: -389773000
A20: Diğer Kazançlar (Kayıplar) | W20: 0 | AI20: 0
A21: Faaliyet Karı (Zararı) | B21: 6.5259871e+09 | C21: 7.8391391e+09 | D21: 5.8632493e+09 | E21: 1.1259865e+10 | F21: 1.7692903e+10 | G21: 1.6141259e+10 | K21: 1.4939559e+10 | L21: 9485193000 | M21: 8916760000 | N21: 8063912000 | O21: 7020144000 | P21: 5503318000 | Q21: 6112325000 | R21: 5757396000 | S21: 4852296000 | T21: 3990873000 | U21: 2835310000 | V21: 2786843000 | W21: 2653758000 | X21: 2164557000 | Y21: 2829667000 | Z21: 2772834000 | AA21: 2637322000 | AB21: 2924136000 | AC21: 2043895000 | AD21: 1792618000 | AE21: 1711831000 | AF21: 1741888000 | AG21: 1676012000 | AH21: 1631135000 | AI21: 1498071000
A23: Ödenecek Kar Paylarının Defter Değeri ile Dağıtılan Nakit Dışı Varlıkların Değeri Arasındaki Fark
A24: İtfa Edilmiş Maliyetinden Ölçülen Finansal Varlıkların Finansal Tablo Dışı Bırakılmasından Kaynaklanan Kazançlar (Kayıplar)
A25: Yatırım Faaliyetlerinden Gelirler | B25: 1.3372882e+09 | C25: 1.3422452e+09 | D25: 1.3270758e+09 | E25: 1.3319201e+09 | F25: 86108403 | G25: 80776165 | K25: 4.4216806e+09 | L25: 366022000 | M25: 354178000 | N25: 319268000 | O25: 316840000 | P25: 16943000 | Q25: 15847000 | R25: 242046000 | S25: 240668000 | T25: 232575000 | U25: 233586000 | V25: 7161000 | W25: 6816000 | X25: 8170000 | Y25: 8005000 | Z25: 11358000 | AA25: 13278000 | AB25: 9208000 | AC25: 12822000 | AD25: 10328000 | AE25: 8285000 | AF25: 8336000 | AG25: 4970000 | AH25: 418208000 | AI25: 418742000
A26: Yatırım Faaliyetlerinden Giderler (-) | B26: -3.4182531e+08 | C26: -3.7211231e+08 | D26: -2.780905e+08 | E26: -2.6258323e+08 | F26: -1.4696467e+08 | G26: -1.6289179e+08 | K26: -2.7564532e+08 | L26: -35887000 | M26: -30069000 | N26: -28169000 | O26: -9579000 | P26: -16847000 | Q26: -65799000 | R26: -66406000 | S26: -64485000 | T26: -52490000 | U26: -7854000 | V26: -8209000 | W26: -8556000 | X26: -9634000 | Y26: -5202000 | Z26: -5377000 | AA26: -6795000 | AB26: -5989000 | AC26: -8998000 | AD26: -9539000 | AE26: -7347000 | AF26: -6916000 | AG26: -3823000 | AH26: -2135000 | AI26: -2413000
A27: TFRS 9 Uyarınca Belirlenen Değer Düşüklüğü Kazançları (Zararları) ve Değer Düşüklüğü Zararlarının İptalleri
A28: Özkaynak Yöntemiyle Değerlenen Yatırımların Karlarından (Zararlarından) Paylar | B28: -1.5695051e+08 | C28: -1.9378751e+08 | D28: -4.0884012e+08 | E28: -8.2512777e+08 | F28: -6.2016871e+08 | G28: -7.6501327e+08 | K28: -1.1761951e+09 | L28: -86138000 | M28: -53280000 | N28: -57805000 | O28: -44514000 | P28: -17354000 | Q28: 3165000 | R28: 38233000 | S28: 41226000 | T28: 43343000 | U28: 29327000 | V28: 13609000 | W28: 21041000 | X28: 21133000 | Y28: -5680000 | Z28: 16503000 | AA28: 12226000 | AB28: 17327000 | AC28: 47553000 | AD28: 35915000 | AE28: 39090000 | AF28: 44164000 | AG28: 41495000 | AH28: 42056000 | AI28: 34857000
A29: İştirakler, Müşterek Kontrol Edilen İşletmeler ve Bağlı Ortaklıklardan Diğer Gelirler (Giderler)
A30: İtfa Edilmiş Maliyetinden Ölçülen Finansal Varlıkların Gerçeğe Uygun Değer Farkı Kar veya Zarara Yansıtılan Olarak Sınıflandırılmasından Kazançlar (Kayıplar)
A31: Gerçeğe Uygun Değer Farkı Diğer Kapsamlı Gelire Yansıtılan Finansal Varlıkların Gerçeğe Uygun Değer Farkı Kar veya Zarara Yansıtılan Olarak Sınıflandırılmasından Kazançlar (Kayıplar)
A32: Risk Pozisyonlarını Netleştiren Kalemler Grubuna Yönelik Finansal Riskten Korunma Kazançları (Kayıpları)
A33: Finansman Geliri (Gideri) Öncesi Faaliyet Karı (Zararı) | B33: 7.3644994e+09 | C33: 8.6154844e+09 | D33: 6.5033944e+09 | E33: 1.1504074e+10 | F33: 1.7011878e+10 | G33: 1.5294131e+10 | K33: 1.7909399e+10 | L33: 9729190000 | M33: 9187589000 | N33: 8297206000 | O33: 7282891000 | P33: 5486060000 | Q33: 6065538000 | R33: 5971269000 | S33: 5069705000 | T33: 4214301000 | U33: 3090369000 | V33: 2799404000 | W33: 2673059000 | X33: 2184226000 | Y33: 2826790000 | Z33: 2795318000 | AA33: 2656031000 | AB33: 2944682000 | AC33: 2095272000 | AD33: 1829322000 | AE33: 1751859000 | AF33: 1787472000 | AG33: 1718654000 | AH33: 2089264000 | AI33: 1949257000
A35: (Esas Faaliyet Dışı) Finansal Gelirler | B35: 1.8495168e+10 | C35: 2.4269393e+10 | D35: 2.7744999e+10 | E35: 2.8674609e+10 | F35: 3.9861227e+10 | G35: 3.5903162e+10 | K35: 2.2589803e+10 | L35: 13651486000 | M35: 12753941000 | N35: 11506537000 | O35: 11309358000 | P35: 4551931000 | Q35: 4922744000 | R35: 4934597000 | S35: 3852496000 | T35: 3339475000 | U35: 3232035000 | V35: 3088668000 | W35: 3114323000 | X35: 2950379000 | Y35: 3434394000 | Z35: 3350331000 | AA35: 2965219000 | AB35: 2794199000 | AC35: 1257646000 | AD35: 901715000 | AE35: 901539000 | AF35: 879688000 | AG35: 957334000 | AH35: 846750000 | AI35: 670046000
A36: (Esas Faaliyet Dışı) Finansal Giderler (-) | B36: -4.7621145e+10 | C36: -5.2058401e+10 | D36: -5.3534436e+10 | E36: -5.0940663e+10 | F36: -6.2353463e+10 | G36: -5.5535204e+10 | K36: -4.1594575e+10 | L36: -20419588000 | M36: -18441356000 | N36: -16023937000 | O36: -14969635000 | P36: -6011026000 | Q36: -6446721000 | R36: -6422109000 | S36: -5424296000 | T36: -5152415000 | U36: -4936532000 | V36: -4726330000 | W36: -4673202000 | X36: -4032317000 | Y36: -5096598000 | Z36: -5093222000 | AA36: -4671844000 | AB36: -4947461000 | AC36: -2634894000 | AD36: -1988885000 | AE36: -1832501000 | AF36: -1850275000 | AG36: -1834278000 | AH36: -1652223000 | AI36: -1417622000
A37: Net Parasal Pozisyon Kazançları (Kayıpları) | B37: 1.5387827e+10 | C37: 1.740106e+10 | D37: 2.1391182e+10 | E37: 2.598552e+10 | F37: 2.7471853e+10 | G37: 2.4997541e+10 | K37: 1.2598926e+10
A38: Sürdürülen Faaliyetler Vergi Öncesi Karı (Zararı) | B38: -6.373651e+09 | C38: -1.772464e+09 | D38: 2.105139e+09 | E38: 1.522354e+10 | F38: 2.1991496e+10 | G38: 2.065963e+10 | K38: 1.1503553e+10 | L38: 2961088000 | M38: 3500174000 | N38: 3779806000 | O38: 3622614000 | P38: 4026965000 | Q38: 4541561000 | R38: 4483757000 | S38: 3497905000 | T38: 2401361000 | U38: 1385872000 | V38: 1161742000 | W38: 1114180000 | X38: 1102288000 | Y38: 1164586000 | Z38: 1052427000 | AA38: 949406000 | AB38: 791420000 | AC38: 718024000 | AD38: 742152000 | AE38: 820897000 | AF38: 816885000 | AG38: 841710000 | AH38: 1283791000 | AI38: 1201681000
A40: Sürdürülen Faaliyetler Vergi Geliri (Gideri) | B40: -6.3052724e+08 | C40: -6.5693824e+08 | D40: 7.4999249e+09 | E40: 2.6641562e+09 | F40: 1.2751785e+09 | G40: 1.9656065e+09 | K40: -3.6705831e+08 | L40: -8934000 | M40: -326101000 | N40: -404627000 | O40: -371605000 | P40: -499026000 | Q40: -689233000 | R40: -764021000 | S40: -618916000 | T40: -450241000 | U40: -222927000 | V40: -175365000 | W40: -161154000 | X40: -110260000 | Y40: -172833000 | Z40: -148079000 | AA40: -93565000 | AB40: -126408000 | AC40: -48230000 | AD40: 39999000 | AE40: 24406000 | AF40: 168703000 | AG40: 150466000 | AH40: 104493000 | AI40: 102469000
A41: Dönem Vergi Geliri (Gideri) | B41: -9.0781756e+08 | C41: -1.5516286e+09 | D41: -1.5905708e+09 | E41: -2.7100147e+09 | F41: -3.2809787e+09 | G41: -3.0366537e+09 | K41: -3.0412992e+09 | L41: -1188751000 | M41: -934659000 | N41: -891429000 | O41: -759496000 | P41: -642992000 | Q41: -712047000 | R41: -625608000 | S41: -481032000 | T41: -385018000 | U41: -203554000 | V41: -259901000 | W41: -244526000 | X41: -274460000 | Y41: -350156000 | Z41: -279105000 | AA41: -248748000 | AB41: -259297000 | AC41: -172425000 | AD41: -158848000 | AE41: -194034000 | AF41: -156610000 | AG41: -154022000 | AH41: -146344000 | AI41: -100195000
A42: Ertelenmiş Vergi Geliri (Gideri) | B42: 2.7729032e+08 | C42: 8.9469032e+08 | D42: 9.0904957e+09 | E42: 5.3741709e+09 | F42: 4.5561572e+09 | G42: 5.0022603e+09 | K42: 2.6742409e+09 | L42: 1179817000 | M42: 608558000 | N42: 486802000 | O42: 387891000 | P42: 143966000 | Q42: 22814000 | R42: -138413000 | S42: -137884000 | T42: -65223000 | U42: -19373000 | V42: 84536000 | W42: 83372000 | X42: 164200000 | Y42: 177323000 | Z42: 131026000 | AA42: 155183000 | AB42: 132889000 | AC42: 124195000 | AD42: 198847000 | AE42: 218440000 | AF42: 325313000 | AG42: 304488000 | AH42: 250837000 | AI42: 202664000
A43: Sürdürülen Faaliyetler Dönem Karı/Zararı | B43: -7.0041782e+09 | C43: -2.4294022e+09 | D43: 9.605064e+09 | E43: 1.7887696e+10 | F43: 2.3266674e+10 | G43: 2.2625236e+10 | K43: 1.1136495e+10 | L43: 2952154000 | M43: 3174073000 | N43: 3375179000 | O43: 3251009000 | P43: 3527939000 | Q43: 3852328000 | R43: 3719736000 | S43: 2878989000 | T43: 1951120000 | U43: 1162945000 | V43: 986377000 | W43: 953026000 | X43: 992028000 | Y43: 991753000 | Z43: 904348000 | AA43: 855841000 | AB43: 665012000 | AC43: 669794000 | AD43: 782151000 | AE43: 845303000 | AF43: 985588000 | AG43: 992176000 | AH43: 1388284000 | AI43: 1304150000
A44: Durdurulan Faaliyetler Dönem Karı/Zararı
A46: Dönem Karı (Zararı) | B46: -7.0041782e+09 | C46: -2.4294022e+09 | D46: 9.605064e+09 | E46: 1.7887696e+10 | F46: 2.3266674e+10 | G46: 2.2625236e+10 | K46: 1.1136495e+10 | L46: 2952154000 | M46: 3174073000 | N46: 3375179000 | O46: 3251009000 | P46: 3527939000 | Q46: 3852328000 | R46: 3719736000 | S46: 2878989000 | T46: 1951120000 | U46: 1162945000 | V46: 986377000 | W46: 953026000 | X46: 992028000 | Y46: 991753000 | Z46: 904348000 | AA46: 855841000 | AB46: 665012000 | AC46: 669794000 | AD46: 782151000 | AE46: 845303000 | AF46: 985588000 | AG46: 992176000 | AH46: 1388284000 | AI46: 1304150000
A47: Azınlık Payları | B47: -4.7978736e+09 | C47: -4.2884526e+09 | D47: -7.2197654e+08 | E47: 2.5475023e+08 | F47: 1.1556857e+09 | G47: 1.1569633e+09 | K47: 1.1483815e+09 | L47: 402286000 | M47: 308586000 | N47: 237655000 | O47: 186335000 | P47: 89709000 | Q47: 43485000 | R47: 34896000 | S47: 31150000 | T47: 26768000 | U47: 20239000 | V47: 31232000 | W47: 28193000 | X47: 27367000 | Y47: 16193000 | Z47: 4022000 | AA47: 4085000 | AB47: 3206000 | AC47: 3000000 | AD47: 2604000 | AE47: 2354000 | AF47: 3142000 | AG47: 3139000 | AH47: 3819000 | AI47: 4238000
A48: Ana Ortaklık Payları | B48: -2.2063046e+09 | C48: 1.8590504e+09 | D48: 1.0327041e+10 | E48: 1.7632946e+10 | F48: 2.2110988e+10 | G48: 2.1468273e+10 | K48: 9.9881133e+09 | L48: 2549868000 | M48: 2865487000 | N48: 3137524000 | O48: 3064674000 | P48: 3438230000 | Q48: 3808843000 | R48: 3684840000 | S48: 2847839000 | T48: 1924352000 | U48: 1142706000 | V48: 955145000 | W48: 924833000 | X48: 964661000 | Y48: 975560000 | Z48: 900326000 | AA48: 851756000 | AB48: 661806000 | AC48: 666794000 | AD48: 779547000 | AE48: 842949000 | AF48: 982446000 | AG48: 989037000 | AH48: 1384465000 | AI48: 1299912000
A50: Amortisman | B50: 1.9402875e+10 | C50: 1.8215385e+10 | D50: 1.671655e+10 | E50: 1.5166533e+10 | F50: 1.3823959e+10 | G50: 1.3848859e+10 | K50: 1.2812407e+10 | L50: 3031335000 | M50: 2612428000 | N50: 2211848000 | O50: 1845682000 | P50: 1512073000 | Q50: 1369389000 | R50: 1285623000 | S50: 1221994000 | T50: 1175195000 | U50: 1126183000 | V50: 1087192000 | W50: 1054934000 | X50: 971580000 | Y50: 886922000 | Z50: 789941000 | AA50: 690414000 | AB50: 639801000 | AC50: 592105000 | AD50: 566048000 | AE50: 548187000 | AF50: 525939000 | AG50: 497879000 | AH50: 472980000 | AI50: 438682000

Sheet Nakit Akış (Dönemsel)
A1: Kalem | B1: 2025/3 | C1: 2024/12 | D1: 2024/9 | E1: 2024/6 | F1: 2024/3 | G1: 2023/12 | H1: 2023/9 | I1: 2023/6 | J1: 2023/3 | K1: 2022/12 | L1: 2022/9 | M1: 2022/6 | N1: 2022/3 | O1: 2021/12 | P1: 2021/9 | Q1: 2021/6 | R1: 2021/3 | S1: 2020/12 | T1: 2020/9 | U1: 2020/6 | V1: 2020/3 | W1: 2019/12 | X1: 2019/9 | Y1: 2019/6 | Z1: 2019/3 | AA1: 2018/12 | AB1: 2018/9 | AC1: 2018/6 | AD1: 2018/3 | AE1: 2017/12 | AF1: 2017/9 | AG1: 2017/6 | AH1: 2017/3 | AI1: 2016/12 | AJ1: 2016/9 | AK1: 2016/6 | AL1: 2016/3
A3: İşletme Faaliyetlerinden Nakit Akışları | B3: -9657964000 | C3: 1.5837703e+10 | D3: -1.3151626e+10 | E3: -1.1460128e+10 | F3: 8267510000 | G3: -5.292159e+08 | H3: 1.1725765e+10 | I3: -1.0708946e+10 | J3: -6.2889694e+09 | K3: -4.6039043e+09 | L3: -762326000 | M3: -4251702000 | N3: -1041144000 | O3: -1072549000 | P3: -1652992000 | Q3: -2325702000 | R3: -1724237000 | S3: 6420905000 | T3: 5166107000 | U3: 2904991000 | V3: 769474000 | W3: 3174880000 | X3: 1964650000 | Y3: 1252656000 | Z3: 676055000 | AA3: 1680909000 | AB3: 430262000 | AC3: 88696000 | AD3: 14193000 | AE3: 589868000 | AF3: -259904000 | AG3: -527458000 | AH3: -410264000 | AI3: 2067277000 | AJ3: 1210870000 | AK3: 766321000 | AL3: 351171000
A4: Dönem Karı (Zararı) | B4: -1951579000 | C4: -2.4294022e+09 | D4: -6.8415116e+09 | E4: -2.8227329e+08 | F4: 2623197000 | G4: 2.2625236e+10 | H4: 6.1786608e+09 | I4: 4.455267e+09 | J4: 1.981761e+09 | K4: 1.1136495e+10 | L4: 2059310000 | M4: 1564411000 | N4: 1224362000 | O4: 3251009000 | P4: 2358165000 | Q4: 1641347000 | R4: 1100192000 | S4: 2878989000 | T4: 1709215000 | U4: 668008000 | V4: 259445000 | W4: 953026000 | X4: 711121000 | Y4: 458089000 | Z4: 226094000 | AA4: 855841000 | AB4: 574934000 | AC4: 322177000 | AD4: 177587000 | AE4: 845303000 | AF4: 755225000 | AG4: 497686000 | AH4: 240739000 | AI4: 1304150000 | AJ4: 1073787000 | AK4: 809660000 | AL4: 156605000
A5: Dönem Net Karı (Zararı) Mutabakatı İle İlgili Düzeltmeler | B5: 6052054000 | C5: 9.9378798e+09 | D5: 1.1982324e+10 | E5: -3.1108626e+09 | F5: 2980445000 | G5: -1.0159054e+10 | H5: 1.5925739e+10 | I5: 5.7438616e+09 | J5: -2.3638238e+09 | K5: -1.7768458e+10 | L5: 9912329000 | M5: 6658033000 | N5: 3100542000 | O5: 9343881000 | P5: 4563855000 | Q5: 2920623000 | R5: 1452137000 | S5: 4075683000 | T5: 3514784000 | U5: 1529056000 | V5: 737906000 | W5: 3155164000 | X5: 2670705000 | Y5: 1826055000 | Z5: 849622000 | AA5: 2749216000 | AB5: 3035534000 | AC5: 1343018000 | AD5: 528118000 | AE5: 1694269000 | AF5: 1281411000 | AG5: 801140000 | AH5: 392392000 | AI5: 645072000 | AJ5: 444318000 | AK5: 74567000 | AL5: 200459000
A6: Amortisman ve İtfa Gideri İle İlgili Düzeltmeler | B6: 4720201000 | C6: 1.8215385e+10 | D6: 1.347619e+10 | E6: 8.4523735e+09 | F6: 3532711000 | G6: 1.3848859e+10 | H6: 1.0608499e+10 | I6: 7.1346994e+09 | J6: 3.5576113e+09 | K6: 1.2812407e+10 | L6: 2372683000 | M6: 1492473000 | N6: 711155000 | O6: 1845682000 | P6: 1187030000 | Q6: 725727000 | R6: 344989000 | S6: 1221994000 | T6: 896951000 | U6: 578332000 | V6: 281360000 | W6: 1054934000 | X6: 776690000 | Y6: 507083000 | Z6: 249102000 | AA6: 690414000 | AB6: 495524000 | AC6: 310575000 | AD6: 149575000 | AE6: 548187000 | AF6: 403910000 | AG6: 266657000 | AH6: 131714000 | AI6: 438682000 | AJ6: 316653000 | AK6: 207460000 | AL6: 97416000
A7: Değer Düşüklüğü (İptali) İle İlgili Düzeltmeler | B7: 136966000 | C7: -3.1387039e+08 | D7: -2.3383498e+08 | E7: -1.8203405e+08 | F7: -13191000 | G7: 4.9300635e+08 | H7: 3.8779312e+08 | I7: 4.528009e+08 | J7: 2.5702089e+08 | K7: 2.6978005e+08 | L7: 82393000 | M7: 55420000 | N7: 23592000 | O7: 1493000 | P7: 62625000 | Q7: 46223000 | R7: 32505000 | S7: 182697000 | T7: 96231000 | U7: 34292000 | V7: 15750000 | W7: 88801000 | X7: 52346000 | Y7: 42855000 | Z7: 15398000 | AA7: 65656000 | AB7: 29636000 | AC7: 20201000 | AD7: 13487000 | AE7: 41995000 | AF7: 8556000 | AG7: 6698000 | AH7: 3264000 | AI7: 49515000 | AJ7: 28426000 | AK7: 25349000 | AL7: 1930000
A8: Karşılıklar İle İlgili Düzeltmeler | B8: 887956000 | C8: 1.9146672e+10 | D8: 7.3903006e+09 | E8: 3.7006145e+09 | F8: 2181316000 | G8: 6.2506571e+09 | H8: 9.0321761e+09 | I8: 7.6207202e+09 | J8: 1.4940998e+09 | K8: 4.3625862e+09 | L8: 3174188000 | M8: 2090438000 | N8: 879416000 | O8: 3818561000 | P8: 1721349000 | Q8: 1077169000 | R8: 515836000 | S8: 856376000 | T8: 979406000 | U8: 136606000 | V8: -60988000 | W8: 383637000 | X8: 559723000 | Y8: 451405000 | Z8: 183632000 | AA8: 289387000 | AB8: 637229000 | AC8: 250389000 | AD8: 42758000 | AE8: 304873000 | AF8: 386451000 | AG8: 276923000 | AH8: 109133000 | AI8: 161814000 | AJ8: 275717000 | AK8: 139481000 | AL8: 13781000
A9: Kar Payı (Geliri) Gideri ile İlgili Düzeltmeler | C9: -2890248.3 | D9: -2554487 | E9: -2554296.1 | G9: -479873.66 | H9: 0 | K9: -1220407.8 | L9: -156000 | M9: -156000 | N9: -156000 | O9: -342000 | P9: -117000 | Q9: -117000 | R9: -117000 | S9: -93000 | AA9: -94000 | AB9: -94000 | AC9: -94000 | AD9: -94000 | AE9: -93000 | AF9: -93000 | AG9: -93000 | AH9: 0 | AI9: -59000 | AJ9: -59000 | AK9: -59000
A10: Katılım (Kar) Payı ve Diğer Finansal Araçlardan (Gelirler) Giderler ile İlgili Düzeltmeler
A11: Pazarlıklı Satın Alım Sonucu Oluşan Kazanç ile İlgili Düzeltmeler | C11: -1.8736022e+10 | K11: -4.2538269e+09 | O11: -234997000 | S11: 0
A12: Faiz (Gelirleri) ve Giderleri İle İlgili Düzeltmeler | B12: 3811190000 | C12: 1.4390683e+10 | D12: 9.2037033e+09 | E12: 4.3423913e+09 | F12: 2507973000 | G12: 9.6312724e+09 | H12: 7.2499441e+09 | I12: 4.1654238e+09 | J12: 2.7102283e+09 | K12: 1.1515015e+10 | L12: 2510528000 | M12: 1530778000 | N12: 655297000 | O12: 1599916000 | P12: 1062664000 | Q12: 606952000 | R12: 233680000 | S12: 1110323000 | T12: 906769000 | U12: 649923000 | V12: 340010000 | W12: 1410618000 | X12: 1040379000 | Y12: 709396000 | Z12: 344239000 | AA12: 947585000 | AB12: 658955000 | AC12: 383375000 | AD12: 173890000 | AE12: 544336000 | AF12: 390350000 | AG12: 245687000 | AH12: 111588000 | AI12: 412636000 | AJ12: 304502000 | AK12: 207853000 | AL12: 98434000
A13: Devlet Teşviklerinden Elde Edilen Gelirler ile İlgili Düzeltmeler | B13: -79716000 | C13: -8.4706286e+08 | D13: -5.3753706e+08 | E13: -2.3933818e+08 | F13: -116664000 | G13: -5.9240734e+08 | H13: -3.9463199e+08 | I13: -2.7642198e+08 | J13: -1.1317195e+08 | K13: -3.6740791e+08 | L13: -79077000 | M13: -57794000 | N13: -11151000 | O13: -90990000 | P13: -59385000 | Q13: -32440000 | R13: -19125000 | S13: -109988000 | T13: -59358000 | U13: -37521000 | V13: -11888000 | W13: -72940000 | X13: -29197000 | Y13: -20909000 | Z13: -12355000 | AA13: -77722000 | AB13: -46950000 | AC13: -27335000 | AD13: -4542000 | AE13: -67314000 | AF13: -45005000 | AG13: -30753000 | AH13: -34620000 | AI13: -198860000 | AJ13: -141598000 | AK13: -89423000 | AL13: -46639000
A14: Takas İşlemlerinden Kaynaklanan Kayıplar (Kazançlar) ile İlgili Düzeltmeler
A15: Gerçekleşmemiş Yabancı Para Çevrim Farkları İle İlgili Düzeltmeler | B15: 664695000 | C15: 1.098356e+09 | D15: 4.4678376e+09 | E15: 3.3900656e+09 | F15: 2771375000 | G15: 8.5107025e+09 | H15: 1.2303578e+10 | I15: 1.1036612e+10 | J15: 8.3443162e+08 | K15: 7.1248426e+09 | L15: 1869268000 | M15: 1268955000 | N15: 562165000 | O15: 1639073000 | P15: 310000 | Q15: -8969000 | R15: -75343000 | S15: 89246000 | T15: 44245000 | U15: 54805000 | V15: 31730000 | W15: 145042000 | X15: 60236000 | Y15: 96865000 | Z15: 77317000 | AA15: 1021151000 | AB15: 1416729000 | AC15: 389451000 | AD15: 70757000 | AE15: 208648000 | AF15: 90005000 | AG15: 23560000 | AH15: 77306000 | AI15: 359602000 | AJ15: 49033000 | AK15: 4139000 | AL15: -26535000
A16: Pay Bazlı Ödemeler İle İlgili Düzeltmeler
A17: Hibe Krediler ile İlgili Düzeltmeler
A18: Gerçeğe Uygun Değer Kayıpları (Kazançları) İle İlgili Düzeltmeler | B18: 1019339000 | C18: 4.3722522e+09 | D18: 3.6707979e+09 | E18: 2.1285274e+09 | F18: 901001000 | G18: -5.9494671e+09 | H18: -5.7538358e+09 | I18: -6.777447e+09 | J18: 98925154 | K18: 4.8942962e+08 | L18: 67784000 | M18: 76920000 | N18: 14044000 | O18: 436011000 | P18: 273567000 | Q18: 245252000 | R18: 221934000 | S18: 364222000 | T18: 508604000 | U18: 193184000 | V18: 97778000 | W18: -14769000 | X18: 96542000 | Y18: -54410000 | Z18: -31269000 | AA18: -278752000 | AB18: -249206000 | AC18: 23212000 | AD18: 110409000 | AE18: 168195000 | AF18: 126218000 | AG18: 81241000 | AH18: 10599000 | AI18: -35782000 | AJ18: 28776000 | AK18: 8717000 | AL18: 68798000
A19: Özkaynak Yöntemiyle Değerlenen Yatırımların Dağıtılmamış Karları ile İlgili Düzeltmeler | B19: 103304000 | C19: 1.9378751e+08 | D19: 2.7184584e+08 | E19: 2.9567283e+08 | F19: 140141000 | G19: 7.6501327e+08 | H19: 6.28019e+08 | I19: 2.3555833e+08 | J19: 2.8498554e+08 | K19: 1.1761951e+09 | L19: 53514000 | M19: 22169000 | N19: 8748000 | O19: 44514000 | P19: 11890000 | Q19: 13403000 | R19: -4543000 | S19: -41226000 | T19: -46690000 | U19: -24658000 | V19: -7536000 | W19: -21041000 | X19: -24388000 | Y19: -16372000 | Z19: -14968000 | AA19: -12226000 | AB19: -15481000 | AC19: -34278000 | AD19: -10691000 | AE19: -39090000 | AF19: -37244000 | AG19: -25815000 | AH19: -13866000 | AI19: -34857000 | AJ19: -27937000 | AK19: -19177000 | AL19: -6667000
A20: Vergi (Geliri) Gideri İle İlgili Düzeltmeler | B20: 998533000 | C20: 6.5693824e+08 | D20: -1.1385491e+09 | E20: 75128155 | F20: 1024944000 | G20: -1.9656065e+09 | H20: 4.3957692e+09 | I20: 7.7367782e+08 | J20: 3.3451371e+08 | K20: 3.6705831e+08 | L20: -72603000 | M20: 190943000 | N20: 227086000 | O20: 371605000 | P20: 290068000 | Q20: 236447000 | R20: 194064000 | S20: 618916000 | T20: 409958000 | U20: 166130000 | V20: 48959000 | W20: 161154000 | X20: 120871000 | Y20: 104357000 | Z20: 34748000 | AA20: 93565000 | AB20: 104176000 | AC20: 25089000 | AD20: -19766000 | AE20: -24406000 | AF20: -46638000 | AG20: -47547000 | AH20: -4173000 | AI20: -102469000 | AJ20: 19596000 | AK20: 450000 | AL20: -2149000
A21: Nakit Dışı Kalemlere İlişkin Diğer Düzeltmeler
A22: Duran Varlıkların Elden Çıkarılmasından Kaynaklanan Kayıplar (Kazançlar) İle İlgili Düzeltmeler | B22: 185000 | C22: 1.5961523e+08 | D22: 1.5268791e+08 | E22: 1.3464899e+08 | F22: 22197000 | G22: 82595503 | H22: 22435975 | I22: 24749282 | J22: 20897871 | K22: 2.0303582e+08 | L22: 3976000 | M22: 11443000 | N22: 16641000 | O22: -15310000 | P22: -1982000 | Q22: -541000 | R22: 440000 | S22: 1705000 | T22: -298000 | U22: -202000 | V22: -127000 | W22: -2580000 | X22: -681000 | Y22: 679000 | Z22: 472000 | AA22: -6389000 | AB22: -4214000 | AC22: -2907000 | AD22: 64000 | AE22: -845000 | AF22: -1934000 | AG22: -22000 | AH22: -179000 | AI22: -2531000 | AJ22: -3138000 | AK22: -1499000 | AL22: -435000
A23: Satış Amaçlı veya Ortaklara Dağıtılmak Üzere Elde Tutulan Duran Varlıkların Elden Çıkarılmasından Kaynaklanan Kayıplar (Kazançlar) ile İlgili Düzeltmeler
A24: İştirak, İş ortaklığı ve Finansal Yatırımların Elden Çıkarılmasından veya Paylarındaki Değişim Sebebi ile Oluşan Kayıplar (Kazançlar) ile İlgili Düzeltmeler | B24: 0 | C24: -14488663 | D24: -22557618 | E24: -22556792 | F24: -22557000 | G24: 0 | H24: 0 | I24: 0 | J24: 0 | O24: -930000 | S24: 0 | T24: -226498000 | U24: -226498000 | W24: 4320000 | X24: 4320000 | Y24: 0 | AA24: 0 | AB24: 0 | AH24: 0 | AI24: -413739000 | AJ24: -413739000 | AK24: -413739000
A25: Bağlı Ortaklıkların veya Müşterek Faaliyetlerin Elden Çıkarılmasından Kaynaklanan Kayıplar (Kazançlar) ile İlgili Düzeltmeler | B25: -25875000 | F25: 0 | O25: -55682000 | S25: -226498000
A26: Yatırım ya da Finansman Faaliyetlerinden Kaynaklanan Nakit Akışlarına Neden Olan Diğer Kalemlere İlişkin Düzeltmeler
A27: Kar (Zarar) Mutabakatı İle İlgili Diğer Düzeltmeler | B27: 736507000 | C27: 2.7361637e+09 | D27: 1.5353157e+09 | E27: 6.4936322e+08 | F27: 205174000 | G27: 1.0988997e+08 | H27: 1.5681322e+08 | I27: 6.8798851e+08 | J27: -1.1843366e+10 | K27: -5.1466353e+10 | L27: -70169000 | M27: -23556000 | N27: 13705000 | O27: -14723000 | P27: 15836000 | Q27: 11517000 | R27: 7817000 | S27: 8009000 | T27: 5464000 | U27: 4663000 | V27: 2858000 | W27: 17988000 | X27: 13864000 | Y27: 5106000 | Z27: 3306000 | AA27: 16641000 | AB27: 9230000 | AC27: 5340000 | AD27: 2271000 | AE27: 9783000 | AF27: 6835000 | AG27: 4604000 | AH27: 1626000 | AI27: 11120000 | AJ27: 8086000 | AK27: 5015000 | AL27: 2525000
A28: İşletme Sermayesinde Gerçekleşen Değişimler | B28: -13662238000 | C28: 9.3149146e+09 | D28: -1.7636721e+10 | E28: -7.5960563e+09 | F28: 2712590000 | G28: -1.1704088e+10 | H28: -9.4670389e+09 | I28: -2.014361e+10 | J28: -5.4110392e+09 | K28: 4.3476934e+09 | L28: -12261056000 | M28: -12077168000 | N28: -5149677000 | O28: -13168716000 | P28: -8267725000 | Q28: -6786228000 | R28: -4233638000 | S28: -366321000 | T28: 54891000 | U28: 759358000 | V28: -207522000 | W28: -782999000 | X28: -1297435000 | Y28: -964533000 | Z28: -388352000 | AA28: -1818338000 | AB28: -3090945000 | AC28: -1520293000 | AD28: -665309000 | AE28: -1785765000 | AF28: -2191898000 | AG28: -1731300000 | AH28: -1025467000 | AI28: 253044000 | AJ28: -217123000 | AK28: -99430000 | AL28: 5021000
A29: Finansal Yatırımlardaki Azalış (Artış)
A30: Türkiye Cumhuriyet Merkez Bankası Hesabındaki Azalış (Artış)
A31: Ticari Alacaklardaki Azalış (Artış) ile İlgili Düzeltmeler | B31: -10905230000 | C31: 3.2444143e+10 | D31: 8.4617512e+09 | E31: 7.8437402e+08 | F31: 4801053000 | G31: -1.6323866e+10 | H31: -1.4673506e+10 | I31: -2.0501413e+10 | J31: -2.0583671e+09 | K31: 1.2310748e+10 | L31: -10003137000 | M31: -10403605000 | N31: -5523178000 | O31: -10244163000 | P31: -5579175000 | Q31: -4801992000 | R31: -3606086000 | S31: -2781751000 | T31: -2668901000 | U31: 509181000 | V31: 341191000 | W31: -1548013000 | X31: -1741538000 | Y31: -1610777000 | Z31: -502963000 | AA31: -1283364000 | AB31: -2948333000 | AC31: -1466685000 | AD31: -288752000 | AE31: -1226705000 | AF31: -1708636000 | AG31: -1168565000 | AH31: -397558000 | AI31: -482683000 | AJ31: -491241000 | AK31: -244725000 | AL31: 312900000
A32: Finans Sektörü Faaliyetlerinden Alacaklarda Azalış (Artış)
A33: Faaliyetlerle İlgili Diğer Alacaklardaki Azalış (Artış) ile İlgili Düzeltmeler | T33: 0 | V33: 0 | X33: 0 | Z33: 0 | AD33: 0 | AG33: 0 | AH33: 0 | AJ33: 0 | AK33: 0 | AL33: 0
A34: Müşteri Sözleşmelerinden Doğan Varlıklardaki Azalış (Artış) İle İlgili Düzeltmeler | T34: 0 | V34: 0 | Z34: 0 | AD34: 0
A35: İmtiyaz Sözleşmelerine İlişkin Finansal Varlıklardaki Azalış (Artış)
A36: Türev Varlıklardaki Azalış (Artış)
A37: Stoklardaki Azalışlar (Artışlar) İle İlgili Düzeltmeler | B37: -9585542000 | C37: 1.8331533e+10 | D37: 1.4202761e+09 | E37: -2.1634187e+08 | F37: 3894521000 | G37: 6.3254954e+09 | H37: -1.388235e+09 | I37: -1.07607e+10 | J37: 4.584695e+09 | K37: -2.4351522e+09 | L37: -13913446000 | M37: -11527299000 | N37: -6672516000 | O37: -8778570000 | P37: -4993662000 | Q37: -5258009000 | R37: -3088414000 | S37: -1550665000 | T37: -1248489000 | U37: -265909000 | V37: -192842000 | W37: -287696000 | X37: -610973000 | Y37: -715923000 | Z37: -353226000 | AA37: -1348338000 | AB37: -2457030000 | AC37: -984552000 | AD37: -532101000 | AE37: -1035079000 | AF37: -1189992000 | AG37: -777777000 | AH37: -492100000 | AI37: -515333000 | AJ37: -271493000 | AK37: -176589000 | AL37: -114354000
A38: Canlı Varlıklardaki Azalış (Artış)
A39: Peşin Ödenmiş Giderlerdeki Azalış (Artış) | B39: -1335322000 | C39: -4.4001553e+08 | D39: -2.2123612e+09 | E39: -3.1649653e+09 | F39: -1992512000 | G39: -1.0771436e+09 | H39: 2.1032177e+08 | I39: -5.3353195e+08 | J39: -41722548 | K39: 2.5854213e+08 | L39: -427971000 | M39: -1384945000 | N39: -765194000 | O39: -121529000 | P39: 20610000 | Q39: -42642000 | R39: -44935000 | S39: -286948000 | T39: -171876000 | U39: -148481000 | V39: -147645000 | W39: -42848000 | X39: -127601000 | Y39: -153548000 | Z39: -95652000 | AA39: -75301000 | AB39: 8741000 | AC39: 13707000 | AD39: -31459000 | AE39: -973000 | AF39: -36694000 | AG39: -41109000 | AH39: -45018000 | AI39: -44210000 | AJ39: -57979000 | AK39: -36460000 | AL39: -27333000
A40: Ticari Borçlardaki Artış (Azalış) ile İlgili Düzeltmeler | B40: 6875150000 | C40: -2.8417765e+10 | D40: -1.6276989e+10 | E40: -9.4026889e+08 | F40: -301497000 | G40: 4.3304107e+09 | H40: 1.0980509e+10 | I40: 1.6114202e+10 | J40: -4.1271528e+09 | K40: -3.0011863e+09 | L40: 11304933000 | M40: 10633551000 | N40: 7720050000 | O40: 6575905000 | P40: 2640792000 | Q40: 3442163000 | R40: 2850457000 | S40: 4427202000 | T40: 3631161000 | U40: 352537000 | V40: 22199000 | W40: 916705000 | X40: 1187478000 | Y40: 1481376000 | Z40: 574844000 | AA40: 1158876000 | AB40: 2469209000 | AC40: 1033780000 | AD40: 252525000 | AE40: 489579000 | AF40: 783686000 | AG40: 355931000 | AH40: 69958000 | AI40: 955788000 | AJ40: 404135000 | AK40: 315601000 | AL40: -131921000
A41: Finans Sektörü Faaliyetlerinden Borçlardaki Artış (Azalış)
A42: Çalışanlara Sağlanan Faydalar Kapsamında Borçlardaki Artış (Azalış) | B42: -817242000 | C42: -4.9798108e+09 | D42: -1.9804351e+09 | E42: -3.134557e+09 | F42: -2091244000 | G42: 6.3025792e+08 | H42: -1.8335111e+08 | I42: -1.7301566e+08 | J42: -3.9066535e+08 | K42: 2.8954335e+08 | L42: 526529000 | M42: 307466000 | N42: 201513000 | O42: -68446000 | P42: 28285000 | Q42: -21272000 | R42: -36927000 | S42: -75730000 | T42: -14583000 | U42: -152102000 | V42: -180810000 | W42: 69978000 | X42: -78846000 | Y42: -85291000 | Z42: -86518000 | AA42: -71293000 | AB42: -82352000 | AC42: -81793000 | AD42: -148062000 | AE42: 18819000 | AF42: -66321000 | AG42: -68081000 | AH42: -80230000 | AI42: 37692000 | AJ42: -44677000 | AK42: -31710000 | AL42: -57463000
A43: Müşteri Sözleşmelerinden Doğan Yükümlülüklerdeki Artış (Azalış) İle İlgili Düzeltmeler | T43: 0 | V43: 0 | Z43: 0 | AD43: 0
A44: Faaliyetler ile İlgili Diğer Borçlardaki Artış (Azalış) ile İlgili Düzeltmeler | B44: 966661000 | C44: -1.0738406e+09 | D44: -1.3019767e+09 | E44: -1.6604364e+09 | F44: -1297990000 | G44: 2.6334146e+09 | H44: 1.0330701e+09 | I44: -28027.189 | J44: -5.7995046e+08 | K44: -3.7600956e+08 | L44: 571103000 | M44: 276679000 | N44: 64316000 | O44: -89181000 | P44: 203496000 | Q44: 16406000 | R44: 34000 | S44: -37894000 | T44: -28178000 | U44: -17921000 | V44: -8942000 | W44: -30402000 | X44: -22005000 | Y44: -14597000 | Z44: 27021000 | AA44: -32673000 | AB44: 133906000 | AC44: 29055000 | AD44: 15188000 | AE44: 3949000 | AF44: 5179000 | AG44: -16691000 | AH44: -28405000 | AI44: 51572000 | AJ44: 60164000 | AK44: -14975000 | AL44: 233663000
A45: Türev Yükümlülüklerdeki Artış (Azalış)
A46: Devlet Teşvik ve Yardımlarındaki Artış (Azalış) | B46: 99786000 | C46: 5.1012331e+08 | D46: 2.8171758e+08 | E46: 43523677 | F46: 69310000 | G46: 3.5493481e+08 | H46: 2.4355934e+08 | I46: 1.7678022e+08 | J46: 67445767 | K46: 2.0854196e+08 | L46: 4459000 | M46: 4171000 | N46: 598000 | O46: 51304000 | P46: 34855000 | Q46: 21471000 | R46: 16760000 | S46: 53400000 | T46: 35897000 | U46: 29066000 | V46: 24136000 | W46: 34676000 | X46: 32462000 | Y46: 29010000 | Z46: 23723000 | AA46: 49803000 | AB46: 40701000 | AC46: 6799000 | AD46: 2393000 | AE46: 81749000 | AF46: 48196000 | AG46: 38627000 | AH46: 28627000 | AI46: 182966000 | AJ46: 64269000 | AK46: 62577000 | AL46: 19401000
A47: Ertelenmiş Gelirlerdeki Artış (Azalış)
A48: İşletme Sermayesinde Gerçekleşen Diğer Artış (Azalış) ile İlgili Düzeltmeler | B48: 1039501000 | C48: -7.0594523e+09 | D48: -6.028704e+09 | E48: 6.9261555e+08 | F48: -369051000 | G48: -8.577592e+09 | H48: -5.6894076e+09 | I48: -4.4659033e+09 | J48: -2.8653216e+09 | K48: -2.907334e+09 | L48: -323526000 | M48: 16814000 | N48: -175266000 | O48: -494036000 | P48: -622926000 | Q48: -142353000 | R48: -324527000 | S48: -113935000 | T48: 519860000 | U48: 452987000 | V48: -64809000 | W48: 104601000 | X48: 63588000 | Y48: 105217000 | Z48: 24419000 | AA48: -216048000 | AB48: -255787000 | AC48: -70604000 | AD48: 64959000 | AE48: -117104000 | AF48: -27316000 | AG48: -53635000 | AH48: -80741000 | AI48: 67252000 | AJ48: 119699000 | AK48: 26851000 | AL48: -229872000
A49: Faaliyetlerden Elde Edilen Nakit Akışları | B49: -9561763000 | C49: 1.6823392e+10 | D49: -1.2495908e+10 | E49: -1.0989192e+10 | F49: 8316232000 | G49: 7.6209441e+08 | H49: 1.2637361e+10 | I49: -9.9444812e+09 | J49: -5.7931021e+09 | K49: -2.2842698e+09 | L49: -289417000 | M49: -3854724000 | N49: -824773000 | O49: -573826000 | P49: -1345705000 | Q49: -2224258000 | R49: -1681309000 | S49: 6588351000 | T49: 5278890000 | U49: 2956422000 | V49: 789829000 | W49: 3325191000 | X49: 2084391000 | Y49: 1319611000 | Z49: 687364000 | AA49: 1786719000 | AB49: 519523000 | AC49: 144902000 | AD49: 40396000 | AE49: 753807000 | AF49: -155262000 | AG49: -432474000 | AH49: -392336000 | AI49: 2202266000 | AJ49: 1300982000 | AK49: 784797000 | AL49: 362085000
A50: Ödenen Temettüler
A51: Alınan Temettüler
A52: Ödenen Faiz
A53: Alınan Faiz
A54: Vergi İadeleri (Ödemeleri) | B54: -96201000 | C54: -9.8568912e+08 | D54: -6.5571717e+08 | E54: -4.7093577e+08 | F54: -48722000 | G54: -1.2913103e+09 | H54: -9.115963e+08 | I54: -7.6446452e+08 | J54: -4.9586732e+08 | K54: -2.3196346e+09 | L54: -472909000 | M54: -396978000 | N54: -216371000 | O54: -498723000 | P54: -307287000 | Q54: -101444000 | R54: -42928000 | S54: -167446000 | T54: -112783000 | U54: -51431000 | V54: -20355000 | W54: -150311000 | X54: -119741000 | Y54: -66955000 | Z54: -11309000 | AA54: -105810000 | AB54: -89261000 | AC54: -56206000 | AD54: -26203000 | AE54: -163939000 | AF54: -104642000 | AG54: -94984000 | AH54: -17928000 | AI54: -134989000 | AJ54: -90112000 | AK54: -18476000 | AL54: -10914000
A55: Katılım (Kar) Payı ve Diğer Finansal Araçlardan Nakit Çıkışları
A56: Katılım (Kar) Payı ve Diğer Finansal Araçlardan Nakit Girişleri
A57: Kira Ödemeleri
A58: Alınan Kira
A59: Başka İşletmelerin veya Fonların Paylarının veya Borçlanma Araçlarının Edinimi İçin Yapılan Nakit Çıkışları
A60: Başka İşletmelerin veya Fonların Paylarının veya Borçlanma Araçlarının Satılması Sonucu Elde Edilen Nakit Girişleri
A61: İştirakler, İş Ortaklıkları ve/veya Müşterek Faaliyetlerin Sermaye Artırımına Katılımdan Kaynaklanan Nakit Çıkışları
A62: Çalışanlara Sağlanan Faydalara İlişkin Karşılıklar Kapsamında Yapılan Ödemeler
A63: Diğer Karşılıklara İlişkin Ödemeler
A64: Vergi İadeleri (Ödemeleri) | B64: -96201000 | C64: -9.8568912e+08 | D64: -6.5571717e+08 | E64: -4.7093577e+08 | F64: -48722000 | G64: -1.2913103e+09 | H64: -9.115963e+08 | I64: -7.6446452e+08 | J64: -4.9586732e+08 | K64: -2.3196346e+09 | L64: -472909000 | M64: -396978000 | N64: -216371000 | O64: -498723000 | P64: -307287000 | Q64: -101444000 | R64: -42928000 | S64: -167446000 | T64: -112783000 | U64: -51431000 | V64: -20355000 | W64: -150311000 | X64: -119741000 | Y64: -66955000 | Z64: -11309000 | AA64: -105810000 | AB64: -89261000 | AC64: -56206000 | AD64: -26203000 | AE64: -163939000 | AF64: -104642000 | AG64: -94984000 | AH64: -17928000 | AI64: -134989000 | AJ64: -90112000 | AK64: -18476000 | AL64: -10914000
A65: Diğer Nakit Girişleri (Çıkışları)
A66: Durdurulan Faaliyetlere İlişkin Net Nakit Akışları
A68: Yatırım Faaliyetlerinden Kaynaklanan Nakit Akışları | B68: -3688068000 | C68: -1.6199603e+10 | D68: -7.1010517e+09 | E68: -1.3068454e+09 | F68: -4489264000 | G68: -2.1388468e+10 | H68: -1.404105e+10 | I68: -9.1382269e+09 | J68: -5.4466769e+09 | K68: -1.2386919e+10 | L68: -2200319000 | M68: -1790926000 | N68: -730569000 | O68: -4383598000 | P68: -3593324000 | Q68: -4261489000 | R68: -422060000 | S68: -1321760000 | T68: -693233000 | U68: -309468000 | V68: -273934000 | W68: -1912128000 | X68: -1413873000 | Y68: -1099625000 | Z68: -373568000 | AA68: -1781726000 | AB68: -1215830000 | AC68: -707039000 | AD68: -230672000 | AE68: -1069947000 | AF68: -639229000 | AG68: -333318000 | AH68: -115104000 | AI68: -998176000 | AJ68: 141642000 | AK68: 286287000 | AL68: -129161000
A69: Bağlı Ortaklıkların Kontrolünün Kaybı Sonucunu Doğuracak Satışlara İlişkin Nakit Girişleri | B69: 10821000 | F69: 0 | O69: 323703000 | S69: 275778000 | T69: 275778000 | U69: 275778000 | W69: 0 | X69: 0 | Y69: 0
A70: Bağlı Ortaklıkların Kontrolünün Kaybı Sonucunu Doğurmayan Satışlara İlişkin Nakit Girişleri
A71: Bağlı Ortaklıkların Kontrolünün Elde Edilmesine Yönelik Alışlara İlişkin Nakit Çıkışları | C71: 9.9232722e+09 | D71: 9.6303658e+09 | E71: 9.5587685e+09 | G71: -2.0378044e+09 | H71: -2.3390516e+09 | I71: -2.3025878e+09 | J71: -2.038291e+09 | K71: 3.9382593e+09 | L71: 1352972000 | M71: 0 | N71: 0 | O71: -2136004000 | P71: -2055799000 | Q71: -361486000 | S71: 0 | T71: 0 | U71: 0 | W71: -406321000 | X71: -406321000 | Y71: -406321000 | Z71: 0 | AA71: 0 | AB71: 0 | AC71: 0 | AH71: 0 | AI71: -745608000 | AJ71: 0 | AK71: 0
A72: Bağlı Ortaklıklarda İlave Pay Alımlarına ilişkin Nakit Çıkışları | Q72: -2986099000
A73: İştiraklerin ve/veya İş Ortaklıklarının Pay Satışı veya Sermaye Azaltımı Sebebiyle Oluşan Nakit Girişleri | L73: -26725000 | O73: 3136000 | S73: 0
A74: İştiraklar ve/veya İş Ortaklıkları Pay Alımı veya Sermaye Artırımı Sebebiyle Oluşan Nakit Çıkışları | B74: -442231000 | C74: -5.7915358e+08 | D74: -5.7915274e+08 | E74: -5.7915257e+08 | F74: -581403000 | G74: 0 | H74: 0 | I74: 0 | J74: 0 | K74: -8.3002829e+08 | M74: -26725000 | N74: -26725000 | O74: -140840000 | P74: -38220000 | Q74: -38220000 | R74: -38220000 | S74: -35228000 | T74: -35228000 | U74: -35228000 | V74: 0 | W74: -167686000 | X74: -112480000 | Y74: -112480000 | Z74: -53537000 | AA74: -57237000 | AB74: -57237000 | AC74: -57237000 | AD74: -27383000 | AE74: -19002000
A75: İştirakler ve/veya İş Ortaklıkları Sermaye Avansı Ödemelerinden Nakit Çıkışları
A76: Başka İşletmelerin veya Fonların Paylarının veya Borçlanma Araçlarının Satılması Sonucu Elde Edilen Nakit Girişleri | B76: 0 | C76: 24779531 | D76: 24862972 | E76: 24862665 | F76: 24031000 | H76: 0 | I76: 0 | J76: 0 | AH76: 0 | AI76: 558582000 | AJ76: 558582000 | AK76: 558582000
A77: Başka İşletmelerin veya Fonların Paylarının veya Borçlanma Araçlarının Edinimi İçin Yapılan Nakit Çıkışları | B77: -5533000 | C77: -1.8486803e+08 | D77: -16060285 | E77: -11468216 | F77: -3254000 | G77: -18640230 | H77: -13030925 | I77: -6494664.2 | J77: 0 | K77: -39207191 | L77: -12010000 | M77: -10216000 | O77: 0 | P77: 0 | Q77: 0
A78: Maddi ve Maddi Olmayan Duran Varlıkların Satışından Kaynaklanan Nakit Girişleri | B78: 40338000 | C78: 7.4290166e+08 | D78: 3.210127e+08 | E78: 75893807 | F78: 78774000 | G78: 1.0267678e+09 | H78: 1.8155455e+08 | I78: 1.6510817e+08 | J78: 1.632843e+08 | K78: 1.3076908e+09 | L78: 219994000 | M78: 179947000 | N78: 63512000 | O78: 70244000 | P78: 28275000 | Q78: 22017000 | R78: 11928000 | S78: 172913000 | T78: 13360000 | U78: 34013000 | V78: 29134000 | W78: 41483000 | X78: 3685000 | Y78: 6509000 | Z78: 5150000 | AA78: 37507000 | AB78: 9909000 | AC78: 7488000 | AD78: 3256000 | AE78: 18730000 | AF78: 16797000 | AG78: 13947000 | AH78: 1086000 | AI78: 7007000 | AJ78: 9099000 | AK78: 4208000 | AL78: 1580000
A79: Maddi ve Maddi Olmayan Duran Varlıkların Alımından Kaynaklanan Nakit Çıkışları | B79: -3291463000 | C79: -2.6190582e+10 | D79: -1.6545783e+10 | E79: -1.0436337e+10 | F79: -4069549000 | G79: -2.0398247e+10 | H79: -1.1909499e+10 | I79: -7.0332295e+09 | J79: -3.6106473e+09 | K79: -1.6958794e+10 | L79: -3790081000 | M79: -1989463000 | N79: -822887000 | O79: -2515344000 | P79: -1538862000 | Q79: -908983000 | R79: -395885000 | S79: -1735316000 | T79: -947143000 | U79: -584031000 | V79: -303068000 | W79: -1379604000 | X79: -898757000 | Y79: -587333000 | Z79: -325181000 | AA79: -1797305000 | AB79: -1077008000 | AC79: -628916000 | AD79: -232809000 | AE79: -987217000 | AF79: -582951000 | AG79: -343536000 | AH79: -129275000 | AI79: -830966000 | AJ79: -438848000 | AK79: -289312000 | AL79: -143491000
A80: Yatırım Amaçlı Gayrimenkul Satımından Kaynaklanan Nakit Girişleri
A81: Yatırım Amaçlı Gayrimenkul Alımından Kaynaklanan Nakit Çıkışları
A82: Satış Amacıyla Elde Tutulan Duran Varlık Satışlarından Kaynaklanan Nakit Girişleri
A83: Satış Amacıyla Elde Tutulan Duran Varlık Alımlarından Nakit Çıkışları
A84: Canlı Varlık Satışından Kaynaklanan Nakit Girişleri
A85: Canlı Varlık Alımından Kaynaklanan Nakit Çıkışları
A86: Diğer Uzun Vadeli Varlıkların Satışından Kaynaklanan Nakit Girişleri
A87: Diğer Uzun Vadeli Varlık Alımından Kaynaklanan Nakit Çıkışları
A88: Verilen Nakit Avans ve Borçlar | T88: 0 | V88: 0 | X88: 0 | Z88: 0 | AA88: 9044000 | AB88: -117759000 | AC88: -54639000 | AD88: 0 | AE88: -95636000 | AF88: -86253000 | AG88: -16907000 | AH88: 0 | AI88: 0 | AJ88: 0 | AK88: 0 | AL88: 0
A89: Verilen Nakit Avans ve Borçlardan Geri Ödemeler | T89: 0 | V89: 0 | Z89: 0 | AD89: 0 | AH89: 0 | AI89: 0 | AJ89: 0 | AK89: 0 | AL89: 0
A90: Türev Araçlardan Nakit Girişleri
A91: Türev Araçlardan Nakit Çıkışları
A92: Devlet Teşviklerinden Elde Edilen Nakit Girişleri
A93: Alınan Temettüler | B93: 0 | C93: 64047725 | D93: 63703105 | E93: 60587140 | F93: 62137000 | G93: 39456401 | H93: 38976981 | I93: 38976903 | J93: 38977044 | K93: 1.9516037e+08 | L93: 55531000 | M93: 55531000 | N93: 55531000 | O93: 11507000 | P93: 11282000 | Q93: 11282000 | R93: 117000 | S93: 93000 | T93: 0 | U93: 0 | Z93: 0 | AA93: 26265000 | AB93: 26265000 | AC93: 26265000 | AD93: 26264000 | AE93: 13178000 | AF93: 13178000 | AG93: 13178000 | AH93: 13085000 | AI93: 12809000 | AJ93: 12809000 | AK93: 12809000 | AL93: 12750000
A94: Ödenen Faiz
A95: Alınan Faiz
A96: Katılım (Kar) Payı ve Diğer Finansal Araçlardan Nakit Çıkışları
A97: Katılım (Kar) Payı ve Diğer Finansal Araçlardan Nakit Girişleri
A98: Vergi İadeleri (Ödemeleri)
A99: Diğer Nakit Girişleri (Çıkışları)
A100: Durdurulan Faaliyetlere İlişkin Net Nakit Akışları
A102: Finansman Faaliyetlerinden Nakit Akışları | B102: 2432903000 | C102: 1.164441e+09 | D102: 1.2966934e+09 | E102: -2.0743725e+09 | F102: -5259775000 | G102: 4.6869354e+10 | H102: 2.0025143e+10 | I102: 8.8358135e+09 | J102: 1.9574015e+10 | K102: 1.2067958e+10 | L102: 3686883000 | M102: 2064067000 | N102: 1135822000 | O102: 4802358000 | P102: 209202000 | Q102: 3905396000 | R102: -565407000 | S102: -1307361000 | T102: -1685504000 | U102: -988670000 | V102: 60122000 | W102: -160651000 | X102: -677975000 | Y102: -47293000 | Z102: 575090000 | AA102: 2402330000 | AB102: 1506848000 | AC102: 618710000 | AD102: 71331000 | AE102: 366538000 | AF102: 345832000 | AG102: 387149000 | AH102: 867386000 | AI102: -1110651000 | AJ102: -910465000 | AK102: -770275000 | AL102: 83695000
A103: Bağlı Ortaklıklardaki Kontrolün Kaybına Yol Açmayan Şekilde Ortaklık Payları Değişmelerinden Kaynaklanan Nakit Girişleri
...

Sheet Nakit Akış (Çeyreklik)
A1: Kalem | B1: 2025/3 | C1: 2024/12 | D1: 2024/9 | E1: 2024/6 | F1: 2024/3 | G1: 2023/12 | H1: 2023/9 | I1: 2023/6 | J1: 2023/3 | K1: 2022/12 | L1: 2022/9 | M1: 2022/6 | N1: 2022/3 | O1: 2021/12 | P1: 2021/9 | Q1: 2021/6 | R1: 2021/3 | S1: 2020/12 | T1: 2020/9 | U1: 2020/6 | V1: 2020/3 | W1: 2019/12 | X1: 2019/9 | Y1: 2019/6 | Z1: 2019/3 | AA1: 2018/12 | AB1: 2018/9 | AC1: 2018/6 | AD1: 2018/3 | AE1: 2017/12 | AF1: 2017/9 | AG1: 2017/6 | AH1: 2017/3 | AI1: 2016/12 | AJ1: 2016/9 | AK1: 2016/6 | AL1: 2016/3
A3: İşletme Faaliyetlerinden Nakit Akışları | B3: -9657964000 | C3: 2.8989329e+10 | D3: -1.6914977e+09 | E3: -1.9727638e+10 | F3: 8267510000 | G3: -1.225498e+10 | H3: 2.243471e+10 | I3: -4.4199763e+09 | J3: -6.2889694e+09 | L3: 3489376000 | M3: -3210558000 | N3: -1041144000 | O3: 580443000 | P3: 672710000 | Q3: -601465000 | R3: -1724237000 | S3: 1254798000 | T3: 2261116000 | U3: 2135517000 | V3: 769474000 | W3: 1210230000 | X3: 711994000 | Y3: 576601000 | Z3: 676055000 | AA3: 1250647000 | AB3: 341566000 | AC3: 74503000 | AD3: 14193000 | AE3: 849772000 | AF3: 267554000 | AG3: -117194000 | AH3: -410264000 | AI3: 856407000 | AJ3: 444549000 | AK3: 415150000 | AL3: 351171000
A4: Dönem Karı (Zararı) | B4: -1951579000 | C4: 4.4121094e+09 | D4: -6.5592383e+09 | E4: -2.9054703e+09 | F4: 2623197000 | G4: 1.6446576e+10 | H4: 1.7233938e+09 | I4: 2.473506e+09 | J4: 1.981761e+09 | L4: 494899000 | M4: 340049000 | N4: 1224362000 | O4: 892844000 | P4: 716818000 | Q4: 541155000 | R4: 1100192000 | S4: 1169774000 | T4: 1041207000 | U4: 408563000 | V4: 259445000 | W4: 241905000 | X4: 253032000 | Y4: 231995000 | Z4: 226094000 | AA4: 280907000 | AB4: 252757000 | AC4: 144590000 | AD4: 177587000 | AE4: 90078000 | AF4: 257539000 | AG4: 256947000 | AH4: 240739000 | AI4: 230363000 | AJ4: 264127000 | AK4: 653055000 | AL4: 156605000
A5: Dönem Net Karı (Zararı) Mutabakatı İle İlgili Düzeltmeler | B5: 6052054000 | C5: -2.0444446e+09 | D5: 1.5093187e+10 | E5: -6.0913076e+09 | F5: 2980445000 | G5: -2.6084793e+10 | H5: 1.0181877e+10 | I5: 8.1076854e+09 | J5: -2.3638238e+09 | L5: 3254296000 | M5: 3557491000 | N5: 3100542000 | O5: 4780026000 | P5: 1643232000 | Q5: 1468486000 | R5: 1452137000 | S5: 560899000 | T5: 1985728000 | U5: 791150000 | V5: 737906000 | W5: 484459000 | X5: 844650000 | Y5: 976433000 | Z5: 849622000 | AA5: -286318000 | AB5: 1692516000 | AC5: 814900000 | AD5: 528118000 | AE5: 412858000 | AF5: 480271000 | AG5: 408748000 | AH5: 392392000 | AI5: 200754000 | AJ5: 369751000 | AK5: -125892000 | AL5: 200459000
A6: Amortisman ve İtfa Gideri İle İlgili Düzeltmeler | B6: 4720201000 | C6: 4.7391941e+09 | D6: 5.023817e+09 | E6: 4.9196625e+09 | F6: 3532711000 | G6: 3.2403597e+09 | H6: 3.4737998e+09 | I6: 3.5770881e+09 | J6: 3.5576113e+09 | L6: 880210000 | M6: 781318000 | N6: 711155000 | O6: 658652000 | P6: 461303000 | Q6: 380738000 | R6: 344989000 | S6: 325043000 | T6: 318619000 | U6: 296972000 | V6: 281360000 | W6: 278244000 | X6: 269607000 | Y6: 257981000 | Z6: 249102000 | AA6: 194890000 | AB6: 184949000 | AC6: 161000000 | AD6: 149575000 | AE6: 144277000 | AF6: 137253000 | AG6: 134943000 | AH6: 131714000 | AI6: 122029000 | AJ6: 109193000 | AK6: 110044000 | AL6: 97416000
A7: Değer Düşüklüğü (İptali) İle İlgili Düzeltmeler | B7: 136966000 | C7: -80035411 | D7: -51800936 | E7: -1.6884305e+08 | F7: -13191000 | G7: 1.0521323e+08 | H7: -65007781 | I7: 1.9578001e+08 | J7: 2.5702089e+08 | L7: 26973000 | M7: 31828000 | N7: 23592000 | O7: -61132000 | P7: 16402000 | Q7: 13718000 | R7: 32505000 | S7: 86466000 | T7: 61939000 | U7: 18542000 | V7: 15750000 | W7: 36455000 | X7: 9491000 | Y7: 27457000 | Z7: 15398000 | AA7: 36020000 | AB7: 9435000 | AC7: 6714000 | AD7: 13487000 | AE7: 33439000 | AF7: 1858000 | AG7: 3434000 | AH7: 3264000 | AI7: 21089000 | AJ7: 3077000 | AK7: 23419000 | AL7: 1930000
A8: Karşılıklar İle İlgili Düzeltmeler | B8: 887956000 | C8: 1.1756371e+10 | D8: 3.689686e+09 | E8: 1.5192985e+09 | F8: 2181316000 | G8: -2.7815189e+09 | H8: 1.4114559e+09 | I8: 6.1266204e+09 | J8: 1.4940998e+09 | L8: 1083750000 | M8: 1211022000 | N8: 879416000 | O8: 2097212000 | P8: 644180000 | Q8: 561333000 | R8: 515836000 | S8: -123030000 | T8: 842800000 | U8: 197594000 | V8: -60988000 | W8: -176086000 | X8: 108318000 | Y8: 267773000 | Z8: 183632000 | AA8: -347842000 | AB8: 386840000 | AC8: 207631000 | AD8: 42758000 | AE8: -81578000 | AF8: 109528000 | AG8: 167790000 | AH8: 109133000 | AI8: -113903000 | AJ8: 136236000 | AK8: 125700000 | AL8: 13781000
A9: Kar Payı (Geliri) Gideri ile İlgili Düzeltmeler | C9: -335761.22 | D9: -190.9109 | G9: -479873.66 | L9: 0 | M9: 0 | N9: -156000 | O9: -225000 | P9: 0 | Q9: 0 | R9: -117000 | AA9: 0 | AB9: 0 | AC9: 0 | AD9: -94000 | AE9: 0 | AF9: 0 | AG9: -93000 | AH9: 0 | AI9: 0 | AJ9: 0
A10: Katılım (Kar) Payı ve Diğer Finansal Araçlardan (Gelirler) Giderler ile İlgili Düzeltmeler
A11: Pazarlıklı Satın Alım Sonucu Oluşan Kazanç ile İlgili Düzeltmeler
A12: Faiz (Gelirleri) ve Giderleri İle İlgili Düzeltmeler | B12: 3811190000 | C12: 5.1869792e+09 | D12: 4.861312e+09 | E12: 1.8344183e+09 | F12: 2507973000 | G12: 2.3813283e+09 | H12: 3.0845203e+09 | I12: 1.4551955e+09 | J12: 2.7102283e+09 | L12: 979750000 | M12: 875481000 | N12: 655297000 | O12: 537252000 | P12: 455712000 | Q12: 373272000 | R12: 233680000 | S12: 203554000 | T12: 256846000 | U12: 309913000 | V12: 340010000 | W12: 370239000 | X12: 330983000 | Y12: 365157000 | Z12: 344239000 | AA12: 288630000 | AB12: 275580000 | AC12: 209485000 | AD12: 173890000 | AE12: 153986000 | AF12: 144663000 | AG12: 134099000 | AH12: 111588000 | AI12: 108134000 | AJ12: 96649000 | AK12: 109419000 | AL12: 98434000
A13: Devlet Teşviklerinden Elde Edilen Gelirler ile İlgili Düzeltmeler | B13: -79716000 | C13: -3.0952581e+08 | D13: -2.9819887e+08 | E13: -1.2267418e+08 | F13: -116664000 | G13: -1.9777535e+08 | H13: -1.1821001e+08 | I13: -1.6325003e+08 | J13: -1.1317195e+08 | L13: -21283000 | M13: -46643000 | N13: -11151000 | O13: -31605000 | P13: -26945000 | Q13: -13315000 | R13: -19125000 | S13: -50630000 | T13: -21837000 | U13: -25633000 | V13: -11888000 | W13: -43743000 | X13: -8288000 | Y13: -8554000 | Z13: -12355000 | AA13: -30772000 | AB13: -19615000 | AC13: -22793000 | AD13: -4542000 | AE13: -22309000 | AF13: -14252000 | AG13: 3867000 | AH13: -34620000 | AI13: -57262000 | AJ13: -52175000 | AK13: -42784000 | AL13: -46639000
A14: Takas İşlemlerinden Kaynaklanan Kayıplar (Kazançlar) ile İlgili Düzeltmeler
A15: Gerçekleşmemiş Yabancı Para Çevrim Farkları İle İlgili Düzeltmeler | B15: 664695000 | C15: -3.3694816e+09 | D15: 1.077772e+09 | E15: 6.1869063e+08 | F15: 2771375000 | G15: -3.7928755e+09 | H15: 1.2669664e+09 | I15: 1.020218e+10 | J15: 8.3443162e+08 | L15: 600313000 | M15: 706790000 | N15: 562165000 | O15: 1638763000 | P15: 9279000 | Q15: 66374000 | R15: -75343000 | S15: 45001000 | T15: -10560000 | U15: 23075000 | V15: 31730000 | W15: 84806000 | X15: -36629000 | Y15: 19548000 | Z15: 77317000 | AA15: -395578000 | AB15: 1027278000 | AC15: 318694000 | AD15: 70757000 | AE15: 118643000 | AF15: 66445000 | AG15: -53746000 | AH15: 77306000 | AI15: 310569000 | AJ15: 44894000 | AK15: 30674000 | AL15: -26535000
A16: Pay Bazlı Ödemeler İle İlgili Düzeltmeler
A17: Hibe Krediler ile İlgili Düzeltmeler
A18: Gerçeğe Uygun Değer Kayıpları (Kazançları) İle İlgili Düzeltmeler | B18: 1019339000 | C18: 7.0145434e+08 | D18: 1.5422704e+09 | E18: 1.2275264e+09 | F18: 901001000 | G18: -1.9563123e+08 | H18: 1.0236112e+09 | I18: -6.8763722e+09 | J18: 98925154 | L18: -9136000 | M18: 62876000 | N18: 14044000 | O18: 162444000 | P18: 28315000 | Q18: 23318000 | R18: 221934000 | S18: -144382000 | T18: 315420000 | U18: 95406000 | V18: 97778000 | W18: -111311000 | X18: 150952000 | Y18: -23141000 | Z18: -31269000 | AA18: -29546000 | AB18: -272418000 | AC18: -87197000 | AD18: 110409000 | AE18: 41977000 | AF18: 44977000 | AG18: 70642000 | AH18: 10599000 | AI18: -64558000 | AJ18: 20059000 | AK18: -60081000 | AL18: 68798000
A19: Özkaynak Yöntemiyle Değerlenen Yatırımların Dağıtılmamış Karları ile İlgili Düzeltmeler | B19: 103304000 | C19: -78058330 | D19: -23826991 | E19: 1.5553183e+08 | F19: 140141000 | G19: 1.3699427e+08 | H19: 3.9246066e+08 | I19: -49427203 | J19: 2.8498554e+08 | L19: 31345000 | M19: 13421000 | N19: 8748000 | O19: 32624000 | P19: -1513000 | Q19: 17946000 | R19: -4543000 | S19: 5464000 | T19: -22032000 | U19: -17122000 | V19: -7536000 | W19: 3347000 | X19: -8016000 | Y19: -1404000 | Z19: -14968000 | AA19: 3255000 | AB19: 18797000 | AC19: -23587000 | AD19: -10691000 | AE19: -1846000 | AF19: -11429000 | AG19: -11949000 | AH19: -13866000 | AI19: -6920000 | AJ19: -8760000 | AK19: -12510000 | AL19: -6667000
A20: Vergi (Geliri) Gideri İle İlgili Düzeltmeler | B20: 998533000 | C20: 1.7954874e+09 | D20: -1.2136773e+09 | E20: -9.4981584e+08 | F20: 1024944000 | G20: -6.3613758e+09 | H20: 3.6220914e+09 | I20: 4.3916411e+08 | J20: 3.3451371e+08 | L20: -263546000 | M20: -36143000 | N20: 227086000 | O20: 81537000 | P20: 53621000 | Q20: 42383000 | R20: 194064000 | S20: 208958000 | T20: 243828000 | U20: 117171000 | V20: 48959000 | W20: 40283000 | X20: 16514000 | Y20: 69609000 | Z20: 34748000 | AA20: -10611000 | AB20: 79087000 | AC20: 44855000 | AD20: -19766000 | AE20: 22232000 | AF20: 909000 | AG20: -43374000 | AH20: -4173000 | AI20: -122065000 | AJ20: 19146000 | AK20: 2599000 | AL20: -2149000
A21: Nakit Dışı Kalemlere İlişkin Diğer Düzeltmeler
A22: Duran Varlıkların Elden Çıkarılmasından Kaynaklanan Kayıplar (Kazançlar) İle İlgili Düzeltmeler | B22: 185000 | C22: 6927313 | D22: 18038925 | E22: 1.1245199e+08 | F22: 22197000 | G22: 60159527 | H22: -2313306.8 | I22: 3851410.7 | J22: 20897871 | L22: -7467000 | M22: -5198000 | N22: 16641000 | O22: -13328000 | P22: -1441000 | Q22: -981000 | R22: 440000 | S22: 2003000 | T22: -96000 | U22: -75000 | V22: -127000 | W22: -1899000 | X22: -1360000 | Y22: 207000 | Z22: 472000 | AA22: -2175000 | AB22: -1307000 | AC22: -2971000 | AD22: 64000 | AE22: 1089000 | AF22: -1912000 | AG22: 157000 | AH22: -179000 | AI22: 607000 | AJ22: -1639000 | AK22: -1064000 | AL22: -435000
A23: Satış Amaçlı veya Ortaklara Dağıtılmak Üzere Elde Tutulan Duran Varlıkların Elden Çıkarılmasından Kaynaklanan Kayıplar (Kazançlar) ile İlgili Düzeltmeler
A24: İştirak, İş ortaklığı ve Finansal Yatırımların Elden Çıkarılmasından veya Paylarındaki Değişim Sebebi ile Oluşan Kayıplar (Kazançlar) ile İlgili Düzeltmeler | B24: 0 | C24: 8068955 | D24: -826.04671 | E24: 208.42154 | F24: -22557000 | G24: 0 | H24: 0 | I24: 0 | J24: 0 | S24: 226498000 | T24: 0 | W24: 0 | X24: 4320000 | AA24: 0 | AH24: 0 | AI24: 0 | AJ24: 0
A25: Bağlı Ortaklıkların veya Müşterek Faaliyetlerin Elden Çıkarılmasından Kaynaklanan Kayıplar (Kazançlar) ile İlgili Düzeltmeler | B25: -25875000 | F25: 0
A26: Yatırım ya da Finansman Faaliyetlerinden Kaynaklanan Nakit Akışlarına Neden Olan Diğer Kalemlere İlişkin Düzeltmeler
A27: Kar (Zarar) Mutabakatı İle İlgili Diğer Düzeltmeler | B27: 736507000 | C27: 1.200848e+09 | D27: 8.8595249e+08 | E27: 4.4418922e+08 | F27: 205174000 | G27: -46923254 | H27: -5.3117529e+08 | I27: 1.2531354e+10 | J27: -1.1843366e+10 | L27: -46613000 | M27: -37261000 | N27: 13705000 | O27: -30559000 | P27: 4319000 | Q27: 3700000 | R27: 7817000 | S27: 2545000 | T27: 801000 | U27: 1805000 | V27: 2858000 | W27: 4124000 | X27: 8758000 | Y27: 1800000 | Z27: 3306000 | AA27: 7411000 | AB27: 3890000 | AC27: 3069000 | AD27: 2271000 | AE27: 2948000 | AF27: 2231000 | AG27: 2978000 | AH27: 1626000 | AI27: 3034000 | AJ27: 3071000 | AK27: 2490000 | AL27: 2525000
A28: İşletme Sermayesinde Gerçekleşen Değişimler | B28: -13662238000 | C28: 2.6951636e+10 | D28: -1.0040665e+10 | E28: -1.0308646e+10 | F28: 2712590000 | G28: -2.2370489e+09 | H28: 1.0676571e+10 | I28: -1.4732571e+10 | J28: -5.4110392e+09 | L28: -183888000 | M28: -6927491000 | N28: -5149677000 | O28: -4900991000 | P28: -1481497000 | Q28: -2552590000 | R28: -4233638000 | S28: -421212000 | T28: -704467000 | U28: 966880000 | V28: -207522000 | W28: 514436000 | X28: -332902000 | Y28: -576181000 | Z28: -388352000 | AA28: 1272607000 | AB28: -1570652000 | AC28: -854984000 | AD28: -665309000 | AE28: 406133000 | AF28: -460598000 | AG28: -705833000 | AH28: -1025467000 | AI28: 470167000 | AJ28: -117693000 | AK28: -104451000 | AL28: 5021000
A29: Finansal Yatırımlardaki Azalış (Artış)
A30: Türkiye Cumhuriyet Merkez Bankası Hesabındaki Azalış (Artış)
A31: Ticari Alacaklardaki Azalış (Artış) ile İlgili Düzeltmeler | B31: -10905230000 | C31: 2.3982392e+10 | D31: 7.6773771e+09 | E31: -4.016679e+09 | F31: 4801053000 | G31: -1.65036e+09 | H31: 5.8279069e+09 | I31: -1.8443045e+10 | J31: -2.0583671e+09 | L31: 400468000 | M31: -4880427000 | N31: -5523178000 | O31: -4664988000 | P31: -777183000 | Q31: -1195906000 | R31: -3606086000 | S31: -112850000 | T31: -3178082000 | U31: 167990000 | V31: 341191000 | W31: 193525000 | X31: -130761000 | Y31: -1107814000 | Z31: -502963000 | AA31: 1664969000 | AB31: -1481648000 | AC31: -1177933000 | AD31: -288752000 | AE31: 481931000 | AF31: -540071000 | AG31: -771007000 | AH31: -397558000 | AI31: 8558000 | AJ31: -246516000 | AK31: -557625000 | AL31: 312900000
A32: Finans Sektörü Faaliyetlerinden Alacaklarda Azalış (Artış)
A33: Faaliyetlerle İlgili Diğer Alacaklardaki Azalış (Artış) ile İlgili Düzeltmeler | V33: 0 | Z33: 0 | AD33: 0 | AG33: 0 | AH33: 0 | AJ33: 0 | AK33: 0 | AL33: 0
A34: Müşteri Sözleşmelerinden Doğan Varlıklardaki Azalış (Artış) İle İlgili Düzeltmeler | V34: 0 | Z34: 0 | AD34: 0
A35: İmtiyaz Sözleşmelerine İlişkin Finansal Varlıklardaki Azalış (Artış)
A36: Türev Varlıklardaki Azalış (Artış)
A37: Stoklardaki Azalışlar (Artışlar) İle İlgili Düzeltmeler | B37: -9585542000 | C37: 1.6911257e+10 | D37: 1.636618e+09 | E37: -4.1108629e+09 | F37: 3894521000 | G37: 7.7137304e+09 | H37: 9.3724654e+09 | I37: -1.5345395e+10 | J37: 4.584695e+09 | L37: -2386147000 | M37: -4854783000 | N37: -6672516000 | O37: -3784908000 | P37: 264347000 | Q37: -2169595000 | R37: -3088414000 | S37: -302176000 | T37: -982580000 | U37: -73067000 | V37: -192842000 | W37: 323277000 | X37: 104950000 | Y37: -362697000 | Z37: -353226000 | AA37: 1108692000 | AB37: -1472478000 | AC37: -452451000 | AD37: -532101000 | AE37: 154913000 | AF37: -412215000 | AG37: -285677000 | AH37: -492100000 | AI37: -243840000 | AJ37: -94904000 | AK37: -62235000 | AL37: -114354000
A38: Canlı Varlıklardaki Azalış (Artış)
A39: Peşin Ödenmiş Giderlerdeki Azalış (Artış) | B39: -1335322000 | C39: 1.7723457e+09 | D39: 9.5260405e+08 | E39: -1.1724533e+09 | F39: -1992512000 | G39: -1.2874653e+09 | H39: 7.4385372e+08 | I39: -4.918094e+08 | J39: -41722548 | L39: 956974000 | M39: -619751000 | N39: -765194000 | O39: -142139000 | P39: 63252000 | Q39: 2293000 | R39: -44935000 | S39: -115072000 | T39: -23395000 | U39: -836000 | V39: -147645000 | W39: 84753000 | X39: 25947000 | Y39: -57896000 | Z39: -95652000 | AA39: -84042000 | AB39: -4966000 | AC39: 45166000 | AD39: -31459000 | AE39: 35721000 | AF39: 4415000 | AG39: 3909000 | AH39: -45018000 | AI39: 13769000 | AJ39: -21519000 | AK39: -9127000 | AL39: -27333000
A40: Ticari Borçlardaki Artış (Azalış) ile İlgili Düzeltmeler | B40: 6875150000 | C40: -1.2140776e+10 | D40: -1.533672e+10 | E40: -6.3877189e+08 | F40: -301497000 | G40: -6.6500985e+09 | H40: -5.1336927e+09 | I40: 2.0241355e+10 | J40: -4.1271528e+09 | L40: 671382000 | M40: 2913501000 | N40: 7720050000 | O40: 3935113000 | P40: -801371000 | Q40: 591706000 | R40: 2850457000 | S40: 796041000 | T40: 3278624000 | U40: 330338000 | V40: 22199000 | W40: -270773000 | X40: -293898000 | Y40: 906532000 | Z40: 574844000 | AA40: -1310333000 | AB40: 1435429000 | AC40: 781255000 | AD40: 252525000 | AE40: -294107000 | AF40: 427755000 | AG40: 285973000 | AH40: 69958000 | AI40: 551653000 | AJ40: 88534000 | AK40: 447522000 | AL40: -131921000
A41: Finans Sektörü Faaliyetlerinden Borçlardaki Artış (Azalış)
A42: Çalışanlara Sağlanan Faydalar Kapsamında Borçlardaki Artış (Azalış) | B42: -817242000 | C42: -2.9993757e+09 | D42: 1.154122e+09 | E42: -1.043313e+09 | F42: -2091244000 | G42: 8.1360904e+08 | H42: -10335452 | I42: 2.1764969e+08 | J42: -3.9066535e+08 | L42: 219063000 | M42: 105953000 | N42: 201513000 | O42: -96731000 | P42: 49557000 | Q42: 15655000 | R42: -36927000 | S42: -61147000 | T42: 137519000 | U42: 28708000 | V42: -180810000 | W42: 148824000 | X42: 6445000 | Y42: 1227000 | Z42: -86518000 | AA42: 11059000 | AB42: -559000 | AC42: 66269000 | AD42: -148062000 | AE42: 85140000 | AF42: 1760000 | AG42: 12149000 | AH42: -80230000 | AI42: 82369000 | AJ42: -12967000 | AK42: 25753000 | AL42: -57463000
A43: Müşteri Sözleşmelerinden Doğan Yükümlülüklerdeki Artış (Azalış) İle İlgili Düzeltmeler | V43: 0 | Z43: 0 | AD43: 0
A44: Faaliyetler ile İlgili Diğer Borçlardaki Artış (Azalış) ile İlgili Düzeltmeler | B44: 966661000 | C44: 2.2813607e+08 | D44: 3.5845978e+08 | E44: -3.6244644e+08 | F44: -1297990000 | G44: 1.6003445e+09 | H44: 1.0330981e+09 | I44: 5.7992243e+08 | J44: -5.7995046e+08 | L44: 294424000 | M44: 212363000 | N44: 64316000 | O44: -292677000 | P44: 187090000 | Q44: 16372000 | R44: 34000 | S44: -9716000 | T44: -10257000 | U44: -8979000 | V44: -8942000 | W44: -8397000 | X44: -7408000 | Y44: -41618000 | Z44: 27021000 | AA44: -166579000 | AB44: 104851000 | AC44: 13867000 | AD44: 15188000 | AE44: -1230000 | AF44: 21870000 | AG44: 11714000 | AH44: -28405000 | AI44: -8592000 | AJ44: 75139000 | AK44: -248638000 | AL44: 233663000
A45: Türev Yükümlülüklerdeki Artış (Azalış)
A46: Devlet Teşvik ve Yardımlarındaki Artış (Azalış) | B46: 99786000 | C46: 2.2840573e+08 | D46: 2.381939e+08 | E46: -25786323 | F46: 69310000 | G46: 1.1137547e+08 | H46: 66779121 | I46: 1.0933446e+08 | J46: 67445767 | L46: 288000 | M46: 3573000 | N46: 598000 | O46: 16449000 | P46: 13384000 | Q46: 4711000 | R46: 16760000 | S46: 17503000 | T46: 6831000 | U46: 4930000 | V46: 24136000 | W46: 2214000 | X46: 3452000 | Y46: 5287000 | Z46: 23723000 | AA46: 9102000 | AB46: 33902000 | AC46: 4406000 | AD46: 2393000 | AE46: 33553000 | AF46: 9569000 | AG46: 10000000 | AH46: 28627000 | AI46: 118697000 | AJ46: 1692000 | AK46: 43176000 | AL46: 19401000
A47: Ertelenmiş Gelirlerdeki Artış (Azalış)
A48: İşletme Sermayesinde Gerçekleşen Diğer Artış (Azalış) ile İlgili Düzeltmeler | B48: 1039501000 | C48: -1.0307482e+09 | D48: -6.7213196e+09 | E48: 1.0616665e+09 | F48: -369051000 | G48: -2.8881845e+09 | H48: -1.2235042e+09 | I48: -1.6005817e+09 | J48: -2.8653216e+09 | L48: -340340000 | M48: 192080000 | N48: -175266000 | O48: 128890000 | P48: -480573000 | Q48: 182174000 | R48: -324527000 | S48: -633795000 | T48: 66873000 | U48: 517796000 | V48: -64809000 | W48: 41013000 | X48: -41629000 | Y48: 80798000 | Z48: 24419000 | AA48: 39739000 | AB48: -185183000 | AC48: -135563000 | AD48: 64959000 | AE48: -89788000 | AF48: 26319000 | AG48: 27106000 | AH48: -80741000 | AI48: -52447000 | AJ48: 92848000 | AK48: 256723000 | AL48: -229872000
A49: Faaliyetlerden Elde Edilen Nakit Akışları | B49: -9561763000 | C49: 2.9319301e+10 | D49: -1.5067163e+09 | E49: -1.9305424e+10 | F49: 8316232000 | G49: -1.1875266e+10 | H49: 2.2581842e+10 | I49: -4.1513791e+09 | J49: -5.7931021e+09 | L49: 3565307000 | M49: -3029951000 | N49: -824773000 | O49: 771879000 | P49: 878553000 | Q49: -542949000 | R49: -1681309000 | S49: 1309461000 | T49: 2322468000 | U49: 2166593000 | V49: 789829000 | W49: 1240800000 | X49: 764780000 | Y49: 632247000 | Z49: 687364000 | AA49: 1267196000 | AB49: 374621000 | AC49: 104506000 | AD49: 40396000 | AE49: 909069000 | AF49: 277212000 | AG49: -40138000 | AH49: -392336000 | AI49: 901284000 | AJ49: 516185000 | AK49: 422712000 | AL49: 362085000
A50: Ödenen Temettüler
A51: Alınan Temettüler
A52: Ödenen Faiz
A53: Alınan Faiz
A54: Vergi İadeleri (Ödemeleri) | B54: -96201000 | C54: -3.2997195e+08 | D54: -1.847814e+08 | E54: -4.2221377e+08 | F54: -48722000 | G54: -3.7971401e+08 | H54: -1.4713178e+08 | I54: -2.685972e+08 | J54: -4.9586732e+08 | L54: -75931000 | M54: -180607000 | N54: -216371000 | O54: -191436000 | P54: -205843000 | Q54: -58516000 | R54: -42928000 | S54: -54663000 | T54: -61352000 | U54: -31076000 | V54: -20355000 | W54: -30570000 | X54: -52786000 | Y54: -55646000 | Z54: -11309000 | AA54: -16549000 | AB54: -33055000 | AC54: -30003000 | AD54: -26203000 | AE54: -59297000 | AF54: -9658000 | AG54: -77056000 | AH54: -17928000 | AI54: -44877000 | AJ54: -71636000 | AK54: -7562000 | AL54: -10914000
A55: Katılım (Kar) Payı ve Diğer Finansal Araçlardan Nakit Çıkışları
A56: Katılım (Kar) Payı ve Diğer Finansal Araçlardan Nakit Girişleri
A57: Kira Ödemeleri
A58: Alınan Kira
A59: Başka İşletmelerin veya Fonların Paylarının veya Borçlanma Araçlarının Edinimi İçin Yapılan Nakit Çıkışları
A60: Başka İşletmelerin veya Fonların Paylarının veya Borçlanma Araçlarının Satılması Sonucu Elde Edilen Nakit Girişleri
A61: İştirakler, İş Ortaklıkları ve/veya Müşterek Faaliyetlerin Sermaye Artırımına Katılımdan Kaynaklanan Nakit Çıkışları
A62: Çalışanlara Sağlanan Faydalara İlişkin Karşılıklar Kapsamında Yapılan Ödemeler
A63: Diğer Karşılıklara İlişkin Ödemeler
A64: Vergi İadeleri (Ödemeleri) | B64: -96201000 | C64: -3.2997195e+08 | D64: -1.847814e+08 | E64: -4.2221377e+08 | F64: -48722000 | G64: -3.7971401e+08 | H64: -1.4713178e+08 | I64: -2.685972e+08 | J64: -4.9586732e+08 | L64: -75931000 | M64: -180607000 | N64: -216371000 | O64: -191436000 | P64: -205843000 | Q64: -58516000 | R64: -42928000 | S64: -54663000 | T64: -61352000 | U64: -31076000 | V64: -20355000 | W64: -30570000 | X64: -52786000 | Y64: -55646000 | Z64: -11309000 | AA64: -16549000 | AB64: -33055000 | AC64: -30003000 | AD64: -26203000 | AE64: -59297000 | AF64: -9658000 | AG64: -77056000 | AH64: -17928000 | AI64: -44877000 | AJ64: -71636000 | AK64: -7562000 | AL64: -10914000
A65: Diğer Nakit Girişleri (Çıkışları)
A66: Durdurulan Faaliyetlere İlişkin Net Nakit Akışları
A68: Yatırım Faaliyetlerinden Kaynaklanan Nakit Akışları | B68: -3688068000 | C68: -9.0985509e+09 | D68: -5.7942063e+09 | E68: 3.1824186e+09 | F68: -4489264000 | G68: -7.3474174e+09 | H68: -4.9028234e+09 | I68: -3.6915499e+09 | J68: -5.4466769e+09 | L68: -409393000 | M68: -1060357000 | N68: -730569000 | O68: -790274000 | P68: 668165000 | Q68: -3839429000 | R68: -422060000 | S68: -628527000 | T68: -383765000 | U68: -35534000 | V68: -273934000 | W68: -498255000 | X68: -314248000 | Y68: -726057000 | Z68: -373568000 | AA68: -565896000 | AB68: -508791000 | AC68: -476367000 | AD68: -230672000 | AE68: -430718000 | AF68: -305911000 | AG68: -218214000 | AH68: -115104000 | AI68: -1139818000 | AJ68: -144645000 | AK68: 415448000 | AL68: -129161000
A69: Bağlı Ortaklıkların Kontrolünün Kaybı Sonucunu Doğuracak Satışlara İlişkin Nakit Girişleri | B69: 10821000 | F69: 0 | S69: 0 | T69: 0 | W69: 0 | X69: 0
A70: Bağlı Ortaklıkların Kontrolünün Kaybı Sonucunu Doğurmayan Satışlara İlişkin Nakit Girişleri
A71: Bağlı Ortaklıkların Kontrolünün Elde Edilmesine Yönelik Alışlara İlişkin Nakit Çıkışları | C71: 2.9290643e+08 | D71: 71597338 | G71: 3.0124719e+08 | H71: -36463852 | I71: -2.6429676e+08 | J71: -2.038291e+09 | L71: 1352972000 | M71: 0 | N71: 0 | O71: -80205000 | P71: -1694313000 | S71: 0 | T71: 0 | W71: 0 | X71: 0 | Y71: -406321000 | Z71: 0 | AA71: 0 | AB71: 0 | AH71: 0 | AI71: -745608000 | AJ71: 0
A72: Bağlı Ortaklıklarda İlave Pay Alımlarına ilişkin Nakit Çıkışları
A73: İştiraklerin ve/veya İş Ortaklıklarının Pay Satışı veya Sermaye Azaltımı Sebebiyle Oluşan Nakit Girişleri
A74: İştiraklar ve/veya İş Ortaklıkları Pay Alımı veya Sermaye Artırımı Sebebiyle Oluşan Nakit Çıkışları | B74: -442231000 | C74: -841.1818 | D74: -171.5253 | E74: 2250433.1 | F74: -581403000 | G74: 0 | H74: 0 | I74: 0 | J74: 0 | M74: 0 | N74: -26725000 | O74: -102620000 | P74: 0 | Q74: 0 | R74: -38220000 | S74: 0 | T74: 0 | U74: -35228000 | V74: 0 | W74: -55206000 | X74: 0 | Y74: -58943000 | Z74: -53537000 | AA74: 0 | AB74: 0 | AC74: -29854000 | AD74: -27383000
A75: İştirakler ve/veya İş Ortaklıkları Sermaye Avansı Ödemelerinden Nakit Çıkışları
A76: Başka İşletmelerin veya Fonların Paylarının veya Borçlanma Araçlarının Satılması Sonucu Elde Edilen Nakit Girişleri | B76: 0 | C76: -83440.727 | D76: 307.10855 | E76: 831664.88 | F76: 24031000 | H76: 0 | I76: 0 | J76: 0 | AH76: 0 | AI76: 0 | AJ76: 0
A77: Başka İşletmelerin veya Fonların Paylarının veya Borçlanma Araçlarının Edinimi İçin Yapılan Nakit Çıkışları | B77: -5533000 | C77: -1.6880774e+08 | D77: -4592068.2 | E77: -8214216.3 | F77: -3254000 | G77: -5609305.2 | H77: -6536260.8 | I77: -6494664.2 | J77: 0 | L77: -1794000 | O77: 0 | P77: 0
A78: Maddi ve Maddi Olmayan Duran Varlıkların Satışından Kaynaklanan Nakit Girişleri | B78: 40338000 | C78: 4.2188896e+08 | D78: 2.4511889e+08 | E78: -2880193.1 | F78: 78774000 | G78: 8.4521329e+08 | H78: 16446379 | I78: 1823871.8 | J78: 1.632843e+08 | L78: 40047000 | M78: 116435000 | N78: 63512000 | O78: 41969000 | P78: 6258000 | Q78: 10089000 | R78: 11928000 | S78: 159553000 | T78: -20653000 | U78: 4879000 | V78: 29134000 | W78: 37798000 | X78: -2824000 | Y78: 1359000 | Z78: 5150000 | AA78: 27598000 | AB78: 2421000 | AC78: 4232000 | AD78: 3256000 | AE78: 1933000 | AF78: 2850000 | AG78: 12861000 | AH78: 1086000 | AI78: -2092000 | AJ78: 4891000 | AK78: 2628000 | AL78: 1580000
A79: Maddi ve Maddi Olmayan Duran Varlıkların Alımından Kaynaklanan Nakit Çıkışları | B79: -3291463000 | C79: -9.6447989e+09 | D79: -6.1094466e+09 | E79: -6.3667877e+09 | F79: -4069549000 | G79: -8.488748e+09 | H79: -4.8762697e+09 | I79: -3.4225822e+09 | J79: -3.6106473e+09 | L79: -1800618000 | M79: -1166576000 | N79: -822887000 | O79: -976482000 | P79: -629879000 | Q79: -513098000 | R79: -395885000 | S79: -788173000 | T79: -363112000 | U79: -280963000 | V79: -303068000 | W79: -480847000 | X79: -311424000 | Y79: -262152000 | Z79: -325181000 | AA79: -720297000 | AB79: -448092000 | AC79: -396107000 | AD79: -232809000 | AE79: -404266000 | AF79: -239415000 | AG79: -214261000 | AH79: -129275000 | AI79: -392118000 | AJ79: -149536000 | AK79: -145821000 | AL79: -143491000
A80: Yatırım Amaçlı Gayrimenkul Satımından Kaynaklanan Nakit Girişleri
A81: Yatırım Amaçlı Gayrimenkul Alımından Kaynaklanan Nakit Çıkışları
A82: Satış Amacıyla Elde Tutulan Duran Varlık Satışlarından Kaynaklanan Nakit Girişleri
A83: Satış Amacıyla Elde Tutulan Duran Varlık Alımlarından Nakit Çıkışları
A84: Canlı Varlık Satışından Kaynaklanan Nakit Girişleri
A85: Canlı Varlık Alımından Kaynaklanan Nakit Çıkışları
A86: Diğer Uzun Vadeli Varlıkların Satışından Kaynaklanan Nakit Girişleri
A87: Diğer Uzun Vadeli Varlık Alımından Kaynaklanan Nakit Çıkışları
A88: Verilen Nakit Avans ve Borçlar | V88: 0 | Z88: 0 | AA88: 126803000 | AB88: -63120000 | AC88: -54639000 | AD88: 0 | AE88: -9383000 | AF88: -69346000 | AG88: -16907000 | AH88: 0 | AI88: 0 | AJ88: 0 | AK88: 0 | AL88: 0
A89: Verilen Nakit Avans ve Borçlardan Geri Ödemeler | V89: 0 | Z89: 0 | AD89: 0 | AH89: 0 | AI89: 0 | AJ89: 0 | AK89: 0 | AL89: 0
A90: Türev Araçlardan Nakit Girişleri
A91: Türev Araçlardan Nakit Çıkışları
A92: Devlet Teşviklerinden Elde Edilen Nakit Girişleri
A93: Alınan Temettüler | B93: 0 | C93: 344619.95 | D93: 3115965.6 | E93: -1549860.4 | F93: 62137000 | G93: 479420.49 | H93: 78.046734 | I93: -141.1353 | J93: 38977044 | L93: 0 | M93: 0 | N93: 55531000 | O93: 225000 | P93: 0 | Q93: 11165000 | R93: 117000 | S93: 93000 | T93: 0 | Z93: 0 | AA93: 0 | AB93: 0 | AC93: 1000 | AD93: 26264000 | AE93: 0 | AF93: 0 | AG93: 93000 | AH93: 13085000 | AI93: 0 | AJ93: 0 | AK93: 59000 | AL93: 12750000
A94: Ödenen Faiz
A95: Alınan Faiz
A96: Katılım (Kar) Payı ve Diğer Finansal Araçlardan Nakit Çıkışları
A97: Katılım (Kar) Payı ve Diğer Finansal Araçlardan Nakit Girişleri
A98: Vergi İadeleri (Ödemeleri)
A99: Diğer Nakit Girişleri (Çıkışları)
A100: Durdurulan Faaliyetlere İlişkin Net Nakit Akışları
A102: Finansman Faaliyetlerinden Nakit Akışları | B102: 2432903000 | C102: -1.3225245e+08 | D102: 3.371066e+09 | E102: 3.1854025e+09 | F102: -5259775000 | G102: 2.6844211e+10 | H102: 1.118933e+10 | I102: -1.0738202e+10 | J102: 1.9574015e+10 | L102: 1622816000 | M102: 928245000 | N102: 1135822000 | O102: 4593156000 | P102: -3696194000 | Q102: 4470803000 | R102: -565407000 | S102: 378143000 | T102: -696834000 | U102: -1048792000 | V102: 60122000 | W102: 517324000 | X102: -630682000 | Y102: -622383000 | Z102: 575090000 | AA102: 895482000 | AB102: 888138000 | AC102: 547379000 | AD102: 71331000 | AE102: 20706000 | AF102: -41317000 | AG102: -480237000 | AH102: 867386000 | AI102: -200186000 | AJ102: -140190000 | AK102: -853970000 | AL102: 83695000
A103: Bağlı Ortaklıklardaki Kontrolün Kaybına Yol Açmayan Şekilde Ortaklık Payları Değişmelerinden Kaynaklanan Nakit Girişleri
...

Sheet Nakit Akış (Yıllıklan.)
A1: Kalem | B1: 2025/3 | C1: 2024/12 | D1: 2024/9 | E1: 2024/6 | F1: 2024/3 | G1: 2023/12 | H1: 2023/9 | I1: 2023/6 | J1: 2023/3 | K1: 2022/12 | L1: 2022/9 | M1: 2022/6 | N1: 2022/3 | O1: 2021/12 | P1: 2021/9 | Q1: 2021/6 | R1: 2021/3 | S1: 2020/12 | T1: 2020/9 | U1: 2020/6 | V1: 2020/3 | W1: 2019/12 | X1: 2019/9 | Y1: 2019/6 | Z1: 2019/3 | AA1: 2018/12 | AB1: 2018/9 | AC1: 2018/6 | AD1: 2018/3 | AE1: 2017/12 | AF1: 2017/9 | AG1: 2017/6 | AH1: 2017/3 | AI1: 2016/12 | AJ1: 2016/9 | AK1: 2016/6 | AL1: 2016/3
A3: İşletme Faaliyetlerinden Nakit Akışları | B3: -2.087771e+09 | C3: 1.5837703e+10 | D3: -2.5406606e+10 | E3: -1.2803981e+09 | F3: 1.4027264e+10 | G3: -5.292159e+08 | K3: -4.6039043e+09 | L3: -181883000 | M3: -2998549000 | N3: -389456000 | O3: -1072549000 | P3: -398194000 | Q3: 1190212000 | R3: 3927194000 | S3: 6420905000 | T3: 6376337000 | U3: 4827215000 | V3: 3268299000 | W3: 3174880000 | X3: 3215297000 | Y3: 2844869000 | Z3: 2342771000 | AA3: 1680909000 | AB3: 1280034000 | AC3: 1206022000 | AD3: 1014325000 | AE3: 589868000 | AF3: 596503000 | AG3: 773498000 | AH3: 1305842000 | AI3: 2067277000
A4: Dönem Karı (Zararı) | B4: -7.0041782e+09 | C4: -2.4294022e+09 | D4: 9.605064e+09 | E4: 1.7887696e+10 | F4: 2.3266672e+10 | G4: 2.2625236e+10 | K4: 1.1136495e+10 | L4: 2952154000 | M4: 3174073000 | N4: 3375179000 | O4: 3251009000 | P4: 3527939000 | Q4: 3852328000 | R4: 3719736000 | S4: 2878989000 | T4: 1951120000 | U4: 1162945000 | V4: 986377000 | W4: 953026000 | X4: 992028000 | Y4: 991753000 | Z4: 904348000 | AA4: 855841000 | AB4: 665012000 | AC4: 669794000 | AD4: 782151000 | AE4: 845303000 | AF4: 985588000 | AG4: 992176000 | AH4: 1388284000 | AI4: 1304150000
A5: Dönem Net Karı (Zararı) Mutabakatı İle İlgili Düzeltmeler | B5: 1.3009489e+10 | C5: 9.9378798e+09 | D5: -1.4102469e+10 | E5: -1.9013778e+10 | F5: -4.8147854e+09 | G5: -1.0159054e+10 | K5: -1.7768458e+10 | L5: 14692355000 | M5: 13081291000 | N5: 10992286000 | O5: 9343881000 | P5: 5124754000 | Q5: 5467250000 | R5: 4789914000 | S5: 4075683000 | T5: 3999243000 | U5: 2858165000 | V5: 3043448000 | W5: 3155164000 | X5: 2384387000 | Y5: 3232253000 | Z5: 3070720000 | AA5: 2749216000 | AB5: 3448392000 | AC5: 2236147000 | AD5: 1829995000 | AE5: 1694269000 | AF5: 1482165000 | AG5: 1371645000 | AH5: 837005000 | AI5: 645072000
A6: Amortisman ve İtfa Gideri İle İlgili Düzeltmeler | B6: 1.9402875e+10 | C6: 1.8215385e+10 | D6: 1.671655e+10 | E6: 1.5166533e+10 | F6: 1.3823959e+10 | G6: 1.3848859e+10 | K6: 1.2812407e+10 | L6: 3031335000 | M6: 2612428000 | N6: 2211848000 | O6: 1845682000 | P6: 1512073000 | Q6: 1369389000 | R6: 1285623000 | S6: 1221994000 | T6: 1175195000 | U6: 1126183000 | V6: 1087192000 | W6: 1054934000 | X6: 971580000 | Y6: 886922000 | Z6: 789941000 | AA6: 690414000 | AB6: 639801000 | AC6: 592105000 | AD6: 566048000 | AE6: 548187000 | AF6: 525939000 | AG6: 497879000 | AH6: 472980000 | AI6: 438682000
A7: Değer Düşüklüğü (İptali) İle İlgili Düzeltmeler | B7: -1.6371339e+08 | C7: -3.1387039e+08 | D7: -1.2862175e+08 | E7: -1.418286e+08 | F7: 2.2279446e+08 | G7: 4.9300635e+08 | K7: 2.6978005e+08 | L7: 21261000 | M7: 10690000 | N7: -7420000 | O7: 1493000 | P7: 149091000 | Q7: 194628000 | R7: 199452000 | S7: 182697000 | T7: 132686000 | U7: 80238000 | V7: 89153000 | W7: 88801000 | X7: 88366000 | Y7: 88310000 | Z7: 67567000 | AA7: 65656000 | AB7: 63075000 | AC7: 55498000 | AD7: 52218000 | AE7: 41995000 | AF7: 29645000 | AG7: 30864000 | AH7: 50849000 | AI7: 49515000
A8: Karşılıklar İle İlgili Düzeltmeler | B8: 1.7853312e+10 | C8: 1.9146672e+10 | D8: 4.6087816e+09 | E8: 2.3305515e+09 | F8: 6.9378734e+09 | G8: 6.2506571e+09 | K8: 4.3625862e+09 | L8: 5271400000 | M8: 4831830000 | N8: 4182141000 | O8: 3818561000 | P8: 1598319000 | Q8: 1796939000 | R8: 1433200000 | S8: 856376000 | T8: 803320000 | U8: 68838000 | V8: 139017000 | W8: 383637000 | X8: 211881000 | Y8: 490403000 | Z8: 430261000 | AA8: 289387000 | AB8: 555651000 | AC8: 278339000 | AD8: 238498000 | AE8: 304873000 | AF8: 272548000 | AG8: 299256000 | AH8: 257166000 | AI8: 161814000
A9: Kar Payı (Geliri) Gideri ile İlgili Düzeltmeler | C9: -2890248.3 | D9: -3034360.7 | G9: -479873.66 | K9: -1220407.8 | L9: -381000 | M9: -381000 | N9: -381000 | O9: -342000 | S9: -93000 | AA9: -94000 | AB9: -94000 | AC9: -94000 | AD9: -187000 | AE9: -93000 | AF9: -93000 | AG9: -93000 | AI9: -59000
A10: Katılım (Kar) Payı ve Diğer Finansal Araçlardan (Gelirler) Giderler ile İlgili Düzeltmeler
A11: Pazarlıklı Satın Alım Sonucu Oluşan Kazanç ile İlgili Düzeltmeler | C11: -1.8736022e+10 | K11: -4.2538269e+09 | O11: -234997000 | S11: 0
A12: Faiz (Gelirleri) ve Giderleri İle İlgili Düzeltmeler | B12: 1.56939e+10 | C12: 1.4390683e+10 | D12: 1.1585032e+10 | E12: 9.8082399e+09 | F12: 9.4290172e+09 | G12: 9.6312724e+09 | K12: 1.1515015e+10 | L12: 3047780000 | M12: 2523742000 | N12: 2021533000 | O12: 1599916000 | P12: 1266218000 | Q12: 1067352000 | R12: 1003993000 | S12: 1110323000 | T12: 1277008000 | U12: 1351145000 | V12: 1406389000 | W12: 1410618000 | X12: 1329009000 | Y12: 1273606000 | Z12: 1117934000 | AA12: 947585000 | AB12: 812941000 | AC12: 682024000 | AD12: 606638000 | AE12: 544336000 | AF12: 498484000 | AG12: 450470000 | AH12: 425790000 | AI12: 412636000
A13: Devlet Teşviklerinden Elde Edilen Gelirler ile İlgili Düzeltmeler | B13: -8.1011486e+08 | C13: -8.4706286e+08 | D13: -7.3531241e+08 | E13: -5.5532354e+08 | F13: -5.9589939e+08 | G13: -5.9240734e+08 | K13: -3.6740791e+08 | L13: -110682000 | M13: -116344000 | N13: -83016000 | O13: -90990000 | P13: -110015000 | Q13: -104907000 | R13: -117225000 | S13: -109988000 | T13: -103101000 | U13: -89552000 | V13: -72473000 | W13: -72940000 | X13: -59969000 | Y13: -71296000 | Z13: -85535000 | AA13: -77722000 | AB13: -69259000 | AC13: -63896000 | AD13: -37236000 | AE13: -67314000 | AF13: -102267000 | AG13: -140190000 | AH13: -186841000 | AI13: -198860000
A14: Takas İşlemlerinden Kaynaklanan Kayıplar (Kazançlar) ile İlgili Düzeltmeler
A15: Gerçekleşmemiş Yabancı Para Çevrim Farkları İle İlgili Düzeltmeler | B15: -1.008324e+09 | C15: 1.098356e+09 | D15: 6.7496206e+08 | E15: 8.6415652e+08 | F15: 1.0447646e+10 | G15: 8.5107025e+09 | K15: 7.1248426e+09 | L15: 3508031000 | M15: 2916997000 | N15: 2276581000 | O15: 1639073000 | P15: 45311000 | Q15: 25472000 | R15: -17827000 | S15: 89246000 | T15: 129051000 | U15: 102982000 | V15: 99455000 | W15: 145042000 | X15: -335342000 | Y15: 728565000 | Z15: 1027711000 | AA15: 1021151000 | AB15: 1535372000 | AC15: 574539000 | AD15: 202099000 | AE15: 208648000 | AF15: 400574000 | AG15: 379023000 | AH15: 463443000 | AI15: 359602000
A16: Pay Bazlı Ödemeler İle İlgili Düzeltmeler
A17: Hibe Krediler ile İlgili Düzeltmeler
A18: Gerçeğe Uygun Değer Kayıpları (Kazançları) İle İlgili Düzeltmeler | B18: 4.4905902e+09 | C18: 4.3722522e+09 | D18: 3.4751666e+09 | E18: 2.9565074e+09 | F18: -5.1473912e+09 | G18: -5.9494671e+09 | K18: 4.8942962e+08 | L18: 230228000 | M18: 267679000 | N18: 228121000 | O18: 436011000 | P18: 129185000 | Q18: 416290000 | R18: 488378000 | S18: 364222000 | T18: 397293000 | U18: 232825000 | V18: 114278000 | W18: -14769000 | X18: 66996000 | Y18: -356374000 | Z18: -420430000 | AA18: -278752000 | AB18: -207229000 | AC18: 110166000 | AD18: 268005000 | AE18: 168195000 | AF18: 61660000 | AG18: 36742000 | AH18: -93981000 | AI18: -35782000
A19: Özkaynak Yöntemiyle Değerlenen Yatırımların Dağıtılmamış Karları ile İlgili Düzeltmeler | B19: 1.5695051e+08 | C19: 1.9378751e+08 | D19: 4.0884012e+08 | E19: 8.2512777e+08 | F19: 6.2016873e+08 | G19: 7.6501327e+08 | K19: 1.1761951e+09 | L19: 86138000 | M19: 53280000 | N19: 57805000 | O19: 44514000 | P19: 17354000 | Q19: -3165000 | R19: -38233000 | S19: -41226000 | T19: -43343000 | U19: -29327000 | V19: -13609000 | W19: -21041000 | X19: -21133000 | Y19: 5680000 | Z19: -16503000 | AA19: -12226000 | AB19: -17327000 | AC19: -47553000 | AD19: -35915000 | AE19: -39090000 | AF19: -44164000 | AG19: -41495000 | AH19: -42056000 | AI19: -34857000
A20: Vergi (Geliri) Gideri İle İlgili Düzeltmeler | B20: 6.3052724e+08 | C20: 6.5693824e+08 | D20: -7.4999249e+09 | E20: -2.6641562e+09 | F20: -1.2751763e+09 | G20: -1.9656065e+09 | K20: 3.6705831e+08 | L20: 8934000 | M20: 326101000 | N20: 404627000 | O20: 371605000 | P20: 499026000 | Q20: 689233000 | R20: 764021000 | S20: 618916000 | T20: 450241000 | U20: 222927000 | V20: 175365000 | W20: 161154000 | X20: 110260000 | Y20: 172833000 | Z20: 148079000 | AA20: 93565000 | AB20: 126408000 | AC20: 48230000 | AD20: -39999000 | AE20: -24406000 | AF20: -168703000 | AG20: -150466000 | AH20: -104493000 | AI20: -102469000
A21: Nakit Dışı Kalemlere İlişkin Diğer Düzeltmeler
A22: Duran Varlıkların Elden Çıkarılmasından Kaynaklanan Kayıplar (Kazançlar) İle İlgili Düzeltmeler | B22: 1.3760323e+08 | C22: 1.5961523e+08 | D22: 2.1284744e+08 | E22: 1.9249521e+08 | F22: 83894631 | G22: 82595503 | K22: 2.0303582e+08 | L22: -9352000 | M22: -3326000 | N22: 891000 | O22: -15310000 | P22: 21000 | Q22: 1366000 | R22: 2272000 | S22: 1705000 | T22: -2197000 | U22: -3461000 | V22: -3179000 | W22: -2580000 | X22: -2856000 | Y22: -2803000 | Z22: -5981000 | AA22: -6389000 | AB22: -3125000 | AC22: -3730000 | AD22: -602000 | AE22: -845000 | AF22: -1327000 | AG22: -1054000 | AH22: -2275000 | AI22: -2531000
A23: Satış Amaçlı veya Ortaklara Dağıtılmak Üzere Elde Tutulan Duran Varlıkların Elden Çıkarılmasından Kaynaklanan Kayıplar (Kazançlar) ile İlgili Düzeltmeler
A24: İştirak, İş ortaklığı ve Finansal Yatırımların Elden Çıkarılmasından veya Paylarındaki Değişim Sebebi ile Oluşan Kayıplar (Kazançlar) ile İlgili Düzeltmeler | B24: 8068337.4 | C24: -14488663 | D24: -22557618 | E24: -22556792 | F24: -22557000 | G24: 0 | O24: -930000 | S24: 0 | T24: -226498000 | U24: -222178000 | W24: 4320000 | X24: 4320000 | AA24: 0 | AI24: -413739000
A25: Bağlı Ortaklıkların veya Müşterek Faaliyetlerin Elden Çıkarılmasından Kaynaklanan Kayıplar (Kazançlar) ile İlgili Düzeltmeler | O25: -55682000 | S25: -226498000
A26: Yatırım ya da Finansman Faaliyetlerinden Kaynaklanan Nakit Akışlarına Neden Olan Diğer Kalemlere İlişkin Düzeltmeler
A27: Kar (Zarar) Mutabakatı İle İlgili Diğer Düzeltmeler | B27: 3.2674967e+09 | C27: 2.7361637e+09 | D27: 1.4883925e+09 | E27: 71264679 | F27: 1.215843e+10 | G27: 1.0988997e+08 | K27: -5.1466353e+10 | L27: -100728000 | M27: -49796000 | N27: -8835000 | O27: -14723000 | P27: 18381000 | Q27: 14863000 | R27: 12968000 | S27: 8009000 | T27: 9588000 | U27: 17545000 | V27: 17540000 | W27: 17988000 | X27: 21275000 | Y27: 16407000 | Z27: 17676000 | AA27: 16641000 | AB27: 12178000 | AC27: 10519000 | AD27: 10428000 | AE27: 9783000 | AF27: 9869000 | AG27: 10709000 | AH27: 10221000 | AI27: 11120000
A28: İşletme Sermayesinde Gerçekleşen Değişimler | B28: -7.0599134e+09 | C28: 9.3149146e+09 | D28: -1.987377e+10 | E28: 8.4346575e+08 | F28: -3.5804586e+09 | G28: -1.1704088e+10 | K28: 4.3476934e+09 | L28: -17162047000 | M28: -18459656000 | N28: -14084755000 | O28: -13168716000 | P28: -8688937000 | Q28: -7911907000 | R28: -4392437000 | S28: -366321000 | T28: 569327000 | U28: 940892000 | V28: -602169000 | W28: -782999000 | X28: -24828000 | Y28: -1262578000 | Z28: -1541381000 | AA28: -1818338000 | AB28: -2684812000 | AC28: -1574758000 | AD28: -1425607000 | AE28: -1785765000 | AF28: -1721731000 | AG28: -1378826000 | AH28: -777444000 | AI28: 253044000
A29: Finansal Yatırımlardaki Azalış (Artış)
A30: Türkiye Cumhuriyet Merkez Bankası Hesabındaki Azalış (Artış)
A31: Ticari Alacaklardaki Azalış (Artış) ile İlgili Düzeltmeler | B31: 1.673786e+10 | C31: 3.2444143e+10 | D31: 6.8113912e+09 | E31: 4.9619209e+09 | F31: -9.4644455e+09 | G31: -1.6323866e+10 | K31: 1.2310748e+10 | L31: -14668125000 | M31: -15845776000 | N31: -12161255000 | O31: -10244163000 | P31: -5692025000 | Q31: -8092924000 | R31: -6729028000 | S31: -2781751000 | T31: -2475376000 | U31: 571945000 | V31: -703859000 | W31: -1548013000 | X31: -76569000 | Y31: -1427456000 | Z31: -1497575000 | AA31: -1283364000 | AB31: -2466402000 | AC31: -1524825000 | AD31: -1117899000 | AE31: -1226705000 | AF31: -1700078000 | AG31: -1406523000 | AH31: -1193141000 | AI31: -482683000
A32: Finans Sektörü Faaliyetlerinden Alacaklarda Azalış (Artış)
A33: Faaliyetlerle İlgili Diğer Alacaklardaki Azalış (Artış) ile İlgili Düzeltmeler
A34: Müşteri Sözleşmelerinden Doğan Varlıklardaki Azalış (Artış) İle İlgili Düzeltmeler
A35: İmtiyaz Sözleşmelerine İlişkin Finansal Varlıklardaki Azalış (Artış)
A36: Türev Varlıklardaki Azalış (Artış)
A37: Stoklardaki Azalışlar (Artışlar) İle İlgili Düzeltmeler | B37: 4.8514697e+09 | C37: 1.8331533e+10 | D37: 9.1340065e+09 | E37: 1.6869854e+10 | F37: 5.6353214e+09 | G37: 6.3254954e+09 | K37: -2.4351522e+09 | L37: -17698354000 | M37: -15047860000 | N37: -12362672000 | O37: -8778570000 | P37: -5295838000 | Q37: -6542765000 | R37: -4446237000 | S37: -1550665000 | T37: -925212000 | U37: 162318000 | V37: -127312000 | W37: -287696000 | X37: 497719000 | Y37: -1079709000 | Z37: -1169463000 | AA37: -1348338000 | AB37: -2302117000 | AC37: -1241854000 | AD37: -1075080000 | AE37: -1035079000 | AF37: -1433832000 | AG37: -1116521000 | AH37: -893079000 | AI37: -515333000
A38: Canlı Varlıklardaki Azalış (Artış)
A39: Peşin Ödenmiş Giderlerdeki Azalış (Artış) | B39: 2.1717447e+08 | C39: -4.4001553e+08 | D39: -3.4998266e+09 | E39: -3.7085769e+09 | F39: -3.027933e+09 | G39: -1.0771436e+09 | K39: 2.5854213e+08 | L39: -570110000 | M39: -1463832000 | N39: -841788000 | O39: -121529000 | P39: -94462000 | Q39: -181109000 | R39: -184238000 | S39: -286948000 | T39: -87123000 | U39: -37781000 | V39: -94841000 | W39: -42848000 | X39: -211643000 | Y39: -242556000 | Z39: -139494000 | AA39: -75301000 | AB39: 44462000 | AC39: 53843000 | AD39: 12586000 | AE39: -973000 | AF39: -22925000 | AG39: -48859000 | AH39: -61895000 | AI39: -44210000
A40: Ticari Borçlardaki Artış (Azalış) ile İlgili Düzeltmeler | B40: -2.1241118e+10 | C40: -2.8417765e+10 | D40: -2.2927088e+10 | E40: -1.272406e+10 | F40: 8.1560666e+09 | G40: 4.3304107e+09 | K40: -3.0011863e+09 | L40: 15240046000 | M40: 13767293000 | N40: 11445498000 | O40: 6575905000 | P40: 3436833000 | Q40: 7516828000 | R40: 7255460000 | S40: 4427202000 | T40: 3360388000 | U40: -212134000 | V40: 364060000 | W40: 916705000 | X40: -122855000 | Y40: 1606472000 | Z40: 1481195000 | AA40: 1158876000 | AB40: 2175102000 | AC40: 1167428000 | AD40: 672146000 | AE40: 489579000 | AF40: 1335339000 | AG40: 996118000 | AH40: 1157667000 | AI40: 955788000
A41: Finans Sektörü Faaliyetlerinden Borçlardaki Artış (Azalış)
A42: Çalışanlara Sağlanan Faydalar Kapsamında Borçlardaki Artış (Azalış) | B42: -3.7058088e+09 | C42: -4.9798108e+09 | D42: -1.166826e+09 | E42: -2.3312835e+09 | F42: -1.0703207e+09 | G42: 6.3025792e+08 | K42: 2.8954335e+08 | L42: 429798000 | M42: 260292000 | N42: 169994000 | O42: -68446000 | P42: -32862000 | Q42: 55100000 | R42: 68153000 | S42: -75730000 | T42: 134241000 | U42: 3167000 | V42: -24314000 | W42: 69978000 | X42: -67787000 | Y42: -74791000 | Z42: -9749000 | AA42: -71293000 | AB42: 2788000 | AC42: 5107000 | AD42: -49013000 | AE42: 18819000 | AF42: 16048000 | AG42: 1321000 | AH42: 14925000 | AI42: 37692000
A43: Müşteri Sözleşmelerinden Doğan Yükümlülüklerdeki Artış (Azalış) İle İlgili Düzeltmeler
A44: Faaliyetler ile İlgili Diğer Borçlardaki Artış (Azalış) ile İlgili Düzeltmeler | B44: 1.1908104e+09 | C44: -1.0738406e+09 | D44: 2.9836781e+08 | E44: 9.7300617e+08 | F44: 1.915375e+09 | G44: 2.6334146e+09 | K44: -3.7600956e+08 | L44: 278426000 | M44: 171092000 | N44: -24899000 | O44: -89181000 | P44: 193780000 | Q44: -3567000 | R44: -28918000 | S44: -37894000 | T44: -36575000 | U44: -33726000 | V44: -66365000 | W44: -30402000 | X44: -188584000 | Y44: -76325000 | Z44: -20840000 | AA44: -32673000 | AB44: 132676000 | AC44: 49695000 | AD44: 47542000 | AE44: 3949000 | AF44: -3413000 | AG44: 49856000 | AH44: -210496000 | AI44: 51572000
A45: Türev Yükümlülüklerdeki Artış (Azalış)
A46: Devlet Teşvik ve Yardımlarındaki Artış (Azalış) | B46: 5.4059931e+08 | C46: 5.1012331e+08 | D46: 3.9309305e+08 | E46: 2.2167827e+08 | F46: 3.5679904e+08 | G46: 3.5493481e+08 | K46: 2.0854196e+08 | L46: 20908000 | M46: 34004000 | N46: 35142000 | O46: 51304000 | P46: 52358000 | Q46: 45805000 | R46: 46024000 | S46: 53400000 | T46: 38111000 | U46: 34732000 | V46: 35089000 | W46: 34676000 | X46: 41564000 | Y46: 72014000 | Z46: 71133000 | AA46: 49803000 | AB46: 74254000 | AC46: 49921000 | AD46: 55515000 | AE46: 81749000 | AF46: 166893000 | AG46: 159016000 | AH46: 192192000 | AI46: 182966000
A47: Ertelenmiş Gelirlerdeki Artış (Azalış)
A48: İşletme Sermayesinde Gerçekleşen Diğer Artış (Azalış) ile İlgili Düzeltmeler | B48: -5.6509003e+09 | C48: -7.0594523e+09 | D48: -8.9168885e+09 | E48: -3.4190732e+09 | F48: -6.0813214e+09 | G48: -8.577592e+09 | K48: -2.907334e+09 | L48: -194636000 | M48: -334869000 | N48: -344775000 | O48: -494036000 | P48: -1256721000 | Q48: -709275000 | R48: -373653000 | S48: -113935000 | T48: 560873000 | U48: 452371000 | V48: 15373000 | W48: 104601000 | X48: 103327000 | Y48: -40227000 | Z48: -256588000 | AA48: -216048000 | AB48: -345575000 | AC48: -134073000 | AD48: 28596000 | AE48: -117104000 | AF48: -79763000 | AG48: -13234000 | AH48: 216383000 | AI48: 67252000
A49: Faaliyetlerden Elde Edilen Nakit Akışları | B49: -1.0546029e+09 | C49: 1.6823392e+10 | D49: -2.4371175e+10 | E49: -2.8261653e+08 | F49: 1.4871429e+10 | G49: 7.6209441e+08 | K49: -2.2842698e+09 | L49: 482462000 | M49: -2204292000 | N49: 282710000 | O49: -573826000 | P49: -36244000 | Q49: 1407671000 | R49: 4117213000 | S49: 6588351000 | T49: 6519690000 | U49: 4962002000 | V49: 3427656000 | W49: 3325191000 | X49: 3351587000 | Y49: 2961428000 | Z49: 2433687000 | AA49: 1786719000 | AB49: 1428592000 | AC49: 1331183000 | AD49: 1186539000 | AE49: 753807000 | AF49: 746022000 | AG49: 984995000 | AH49: 1447845000 | AI49: 2202266000
A50: Ödenen Temettüler
A51: Alınan Temettüler
A52: Ödenen Faiz
A53: Alınan Faiz
A54: Vergi İadeleri (Ödemeleri) | B54: -1.0331681e+09 | C54: -9.8568912e+08 | D54: -1.0354312e+09 | E54: -9.9778155e+08 | F54: -8.4416498e+08 | G54: -1.2913103e+09 | K54: -2.3196346e+09 | L54: -664345000 | M54: -794257000 | N54: -672166000 | O54: -498723000 | P54: -361950000 | Q54: -217459000 | R54: -190019000 | S54: -167446000 | T54: -143353000 | U54: -134787000 | V54: -159357000 | W54: -150311000 | X54: -136290000 | Y54: -116559000 | Z54: -90916000 | AA54: -105810000 | AB54: -148558000 | AC54: -125161000 | AD54: -172214000 | AE54: -163939000 | AF54: -149519000 | AG54: -211497000 | AH54: -142003000 | AI54: -134989000
A55: Katılım (Kar) Payı ve Diğer Finansal Araçlardan Nakit Çıkışları
A56: Katılım (Kar) Payı ve Diğer Finansal Araçlardan Nakit Girişleri
A57: Kira Ödemeleri
A58: Alınan Kira
A59: Başka İşletmelerin veya Fonların Paylarının veya Borçlanma Araçlarının Edinimi İçin Yapılan Nakit Çıkışları
A60: Başka İşletmelerin veya Fonların Paylarının veya Borçlanma Araçlarının Satılması Sonucu Elde Edilen Nakit Girişleri
A61: İştirakler, İş Ortaklıkları ve/veya Müşterek Faaliyetlerin Sermaye Artırımına Katılımdan Kaynaklanan Nakit Çıkışları
A62: Çalışanlara Sağlanan Faydalara İlişkin Karşılıklar Kapsamında Yapılan Ödemeler
A63: Diğer Karşılıklara İlişkin Ödemeler
A64: Vergi İadeleri (Ödemeleri) | B64: -1.0331681e+09 | C64: -9.8568912e+08 | D64: -1.0354312e+09 | E64: -9.9778155e+08 | F64: -8.4416498e+08 | G64: -1.2913103e+09 | K64: -2.3196346e+09 | L64: -664345000 | M64: -794257000 | N64: -672166000 | O64: -498723000 | P64: -361950000 | Q64: -217459000 | R64: -190019000 | S64: -167446000 | T64: -143353000 | U64: -134787000 | V64: -159357000 | W64: -150311000 | X64: -136290000 | Y64: -116559000 | Z64: -90916000 | AA64: -105810000 | AB64: -148558000 | AC64: -125161000 | AD64: -172214000 | AE64: -163939000 | AF64: -149519000 | AG64: -211497000 | AH64: -142003000 | AI64: -134989000
A65: Diğer Nakit Girişleri (Çıkışları)
A66: Durdurulan Faaliyetlere İlişkin Net Nakit Akışları
A68: Yatırım Faaliyetlerinden Kaynaklanan Nakit Akışları | B68: -1.5398407e+10 | C68: -1.6199603e+10 | D68: -1.4448469e+10 | E68: -1.3557086e+10 | F68: -2.0431055e+10 | G68: -2.1388468e+10 | K68: -1.2386919e+10 | L68: -2990593000 | M68: -1913035000 | N68: -4692107000 | O68: -4383598000 | P68: -4221851000 | Q68: -5273781000 | R68: -1469886000 | S68: -1321760000 | T68: -1191488000 | U68: -1121971000 | V68: -1812494000 | W68: -1912128000 | X68: -1979769000 | Y68: -2174312000 | Z68: -1924622000 | AA68: -1781726000 | AB68: -1646548000 | AC68: -1443668000 | AD68: -1185515000 | AE68: -1069947000 | AF68: -1779047000 | AG68: -1617781000 | AH68: -984119000 | AI68: -998176000
A69: Bağlı Ortaklıkların Kontrolünün Kaybı Sonucunu Doğuracak Satışlara İlişkin Nakit Girişleri | O69: 323703000 | S69: 275778000 | T69: 275778000 | U69: 275778000 | W69: 0
A70: Bağlı Ortaklıkların Kontrolünün Kaybı Sonucunu Doğurmayan Satışlara İlişkin Nakit Girişleri
A71: Bağlı Ortaklıkların Kontrolünün Elde Edilmesine Yönelik Alışlara İlişkin Nakit Çıkışları | C71: 9.9232722e+09 | D71: 9.931613e+09 | E71: 9.8235518e+09 | G71: -2.0378044e+09 | K71: 3.9382593e+09 | L71: 1272767000 | M71: -1774518000 | O71: -2136004000 | P71: -2055799000 | Q71: -361486000 | S71: 0 | T71: 0 | U71: 0 | W71: -406321000 | X71: -406321000 | Y71: -406321000 | AA71: 0 | AI71: -745608000
A72: Bağlı Ortaklıklarda İlave Pay Alımlarına ilişkin Nakit Çıkışları
A73: İştiraklerin ve/veya İş Ortaklıklarının Pay Satışı veya Sermaye Azaltımı Sebebiyle Oluşan Nakit Girişleri | O73: 3136000 | S73: 0
A74: İştiraklar ve/veya İş Ortaklıkları Pay Alımı veya Sermaye Artırımı Sebebiyle Oluşan Nakit Çıkışları | B74: -4.3998158e+08 | C74: -5.7915358e+08 | D74: -5.7915274e+08 | E74: -5.7915257e+08 | F74: -581403000 | G74: 0 | K74: -8.3002829e+08 | M74: -129345000 | N74: -129345000 | O74: -140840000 | P74: -38220000 | Q74: -38220000 | R74: -73448000 | S74: -35228000 | T74: -90434000 | U74: -90434000 | V74: -114149000 | W74: -167686000 | X74: -112480000 | Y74: -112480000 | Z74: -83391000 | AA74: -57237000 | AE74: -19002000
A75: İştirakler ve/veya İş Ortaklıkları Sermaye Avansı Ödemelerinden Nakit Çıkışları
A76: Başka İşletmelerin veya Fonların Paylarının veya Borçlanma Araçlarının Satılması Sonucu Elde Edilen Nakit Girişleri | B76: 748531.27 | C76: 24779531 | AI76: 558582000
A77: Başka İşletmelerin veya Fonların Paylarının veya Borçlanma Araçlarının Edinimi İçin Yapılan Nakit Çıkışları | B77: -1.8714703e+08 | C77: -1.8486803e+08 | D77: -21669590 | E77: -23613782 | F77: -21894230 | G77: -18640230 | K77: -39207191 | L77: -12010000 | M77: -10216000 | O77: 0
A78: Maddi ve Maddi Olmayan Duran Varlıkların Satışından Kaynaklanan Nakit Girişleri | B78: 7.0446566e+08 | C78: 7.4290166e+08 | D78: 1.166226e+09 | E78: 9.3755348e+08 | F78: 9.4225754e+08 | G78: 1.0267678e+09 | K78: 1.3076908e+09 | L78: 261963000 | M78: 228174000 | N78: 121828000 | O78: 70244000 | P78: 187828000 | Q78: 160917000 | R78: 155707000 | S78: 172913000 | T78: 51158000 | U78: 68987000 | V78: 65467000 | W78: 41483000 | X78: 31283000 | Y78: 36528000 | Z78: 39401000 | AA78: 37507000 | AB78: 11842000 | AC78: 12271000 | AD78: 20900000 | AE78: 18730000 | AF78: 14705000 | AG78: 16746000 | AH78: 6513000 | AI78: 7007000
A79: Maddi ve Maddi Olmayan Duran Varlıkların Alımından Kaynaklanan Nakit Çıkışları | B79: -2.5412496e+10 | C79: -2.6190582e+10 | D79: -2.5034531e+10 | E79: -2.3801355e+10 | F79: -2.0857149e+10 | G79: -2.0398247e+10 | K79: -1.6958794e+10 | L79: -4766563000 | M79: -3595824000 | N79: -2942346000 | O79: -2515344000 | P79: -2327035000 | Q79: -2060268000 | R79: -1828133000 | S79: -1735316000 | T79: -1427990000 | U79: -1376302000 | V79: -1357491000 | W79: -1379604000 | X79: -1619054000 | Y79: -1755722000 | Z79: -1889677000 | AA79: -1797305000 | AB79: -1481274000 | AC79: -1272597000 | AD79: -1090751000 | AE79: -987217000 | AF79: -975069000 | AG79: -885190000 | AH79: -816750000 | AI79: -830966000
A80: Yatırım Amaçlı Gayrimenkul Satımından Kaynaklanan Nakit Girişleri
A81: Yatırım Amaçlı Gayrimenkul Alımından Kaynaklanan Nakit Çıkışları
A82: Satış Amacıyla Elde Tutulan Duran Varlık Satışlarından Kaynaklanan Nakit Girişleri
A83: Satış Amacıyla Elde Tutulan Duran Varlık Alımlarından Nakit Çıkışları
A84: Canlı Varlık Satışından Kaynaklanan Nakit Girişleri
A85: Canlı Varlık Alımından Kaynaklanan Nakit Çıkışları
A86: Diğer Uzun Vadeli Varlıkların Satışından Kaynaklanan Nakit Girişleri
A87: Diğer Uzun Vadeli Varlık Alımından Kaynaklanan Nakit Çıkışları
A88: Verilen Nakit Avans ve Borçlar | X88: 126803000 | Z88: 9044000 | AA88: 9044000 | AB88: -127142000 | AC88: -133368000 | AD88: -95636000 | AE88: -95636000 | AF88: -86253000 | AG88: -16907000 | AH88: 0 | AI88: 0
A89: Verilen Nakit Avans ve Borçlardan Geri Ödemeler | AH89: 0 | AI89: 0
A90: Türev Araçlardan Nakit Girişleri
A91: Türev Araçlardan Nakit Çıkışları
A92: Devlet Teşviklerinden Elde Edilen Nakit Girişleri
A93: Alınan Temettüler | B93: 1910725.1 | C93: 64047725 | D93: 64182526 | E93: 61066638 | F93: 62616357 | G93: 39456401 | K93: 1.9516037e+08 | L93: 55756000 | M93: 55756000 | N93: 66921000 | O93: 11507000 | P93: 11375000 | Q93: 11375000 | S93: 93000 | Z93: 1000 | AA93: 26265000 | AB93: 26265000 | AC93: 26265000 | AD93: 26357000 | AE93: 13178000 | AF93: 13178000 | AG93: 13178000 | AH93: 13144000 | AI93: 12809000
A94: Ödenen Faiz
A95: Alınan Faiz
A96: Katılım (Kar) Payı ve Diğer Finansal Araçlardan Nakit Çıkışları
A97: Katılım (Kar) Payı ve Diğer Finansal Araçlardan Nakit Girişleri
A98: Vergi İadeleri (Ödemeleri)
A99: Diğer Nakit Girişleri (Çıkışları)
A100: Durdurulan Faaliyetlere İlişkin Net Nakit Akışları
A102: Finansman Faaliyetlerinden Nakit Akışları | B102: 8.857119e+09 | C102: 1.164441e+09 | D102: 2.8140904e+10 | E102: 3.5959168e+10 | F102: 2.2035564e+10 | G102: 4.6869354e+10 | K102: 1.2067958e+10 | L102: 8280039000 | M102: 2961029000 | N102: 6503587000 | O102: 4802358000 | P102: 587345000 | Q102: 3586705000 | R102: -1932890000 | S102: -1307361000 | T102: -1168180000 | U102: -1102028000 | V102: -675619000 | W102: -160651000 | X102: 217507000 | Y102: 1736327000 | Z102: 2906089000 | AA102: 2402330000 | AB102: 1527554000 | AC102: 598099000 | AD102: -429517000 | AE102: 366538000 | AF102: 145646000 | AG102: 46773000 | AH102: -326960000 | AI102: -1110651000
A103: Bağlı Ortaklıklardaki Kontrolün Kaybına Yol Açmayan Şekilde Ortaklık Payları Değişmelerinden Kaynaklanan Nakit Girişleri
...
