Workbook

Sheet Portföy
A1: Hisse | B1: Sektör | C1: Adet | D1: Maliyet | E1: Toplam Maliyet | F1: Fiyat | G1: Toplam Tutar | H1: Kar/Zarar
A2: ADEL | B2: İMALAT | C2: =SUMIFS(Tablo1[Adet],Tablo1[Hisse],Portföy!A2,Tablo1[İşlem],"ALIŞ")-SUMIFS(Tablo1[Adet],Tablo1[Hisse],Portföy!A2,Tablo1[İşlem],"SATIŞ") -> 985 | D2: =IFERROR((SUMIFS(Tablo1[Toplam],Tablo1[Hisse],Portföy!A2,Tablo1[İşlem],"ALIŞ")-SUMIFS(Tablo1[Toplam],Tablo1[Hisse],Portföy!A2,Tablo1[İşlem],"SATIŞ"))/C2,0) -> 36.942883 | E2: =+D2*C2 -> 36388.74 | F2: =SUMIFS(Tablo2[Son Fiyat],Tablo2[Şirket],Portföy!A2) -> 32 | G2: =+F2*C2 -> 31520 | H2: =+G2-E2+IF(Portföy!C2=0,SUMIFS(Tablo1[Toplam],Tablo1[Hisse],Portföy!A2,Tablo1[İşlem],"SATIŞ")-SUMIFS(Tablo1[Toplam],Tablo1[Hisse],Portföy!A2,Tablo1[İşlem],"ALIŞ"),0) -> -4868.74
A3: ALARK | B3: HOLDİNG | C3: =SUMIFS(Tablo1[Adet],Tablo1[Hisse],Portföy!A3,Tablo1[İşlem],"ALIŞ")-SUMIFS(Tablo1[Adet],Tablo1[Hisse],Portföy!A3,Tablo1[İşlem],"SATIŞ") -> 0 | D3: =IFERROR((SUMIFS(Tablo1[Toplam],Tablo1[Hisse],Portföy!A3,Tablo1[İşlem],"ALIŞ")-SUMIFS(Tablo1[Toplam],Tablo1[Hisse],Portföy!A3,Tablo1[İşlem],"SATIŞ"))/C3,0) -> 0 | E3: =+D3*C3 -> 0 | F3: =SUMIFS(Tablo2[Son Fiyat],Tablo2[Şirket],Portföy!A3) -> 86.05 | G3: =+F3*C3 -> 0 | H3: =+G3-E3+IF(Portföy!C3=0,SUMIFS(Tablo1[Toplam],Tablo1[Hisse],Portföy!A3,Tablo1[İşlem],"SATIŞ")-SUMIFS(Tablo1[Toplam],Tablo1[Hisse],Portföy!A3,Tablo1[İşlem],"ALIŞ"),0) -> -5017
A4: ALCTL | B4: HABERLEŞME | C4: =SUMIFS(Tablo1[Adet],Tablo1[Hisse],Portföy!A4,Tablo1[İşlem],"ALIŞ")-SUMIFS(Tablo1[Adet],Tablo1[Hisse],Portföy!A4,Tablo1[İşlem],"SATIŞ") -> 0 | D4: =IFERROR((SUMIFS(Tablo1[Toplam],Tablo1[Hisse],Portföy!A4,Tablo1[İşlem],"ALIŞ")-SUMIFS(Tablo1[Toplam],Tablo1[Hisse],Portföy!A4,Tablo1[İşlem],"SATIŞ"))/C4,0) -> 0 | E4: =+D4*C4 -> 0 | F4: =SUMIFS(Tablo2[Son Fiyat],Tablo2[Şirket],Portföy!A4) -> 137.7 | G4: =+F4*C4 -> 0 | H4: =+G4-E4+IF(Portföy!C4=0,SUMIFS(Tablo1[Toplam],Tablo1[Hisse],Portföy!A4,Tablo1[İşlem],"SATIŞ")-SUMIFS(Tablo1[Toplam],Tablo1[Hisse],Portföy!A4,Tablo1[İşlem],"ALIŞ"),0) -> 125
A5: ALMAD | B5: TAŞ TOPRAK MADEN | C5: =SUMIFS(Tablo1[Adet],Tablo1[Hisse],Portföy!A5,Tablo1[İşlem],"ALIŞ")-SUMIFS(Tablo1[Adet],Tablo1[Hisse],Portföy!A5,Tablo1[İşlem],"SATIŞ") -> 0 | D5: =IFERROR((SUMIFS(Tablo1[Toplam],Tablo1[Hisse],Portföy!A5,Tablo1[İşlem],"ALIŞ")-SUMIFS(Tablo1[Toplam],Tablo1[Hisse],Portföy!A5,Tablo1[İşlem],"SATIŞ"))/C5,0) -> 0 | E5: =+D5*C5 -> 0 | F5: =SUMIFS(Tablo2[Son Fiyat],Tablo2[Şirket],Portföy!A5) -> 7.52 | G5: =+F5*C5 -> 0 | H5: =+G5-E5+IF(Portföy!C5=0,SUMIFS(Tablo1[Toplam],Tablo1[Hisse],Portföy!A5,Tablo1[İşlem],"SATIŞ")-SUMIFS(Tablo1[Toplam],Tablo1[Hisse],Portföy!A5,Tablo1[İşlem],"ALIŞ"),0) -> 704.5
A6: ARASE | B6: ENERJİ ÜRETİM DAĞ. | C6: =SUMIFS(Tablo1[Adet],Tablo1[Hisse],Portföy!A6,Tablo1[İşlem],"ALIŞ")-SUMIFS(Tablo1[Adet],Tablo1[Hisse],Portföy!A6,Tablo1[İşlem],"SATIŞ") -> 410 | D6: =IFERROR((SUMIFS(Tablo1[Toplam],Tablo1[Hisse],Portföy!A6,Tablo1[İşlem],"ALIŞ")-SUMIFS(Tablo1[Toplam],Tablo1[Hisse],Portföy!A6,Tablo1[İşlem],"SATIŞ"))/C6,0) -> 58.365244 | E6: =+D6*C6 -> 23929.75 | F6: =SUMIFS(Tablo2[Son Fiyat],Tablo2[Şirket],Portföy!A6) -> 49.72 | G6: =+F6*C6 -> 20385.2 | H6: =+G6-E6+IF(Portföy!C6=0,SUMIFS(Tablo1[Toplam],Tablo1[Hisse],Portföy!A6,Tablo1[İşlem],"SATIŞ")-SUMIFS(Tablo1[Toplam],Tablo1[Hisse],Portföy!A6,Tablo1[İşlem],"ALIŞ"),0) -> -3544.55
A7: ARENA | B7: TEKNOLOJİK ÜRÜN T. | C7: =SUMIFS(Tablo1[Adet],Tablo1[Hisse],Portföy!A7,Tablo1[İşlem],"ALIŞ")-SUMIFS(Tablo1[Adet],Tablo1[Hisse],Portföy!A7,Tablo1[İşlem],"SATIŞ") -> 0 | D7: =IFERROR((SUMIFS(Tablo1[Toplam],Tablo1[Hisse],Portföy!A7,Tablo1[İşlem],"ALIŞ")-SUMIFS(Tablo1[Toplam],Tablo1[Hisse],Portföy!A7,Tablo1[İşlem],"SATIŞ"))/C7,0) -> 0 | E7: =+D7*C7 -> 0 | F7: =SUMIFS(Tablo2[Son Fiyat],Tablo2[Şirket],Portföy!A7) -> 35.94 | G7: =+F7*C7 -> 0 | H7: =+G7-E7+IF(Portföy!C7=0,SUMIFS(Tablo1[Toplam],Tablo1[Hisse],Portföy!A7,Tablo1[İşlem],"SATIŞ")-SUMIFS(Tablo1[Toplam],Tablo1[Hisse],Portföy!A7,Tablo1[İşlem],"ALIŞ"),0) -> -2793.6
A8: ASELS | C8: =SUMIFS(Tablo1[Adet],Tablo1[Hisse],Portföy!A8,Tablo1[İşlem],"ALIŞ")-SUMIFS(Tablo1[Adet],Tablo1[Hisse],Portföy!A8,Tablo1[İşlem],"SATIŞ") -> 2 | D8: =IFERROR((SUMIFS(Tablo1[Toplam],Tablo1[Hisse],Portföy!A8,Tablo1[İşlem],"ALIŞ")-SUMIFS(Tablo1[Toplam],Tablo1[Hisse],Portföy!A8,Tablo1[İşlem],"SATIŞ"))/C8,0) -> 75 | E8: =+D8*C8 -> 150 | F8: =SUMIFS(Tablo2[Son Fiyat],Tablo2[Şirket],Portföy!A8) -> 88.7 | G8: =+F8*C8 -> 177.4 | H8: =+G8-E8+IF(Portföy!C8=0,SUMIFS(Tablo1[Toplam],Tablo1[Hisse],Portföy!A8,Tablo1[İşlem],"SATIŞ")-SUMIFS(Tablo1[Toplam],Tablo1[Hisse],Portföy!A8,Tablo1[İşlem],"ALIŞ"),0) -> 27.4
A9: ASTOR | B9: ENERJİ TEK. | C9: =SUMIFS(Tablo1[Adet],Tablo1[Hisse],Portföy!A9,Tablo1[İşlem],"ALIŞ")-SUMIFS(Tablo1[Adet],Tablo1[Hisse],Portföy!A9,Tablo1[İşlem],"SATIŞ") -> 18 | D9: =IFERROR((SUMIFS(Tablo1[Toplam],Tablo1[Hisse],Portföy!A9,Tablo1[İşlem],"ALIŞ")-SUMIFS(Tablo1[Toplam],Tablo1[Hisse],Portföy!A9,Tablo1[İşlem],"SATIŞ"))/C9,0) -> -9.1166667 | E9: =+D9*C9 -> -164.1 | F9: =SUMIFS(Tablo2[Son Fiyat],Tablo2[Şirket],Portföy!A9) -> 117.6 | G9: =+F9*C9 -> 2116.8 | H9: =+G9-E9+IF(Portföy!C9=0,SUMIFS(Tablo1[Toplam],Tablo1[Hisse],Portföy!A9,Tablo1[İşlem],"SATIŞ")-SUMIFS(Tablo1[Toplam],Tablo1[Hisse],Portföy!A9,Tablo1[İşlem],"ALIŞ"),0) -> 2280.9
A10: BAYRK | B10: TEKSTİL | C10: =SUMIFS(Tablo1[Adet],Tablo1[Hisse],Portföy!A10,Tablo1[İşlem],"ALIŞ")-SUMIFS(Tablo1[Adet],Tablo1[Hisse],Portföy!A10,Tablo1[İşlem],"SATIŞ") -> 720 | D10: =IFERROR((SUMIFS(Tablo1[Toplam],Tablo1[Hisse],Portföy!A10,Tablo1[İşlem],"ALIŞ")-SUMIFS(Tablo1[Toplam],Tablo1[Hisse],Portföy!A10,Tablo1[İşlem],"SATIŞ"))/C10,0) -> 18.861042 | E10: =+D10*C10 -> 13579.95 | F10: =SUMIFS(Tablo2[Son Fiyat],Tablo2[Şirket],Portföy!A10) -> 18.35 | G10: =+F10*C10 -> 13212 | H10: =+G10-E10+IF(Portföy!C10=0,SUMIFS(Tablo1[Toplam],Tablo1[Hisse],Portföy!A10,Tablo1[İşlem],"SATIŞ")-SUMIFS(Tablo1[Toplam],Tablo1[Hisse],Portföy!A10,Tablo1[İşlem],"ALIŞ"),0) -> -367.95
A11: BFREN | B11: OTO YAN SAN. | C11: =SUMIFS(Tablo1[Adet],Tablo1[Hisse],Portföy!A11,Tablo1[İşlem],"ALIŞ")-SUMIFS(Tablo1[Adet],Tablo1[Hisse],Portföy!A11,Tablo1[İşlem],"SATIŞ") -> 4 | D11: =IFERROR((SUMIFS(Tablo1[Toplam],Tablo1[Hisse],Portföy!A11,Tablo1[İşlem],"ALIŞ")-SUMIFS(Tablo1[Toplam],Tablo1[Hisse],Portföy!A11,Tablo1[İşlem],"SATIŞ"))/C11,0) -> 682 | E11: =+D11*C11 -> 2728 | F11: =SUMIFS(Tablo2[Son Fiyat],Tablo2[Şirket],Portföy!A11) -> 640 | G11: =+F11*C11 -> 2560 | H11: =+G11-E11+IF(Portföy!C11=0,SUMIFS(Tablo1[Toplam],Tablo1[Hisse],Portföy!A11,Tablo1[İşlem],"SATIŞ")-SUMIFS(Tablo1[Toplam],Tablo1[Hisse],Portföy!A11,Tablo1[İşlem],"ALIŞ"),0) -> -168
A12: BIMAS | B12: GIDA PARAKENDE | C12: =SUMIFS(Tablo1[Adet],Tablo1[Hisse],Portföy!A12,Tablo1[İşlem],"ALIŞ")-SUMIFS(Tablo1[Adet],Tablo1[Hisse],Portföy!A12,Tablo1[İşlem],"SATIŞ") -> 0 | D12: =IFERROR((SUMIFS(Tablo1[Toplam],Tablo1[Hisse],Portföy!A12,Tablo1[İşlem],"ALIŞ")-SUMIFS(Tablo1[Toplam],Tablo1[Hisse],Portföy!A12,Tablo1[İşlem],"SATIŞ"))/C12,0) -> 0 | E12: =+D12*C12 -> 0 | F12: =SUMIFS(Tablo2[Son Fiyat],Tablo2[Şirket],Portföy!A12) -> 550 | G12: =+F12*C12 -> 0 | H12: =+G12-E12+IF(Portföy!C12=0,SUMIFS(Tablo1[Toplam],Tablo1[Hisse],Portföy!A12,Tablo1[İşlem],"SATIŞ")-SUMIFS(Tablo1[Toplam],Tablo1[Hisse],Portföy!A12,Tablo1[İşlem],"ALIŞ"),0) -> 0
A13: BNTAS | C13: =SUMIFS(Tablo1[Adet],Tablo1[Hisse],Portföy!A13,Tablo1[İşlem],"ALIŞ")-SUMIFS(Tablo1[Adet],Tablo1[Hisse],Portföy!A13,Tablo1[İşlem],"SATIŞ") -> 0 | D13: =IFERROR((SUMIFS(Tablo1[Toplam],Tablo1[Hisse],Portföy!A13,Tablo1[İşlem],"ALIŞ")-SUMIFS(Tablo1[Toplam],Tablo1[Hisse],Portföy!A13,Tablo1[İşlem],"SATIŞ"))/C13,0) -> 0 | E13: =+D13*C13 -> 0 | F13: =SUMIFS(Tablo2[Son Fiyat],Tablo2[Şirket],Portföy!A13) -> 11.02 | G13: =+F13*C13 -> 0 | H13: =+G13-E13+IF(Portföy!C13=0,SUMIFS(Tablo1[Toplam],Tablo1[Hisse],Portföy!A13,Tablo1[İşlem],"SATIŞ")-SUMIFS(Tablo1[Toplam],Tablo1[Hisse],Portföy!A13,Tablo1[İşlem],"ALIŞ"),0) -> -135.5
A14: BRLSM | B14: ENERJİ TEK. | C14: =SUMIFS(Tablo1[Adet],Tablo1[Hisse],Portföy!A14,Tablo1[İşlem],"ALIŞ")-SUMIFS(Tablo1[Adet],Tablo1[Hisse],Portföy!A14,Tablo1[İşlem],"SATIŞ") -> 1900 | D14: =IFERROR((SUMIFS(Tablo1[Toplam],Tablo1[Hisse],Portföy!A14,Tablo1[İşlem],"ALIŞ")-SUMIFS(Tablo1[Toplam],Tablo1[Hisse],Portföy!A14,Tablo1[İşlem],"SATIŞ"))/C14,0) -> 22.264789 | E14: =+D14*C14 -> 42303.1 | F14: =SUMIFS(Tablo2[Son Fiyat],Tablo2[Şirket],Portföy!A14) -> 14.97 | G14: =+F14*C14 -> 28443 | H14: =+G14-E14+IF(Portföy!C14=0,SUMIFS(Tablo1[Toplam],Tablo1[Hisse],Portföy!A14,Tablo1[İşlem],"SATIŞ")-SUMIFS(Tablo1[Toplam],Tablo1[Hisse],Portföy!A14,Tablo1[İşlem],"ALIŞ"),0) -> -13860.1
A15: BRSAN | C15: =SUMIFS(Tablo1[Adet],Tablo1[Hisse],Portföy!A15,Tablo1[İşlem],"ALIŞ")-SUMIFS(Tablo1[Adet],Tablo1[Hisse],Portföy!A15,Tablo1[İşlem],"SATIŞ") -> 0 | D15: =IFERROR((SUMIFS(Tablo1[Toplam],Tablo1[Hisse],Portföy!A15,Tablo1[İşlem],"ALIŞ")-SUMIFS(Tablo1[Toplam],Tablo1[Hisse],Portföy!A15,Tablo1[İşlem],"SATIŞ"))/C15,0) -> 0 | E15: =+D15*C15 -> 0 | F15: =SUMIFS(Tablo2[Son Fiyat],Tablo2[Şirket],Portföy!A15) -> 394.25 | G15: =+F15*C15 -> 0 | H15: =+G15-E15+IF(Portföy!C15=0,SUMIFS(Tablo1[Toplam],Tablo1[Hisse],Portföy!A15,Tablo1[İşlem],"SATIŞ")-SUMIFS(Tablo1[Toplam],Tablo1[Hisse],Portföy!A15,Tablo1[İşlem],"ALIŞ"),0) -> 140
A16: BTCIM | B16: ÇİMENTO | C16: =SUMIFS(Tablo1[Adet],Tablo1[Hisse],Portföy!A16,Tablo1[İşlem],"ALIŞ")-SUMIFS(Tablo1[Adet],Tablo1[Hisse],Portföy!A16,Tablo1[İşlem],"SATIŞ") -> 0 | D16: =IFERROR((SUMIFS(Tablo1[Toplam],Tablo1[Hisse],Portföy!A16,Tablo1[İşlem],"ALIŞ")-SUMIFS(Tablo1[Toplam],Tablo1[Hisse],Portföy!A16,Tablo1[İşlem],"SATIŞ"))/C16,0) -> 0 | E16: =+D16*C16 -> 0 | F16: =SUMIFS(Tablo2[Son Fiyat],Tablo2[Şirket],Portföy!A16) -> 4.37 | G16: =+F16*C16 -> 0 | H16: =+G16-E16+IF(Portföy!C16=0,SUMIFS(Tablo1[Toplam],Tablo1[Hisse],Portföy!A16,Tablo1[İşlem],"SATIŞ")-SUMIFS(Tablo1[Toplam],Tablo1[Hisse],Portföy!A16,Tablo1[İşlem],"ALIŞ"),0) -> 122
A17: BURVA | B17: İMALAT | C17: =SUMIFS(Tablo1[Adet],Tablo1[Hisse],Portföy!A17,Tablo1[İşlem],"ALIŞ")-SUMIFS(Tablo1[Adet],Tablo1[Hisse],Portföy!A17,Tablo1[İşlem],"SATIŞ") -> 15 | D17: =IFERROR((SUMIFS(Tablo1[Toplam],Tablo1[Hisse],Portföy!A17,Tablo1[İşlem],"ALIŞ")-SUMIFS(Tablo1[Toplam],Tablo1[Hisse],Portföy!A17,Tablo1[İşlem],"SATIŞ"))/C17,0) -> 72.046667 | E17: =+D17*C17 -> 1080.7 | F17: =SUMIFS(Tablo2[Son Fiyat],Tablo2[Şirket],Portföy!A17) -> 105.8 | G17: =+F17*C17 -> 1587 | H17: =+G17-E17+IF(Portföy!C17=0,SUMIFS(Tablo1[Toplam],Tablo1[Hisse],Portföy!A17,Tablo1[İşlem],"SATIŞ")-SUMIFS(Tablo1[Toplam],Tablo1[Hisse],Portföy!A17,Tablo1[İşlem],"ALIŞ"),0) -> 506.3
A18: BVSAN | B18: İMALAT | C18: =SUMIFS(Tablo1[Adet],Tablo1[Hisse],Portföy!A18,Tablo1[İşlem],"ALIŞ")-SUMIFS(Tablo1[Adet],Tablo1[Hisse],Portföy!A18,Tablo1[İşlem],"SATIŞ") -> 0 | D18: =IFERROR((SUMIFS(Tablo1[Toplam],Tablo1[Hisse],Portföy!A18,Tablo1[İşlem],"ALIŞ")-SUMIFS(Tablo1[Toplam],Tablo1[Hisse],Portföy!A18,Tablo1[İşlem],"SATIŞ"))/C18,0) -> 0 | E18: =+D18*C18 -> 0 | F18: =SUMIFS(Tablo2[Son Fiyat],Tablo2[Şirket],Portföy!A18) -> 105.9 | G18: =+F18*C18 -> 0 | H18: =+G18-E18+IF(Portföy!C18=0,SUMIFS(Tablo1[Toplam],Tablo1[Hisse],Portföy!A18,Tablo1[İşlem],"SATIŞ")-SUMIFS(Tablo1[Toplam],Tablo1[Hisse],Portföy!A18,Tablo1[İşlem],"ALIŞ"),0) -> 246.2
A19: CATES | C19: =SUMIFS(Tablo1[Adet],Tablo1[Hisse],Portföy!A19,Tablo1[İşlem],"ALIŞ")-SUMIFS(Tablo1[Adet],Tablo1[Hisse],Portföy!A19,Tablo1[İşlem],"SATIŞ") -> 0 | D19: =IFERROR((SUMIFS(Tablo1[Toplam],Tablo1[Hisse],Portföy!A19,Tablo1[İşlem],"ALIŞ")-SUMIFS(Tablo1[Toplam],Tablo1[Hisse],Portföy!A19,Tablo1[İşlem],"SATIŞ"))/C19,0) -> 0 | E19: =+D19*C19 -> 0 | F19: =SUMIFS(Tablo2[Son Fiyat],Tablo2[Şirket],Portföy!A19) -> 35 | G19: =+F19*C19 -> 0 | H19: =+G19-E19+IF(Portföy!C19=0,SUMIFS(Tablo1[Toplam],Tablo1[Hisse],Portföy!A19,Tablo1[İşlem],"SATIŞ")-SUMIFS(Tablo1[Toplam],Tablo1[Hisse],Portföy!A19,Tablo1[İşlem],"ALIŞ"),0) -> -992.77
A20: CEOEM | B20: DESTEK HİZ. | C20: =SUMIFS(Tablo1[Adet],Tablo1[Hisse],Portföy!A20,Tablo1[İşlem],"ALIŞ")-SUMIFS(Tablo1[Adet],Tablo1[Hisse],Portföy!A20,Tablo1[İşlem],"SATIŞ") -> 130 | D20: =IFERROR((SUMIFS(Tablo1[Toplam],Tablo1[Hisse],Portföy!A20,Tablo1[İşlem],"ALIŞ")-SUMIFS(Tablo1[Toplam],Tablo1[Hisse],Portföy!A20,Tablo1[İşlem],"SATIŞ"))/C20,0) -> 25.21 | E20: =+D20*C20 -> 3277.3 | F20: =SUMIFS(Tablo2[Son Fiyat],Tablo2[Şirket],Portföy!A20) -> 25 | G20: =+F20*C20 -> 3250 | H20: =+G20-E20+IF(Portföy!C20=0,SUMIFS(Tablo1[Toplam],Tablo1[Hisse],Portföy!A20,Tablo1[İşlem],"SATIŞ")-SUMIFS(Tablo1[Toplam],Tablo1[Hisse],Portföy!A20,Tablo1[İşlem],"ALIŞ"),0) -> -27.3
A21: CIMSA | B21: ÇİMENTO | C21: =SUMIFS(Tablo1[Adet],Tablo1[Hisse],Portföy!A21,Tablo1[İşlem],"ALIŞ")-SUMIFS(Tablo1[Adet],Tablo1[Hisse],Portföy!A21,Tablo1[İşlem],"SATIŞ") -> 5 | D21: =IFERROR((SUMIFS(Tablo1[Toplam],Tablo1[Hisse],Portföy!A21,Tablo1[İşlem],"ALIŞ")-SUMIFS(Tablo1[Toplam],Tablo1[Hisse],Portföy!A21,Tablo1[İşlem],"SATIŞ"))/C21,0) -> 16.692 | E21: =+D21*C21 -> 83.46 | F21: =SUMIFS(Tablo2[Son Fiyat],Tablo2[Şirket],Portföy!A21) -> 53.35 | G21: =+F21*C21 -> 266.75 | H21: =+G21-E21+IF(Portföy!C21=0,SUMIFS(Tablo1[Toplam],Tablo1[Hisse],Portföy!A21,Tablo1[İşlem],"SATIŞ")-SUMIFS(Tablo1[Toplam],Tablo1[Hisse],Portföy!A21,Tablo1[İşlem],"ALIŞ"),0) -> 183.29
A22: CWENE | C22: =SUMIFS(Tablo1[Adet],Tablo1[Hisse],Portföy!A22,Tablo1[İşlem],"ALIŞ")-SUMIFS(Tablo1[Adet],Tablo1[Hisse],Portföy!A22,Tablo1[İşlem],"SATIŞ") -> 0 | D22: =IFERROR((SUMIFS(Tablo1[Toplam],Tablo1[Hisse],Portföy!A22,Tablo1[İşlem],"ALIŞ")-SUMIFS(Tablo1[Toplam],Tablo1[Hisse],Portföy!A22,Tablo1[İşlem],"SATIŞ"))/C22,0) -> 0 | E22: =+D22*C22 -> 0 | F22: =SUMIFS(Tablo2[Son Fiyat],Tablo2[Şirket],Portföy!A22) -> 19.95 | G22: =+F22*C22 -> 0 | H22: =+G22-E22+IF(Portföy!C22=0,SUMIFS(Tablo1[Toplam],Tablo1[Hisse],Portföy!A22,Tablo1[İşlem],"SATIŞ")-SUMIFS(Tablo1[Toplam],Tablo1[Hisse],Portföy!A22,Tablo1[İşlem],"ALIŞ"),0) -> -5526.5
A23: DAGI | B23: TEKSTİL | C23: =SUMIFS(Tablo1[Adet],Tablo1[Hisse],Portföy!A23,Tablo1[İşlem],"ALIŞ")-SUMIFS(Tablo1[Adet],Tablo1[Hisse],Portföy!A23,Tablo1[İşlem],"SATIŞ") -> 0 | D23: =IFERROR((SUMIFS(Tablo1[Toplam],Tablo1[Hisse],Portföy!A23,Tablo1[İşlem],"ALIŞ")-SUMIFS(Tablo1[Toplam],Tablo1[Hisse],Portföy!A23,Tablo1[İşlem],"SATIŞ"))/C23,0) -> 0 | E23: =+D23*C23 -> 0 | F23: =SUMIFS(Tablo2[Son Fiyat],Tablo2[Şirket],Portföy!A23) -> 15.58 | G23: =+F23*C23 -> 0 | H23: =+G23-E23+IF(Portföy!C23=0,SUMIFS(Tablo1[Toplam],Tablo1[Hisse],Portföy!A23,Tablo1[İşlem],"SATIŞ")-SUMIFS(Tablo1[Toplam],Tablo1[Hisse],Portföy!A23,Tablo1[İşlem],"ALIŞ"),0) -> 0
A24: DAPGM | B24: GYO | C24: =SUMIFS(Tablo1[Adet],Tablo1[Hisse],Portföy!A24,Tablo1[İşlem],"ALIŞ")-SUMIFS(Tablo1[Adet],Tablo1[Hisse],Portföy!A24,Tablo1[İşlem],"SATIŞ") -> 0 | D24: =IFERROR((SUMIFS(Tablo1[Toplam],Tablo1[Hisse],Portföy!A24,Tablo1[İşlem],"ALIŞ")-SUMIFS(Tablo1[Toplam],Tablo1[Hisse],Portföy!A24,Tablo1[İşlem],"SATIŞ"))/C24,0) -> 0 | E24: =+D24*C24 -> 0 | F24: =SUMIFS(Tablo2[Son Fiyat],Tablo2[Şirket],Portföy!A24) -> 7.52 | G24: =+F24*C24 -> 0 | H24: =+G24-E24+IF(Portföy!C24=0,SUMIFS(Tablo1[Toplam],Tablo1[Hisse],Portföy!A24,Tablo1[İşlem],"SATIŞ")-SUMIFS(Tablo1[Toplam],Tablo1[Hisse],Portföy!A24,Tablo1[İşlem],"ALIŞ"),0) -> 170.57
A25: DESA | B25: TEKSTİL | C25: =SUMIFS(Tablo1[Adet],Tablo1[Hisse],Portföy!A25,Tablo1[İşlem],"ALIŞ")-SUMIFS(Tablo1[Adet],Tablo1[Hisse],Portföy!A25,Tablo1[İşlem],"SATIŞ") -> 175 | D25: =IFERROR((SUMIFS(Tablo1[Toplam],Tablo1[Hisse],Portföy!A25,Tablo1[İşlem],"ALIŞ")-SUMIFS(Tablo1[Toplam],Tablo1[Hisse],Portföy!A25,Tablo1[İşlem],"SATIŞ"))/C25,0) -> 8.708 | E25: =+D25*C25 -> 1523.9 | F25: =SUMIFS(Tablo2[Son Fiyat],Tablo2[Şirket],Portföy!A25) -> 9.74 | G25: =+F25*C25 -> 1704.5 | H25: =+G25-E25+IF(Portföy!C25=0,SUMIFS(Tablo1[Toplam],Tablo1[Hisse],Portföy!A25,Tablo1[İşlem],"SATIŞ")-SUMIFS(Tablo1[Toplam],Tablo1[Hisse],Portföy!A25,Tablo1[İşlem],"ALIŞ"),0) -> 180.6
A26: DEVA | B26: SAĞLIK İLAÇ | C26: =SUMIFS(Tablo1[Adet],Tablo1[Hisse],Portföy!A26,Tablo1[İşlem],"ALIŞ")-SUMIFS(Tablo1[Adet],Tablo1[Hisse],Portföy!A26,Tablo1[İşlem],"SATIŞ") -> 0 | D26: =IFERROR((SUMIFS(Tablo1[Toplam],Tablo1[Hisse],Portföy!A26,Tablo1[İşlem],"ALIŞ")-SUMIFS(Tablo1[Toplam],Tablo1[Hisse],Portföy!A26,Tablo1[İşlem],"SATIŞ"))/C26,0) -> 0 | E26: =+D26*C26 -> 0 | F26: =SUMIFS(Tablo2[Son Fiyat],Tablo2[Şirket],Portföy!A26) -> 71.4 | G26: =+F26*C26 -> 0 | H26: =+G26-E26+IF(Portföy!C26=0,SUMIFS(Tablo1[Toplam],Tablo1[Hisse],Portföy!A26,Tablo1[İşlem],"SATIŞ")-SUMIFS(Tablo1[Toplam],Tablo1[Hisse],Portföy!A26,Tablo1[İşlem],"ALIŞ"),0) -> 28.35
A27: DOAS | B27: OTOMOTİV | C27: =SUMIFS(Tablo1[Adet],Tablo1[Hisse],Portföy!A27,Tablo1[İşlem],"ALIŞ")-SUMIFS(Tablo1[Adet],Tablo1[Hisse],Portföy!A27,Tablo1[İşlem],"SATIŞ") -> 101 | D27: =IFERROR((SUMIFS(Tablo1[Toplam],Tablo1[Hisse],Portföy!A27,Tablo1[İşlem],"ALIŞ")-SUMIFS(Tablo1[Toplam],Tablo1[Hisse],Portföy!A27,Tablo1[İşlem],"SATIŞ"))/C27,0) -> 373.75743 | E27: =+D27*C27 -> 37749.5 | F27: =SUMIFS(Tablo2[Son Fiyat],Tablo2[Şirket],Portföy!A27) -> 188.1 | G27: =+F27*C27 -> 18998.1 | H27: =+G27-E27+IF(Portföy!C27=0,SUMIFS(Tablo1[Toplam],Tablo1[Hisse],Portföy!A27,Tablo1[İşlem],"SATIŞ")-SUMIFS(Tablo1[Toplam],Tablo1[Hisse],Portföy!A27,Tablo1[İşlem],"ALIŞ"),0) -> -18751.4
A28: DOKTA | C28: =SUMIFS(Tablo1[Adet],Tablo1[Hisse],Portföy!A28,Tablo1[İşlem],"ALIŞ")-SUMIFS(Tablo1[Adet],Tablo1[Hisse],Portföy!A28,Tablo1[İşlem],"SATIŞ") -> 0 | D28: =IFERROR((SUMIFS(Tablo1[Toplam],Tablo1[Hisse],Portföy!A28,Tablo1[İşlem],"ALIŞ")-SUMIFS(Tablo1[Toplam],Tablo1[Hisse],Portföy!A28,Tablo1[İşlem],"SATIŞ"))/C28,0) -> 0 | E28: =+D28*C28 -> 0 | F28: =SUMIFS(Tablo2[Son Fiyat],Tablo2[Şirket],Portföy!A28) -> 22.9 | G28: =+F28*C28 -> 0 | H28: =+G28-E28+IF(Portföy!C28=0,SUMIFS(Tablo1[Toplam],Tablo1[Hisse],Portföy!A28,Tablo1[İşlem],"SATIŞ")-SUMIFS(Tablo1[Toplam],Tablo1[Hisse],Portföy!A28,Tablo1[İşlem],"ALIŞ"),0) -> -9714.5
A29: EDATA | B29: BİLİŞİM YAZILIM | C29: =SUMIFS(Tablo1[Adet],Tablo1[Hisse],Portföy!A29,Tablo1[İşlem],"ALIŞ")-SUMIFS(Tablo1[Adet],Tablo1[Hisse],Portföy!A29,Tablo1[İşlem],"SATIŞ") -> 1150 | D29: =IFERROR((SUMIFS(Tablo1[Toplam],Tablo1[Hisse],Portföy!A29,Tablo1[İşlem],"ALIŞ")-SUMIFS(Tablo1[Toplam],Tablo1[Hisse],Portföy!A29,Tablo1[İşlem],"SATIŞ"))/C29,0) -> 17.134783 | E29: =+D29*C29 -> 19705 | F29: =SUMIFS(Tablo2[Son Fiyat],Tablo2[Şirket],Portföy!A29) -> 13.12 | G29: =+F29*C29 -> 15088 | H29: =+G29-E29+IF(Portföy!C29=0,SUMIFS(Tablo1[Toplam],Tablo1[Hisse],Portföy!A29,Tablo1[İşlem],"SATIŞ")-SUMIFS(Tablo1[Toplam],Tablo1[Hisse],Portföy!A29,Tablo1[İşlem],"ALIŞ"),0) -> -4617
A30: EDIP | B30: İNŞAAT | C30: =SUMIFS(Tablo1[Adet],Tablo1[Hisse],Portföy!A30,Tablo1[İşlem],"ALIŞ")-SUMIFS(Tablo1[Adet],Tablo1[Hisse],Portföy!A30,Tablo1[İşlem],"SATIŞ") -> 0 | D30: =IFERROR((SUMIFS(Tablo1[Toplam],Tablo1[Hisse],Portföy!A30,Tablo1[İşlem],"ALIŞ")-SUMIFS(Tablo1[Toplam],Tablo1[Hisse],Portföy!A30,Tablo1[İşlem],"SATIŞ"))/C30,0) -> 0 | E30: =+D30*C30 -> 0 | F30: =SUMIFS(Tablo2[Son Fiyat],Tablo2[Şirket],Portföy!A30) -> 20.5 | G30: =+F30*C30 -> 0 | H30: =+G30-E30+IF(Portföy!C30=0,SUMIFS(Tablo1[Toplam],Tablo1[Hisse],Portföy!A30,Tablo1[İşlem],"SATIŞ")-SUMIFS(Tablo1[Toplam],Tablo1[Hisse],Portföy!A30,Tablo1[İşlem],"ALIŞ"),0) -> -231
A31: EGEPO | B31: SAĞLIK İLAÇ | C31: =SUMIFS(Tablo1[Adet],Tablo1[Hisse],Portföy!A31,Tablo1[İşlem],"ALIŞ")-SUMIFS(Tablo1[Adet],Tablo1[Hisse],Portföy!A31,Tablo1[İşlem],"SATIŞ") -> 0 | D31: =IFERROR((SUMIFS(Tablo1[Toplam],Tablo1[Hisse],Portföy!A31,Tablo1[İşlem],"ALIŞ")-SUMIFS(Tablo1[Toplam],Tablo1[Hisse],Portföy!A31,Tablo1[İşlem],"SATIŞ"))/C31,0) -> 0 | E31: =+D31*C31 -> 0 | F31: =SUMIFS(Tablo2[Son Fiyat],Tablo2[Şirket],Portföy!A31) -> 24.4 | G31: =+F31*C31 -> 0 | H31: =+G31-E31+IF(Portföy!C31=0,SUMIFS(Tablo1[Toplam],Tablo1[Hisse],Portföy!A31,Tablo1[İşlem],"SATIŞ")-SUMIFS(Tablo1[Toplam],Tablo1[Hisse],Portföy!A31,Tablo1[İşlem],"ALIŞ"),0) -> 215.28
A32: EKGYO | B32: GYO | C32: =SUMIFS(Tablo1[Adet],Tablo1[Hisse],Portföy!A32,Tablo1[İşlem],"ALIŞ")-SUMIFS(Tablo1[Adet],Tablo1[Hisse],Portföy!A32,Tablo1[İşlem],"SATIŞ") -> 0 | D32: =IFERROR((SUMIFS(Tablo1[Toplam],Tablo1[Hisse],Portföy!A32,Tablo1[İşlem],"ALIŞ")-SUMIFS(Tablo1[Toplam],Tablo1[Hisse],Portföy!A32,Tablo1[İşlem],"SATIŞ"))/C32,0) -> 0 | E32: =+D32*C32 -> 0 | F32: =SUMIFS(Tablo2[Son Fiyat],Tablo2[Şirket],Portföy!A32) -> 15.27 | G32: =+F32*C32 -> 0 | H32: =+G32-E32+IF(Portföy!C32=0,SUMIFS(Tablo1[Toplam],Tablo1[Hisse],Portföy!A32,Tablo1[İşlem],"SATIŞ")-SUMIFS(Tablo1[Toplam],Tablo1[Hisse],Portföy!A32,Tablo1[İşlem],"ALIŞ"),0) -> 1361.5
A33: ENJSA | C33: =SUMIFS(Tablo1[Adet],Tablo1[Hisse],Portföy!A33,Tablo1[İşlem],"ALIŞ")-SUMIFS(Tablo1[Adet],Tablo1[Hisse],Portföy!A33,Tablo1[İşlem],"SATIŞ") -> 0 | D33: =IFERROR((SUMIFS(Tablo1[Toplam],Tablo1[Hisse],Portföy!A33,Tablo1[İşlem],"ALIŞ")-SUMIFS(Tablo1[Toplam],Tablo1[Hisse],Portföy!A33,Tablo1[İşlem],"SATIŞ"))/C33,0) -> 0 | E33: =+D33*C33 -> 0 | F33: =SUMIFS(Tablo2[Son Fiyat],Tablo2[Şirket],Portföy!A33) -> 61.3 | G33: =+F33*C33 -> 0 | H33: =+G33-E33+IF(Portföy!C33=0,SUMIFS(Tablo1[Toplam],Tablo1[Hisse],Portföy!A33,Tablo1[İşlem],"SATIŞ")-SUMIFS(Tablo1[Toplam],Tablo1[Hisse],Portföy!A33,Tablo1[İşlem],"ALIŞ"),0) -> 368.5
A34: ERCB | C34: =SUMIFS(Tablo1[Adet],Tablo1[Hisse],Portföy!A34,Tablo1[İşlem],"ALIŞ")-SUMIFS(Tablo1[Adet],Tablo1[Hisse],Portföy!A34,Tablo1[İşlem],"SATIŞ") -> 0 | D34: =IFERROR((SUMIFS(Tablo1[Toplam],Tablo1[Hisse],Portföy!A34,Tablo1[İşlem],"ALIŞ")-SUMIFS(Tablo1[Toplam],Tablo1[Hisse],Portföy!A34,Tablo1[İşlem],"SATIŞ"))/C34,0) -> 0 | E34: =+D34*C34 -> 0 | F34: =SUMIFS(Tablo2[Son Fiyat],Tablo2[Şirket],Portföy!A34) -> 88.7 | G34: =+F34*C34 -> 0 | H34: =+G34-E34+IF(Portföy!C34=0,SUMIFS(Tablo1[Toplam],Tablo1[Hisse],Portföy!A34,Tablo1[İşlem],"SATIŞ")-SUMIFS(Tablo1[Toplam],Tablo1[Hisse],Portföy!A34,Tablo1[İşlem],"ALIŞ"),0) -> 290
A35: EREGL | B35: ANA METAL | C35: =SUMIFS(Tablo1[Adet],Tablo1[Hisse],Portföy!A35,Tablo1[İşlem],"ALIŞ")-SUMIFS(Tablo1[Adet],Tablo1[Hisse],Portföy!A35,Tablo1[İşlem],"SATIŞ") -> 130 | D35: =IFERROR((SUMIFS(Tablo1[Toplam],Tablo1[Hisse],Portföy!A35,Tablo1[İşlem],"ALIŞ")-SUMIFS(Tablo1[Toplam],Tablo1[Hisse],Portföy!A35,Tablo1[İşlem],"SATIŞ"))/C35,0) -> 18.759231 | E35: =+D35*C35 -> 2438.7 | F35: =SUMIFS(Tablo2[Son Fiyat],Tablo2[Şirket],Portföy!A35) -> 22.44 | G35: =+F35*C35 -> 2917.2 | H35: =+G35-E35+IF(Portföy!C35=0,SUMIFS(Tablo1[Toplam],Tablo1[Hisse],Portföy!A35,Tablo1[İşlem],"SATIŞ")-SUMIFS(Tablo1[Toplam],Tablo1[Hisse],Portföy!A35,Tablo1[İşlem],"ALIŞ"),0) -> 478.5
A36: EUPWR | C36: =SUMIFS(Tablo1[Adet],Tablo1[Hisse],Portföy!A36,Tablo1[İşlem],"ALIŞ")-SUMIFS(Tablo1[Adet],Tablo1[Hisse],Portföy!A36,Tablo1[İşlem],"SATIŞ") -> 0 | D36: =IFERROR((SUMIFS(Tablo1[Toplam],Tablo1[Hisse],Portföy!A36,Tablo1[İşlem],"ALIŞ")-SUMIFS(Tablo1[Toplam],Tablo1[Hisse],Portföy!A36,Tablo1[İşlem],"SATIŞ"))/C36,0) -> 0 | E36: =+D36*C36 -> 0 | F36: =SUMIFS(Tablo2[Son Fiyat],Tablo2[Şirket],Portföy!A36) -> 37 | G36: =+F36*C36 -> 0 | H36: =+G36-E36+IF(Portföy!C36=0,SUMIFS(Tablo1[Toplam],Tablo1[Hisse],Portföy!A36,Tablo1[İşlem],"SATIŞ")-SUMIFS(Tablo1[Toplam],Tablo1[Hisse],Portföy!A36,Tablo1[İşlem],"ALIŞ"),0) -> 0
A37: FMIZP | B37: OTO YAN SAN. | C37: =SUMIFS(Tablo1[Adet],Tablo1[Hisse],Portföy!A37,Tablo1[İşlem],"ALIŞ")-SUMIFS(Tablo1[Adet],Tablo1[Hisse],Portföy!A37,Tablo1[İşlem],"SATIŞ") -> 2 | D37: =IFERROR((SUMIFS(Tablo1[Toplam],Tablo1[Hisse],Portföy!A37,Tablo1[İşlem],"ALIŞ")-SUMIFS(Tablo1[Toplam],Tablo1[Hisse],Portföy!A37,Tablo1[İşlem],"SATIŞ"))/C37,0) -> 312.5 | E37: =+D37*C37 -> 625 | F37: =SUMIFS(Tablo2[Son Fiyat],Tablo2[Şirket],Portföy!A37) -> 306 | G37: =+F37*C37 -> 612 | H37: =+G37-E37+IF(Portföy!C37=0,SUMIFS(Tablo1[Toplam],Tablo1[Hisse],Portföy!A37,Tablo1[İşlem],"SATIŞ")-SUMIFS(Tablo1[Toplam],Tablo1[Hisse],Portföy!A37,Tablo1[İşlem],"ALIŞ"),0) -> -13
A38: FROTO | B38: OTOMOTİV | C38: =SUMIFS(Tablo1[Adet],Tablo1[Hisse],Portföy!A38,Tablo1[İşlem],"ALIŞ")-SUMIFS(Tablo1[Adet],Tablo1[Hisse],Portföy!A38,Tablo1[İşlem],"SATIŞ") -> 11 | D38: =IFERROR((SUMIFS(Tablo1[Toplam],Tablo1[Hisse],Portföy!A38,Tablo1[İşlem],"ALIŞ")-SUMIFS(Tablo1[Toplam],Tablo1[Hisse],Portföy!A38,Tablo1[İşlem],"SATIŞ"))/C38,0) -> 1097.7655 | E38: =+D38*C38 -> 12075.42 | F38: =SUMIFS(Tablo2[Son Fiyat],Tablo2[Şirket],Portföy!A38) -> 929.5 | G38: =+F38*C38 -> 10224.5 | H38: =+G38-E38+IF(Portföy!C38=0,SUMIFS(Tablo1[Toplam],Tablo1[Hisse],Portföy!A38,Tablo1[İşlem],"SATIŞ")-SUMIFS(Tablo1[Toplam],Tablo1[Hisse],Portföy!A38,Tablo1[İşlem],"ALIŞ"),0) -> -1850.92
A39: GESAN | B39: ENERJİ TEK. | C39: =SUMIFS(Tablo1[Adet],Tablo1[Hisse],Portföy!A39,Tablo1[İşlem],"ALIŞ")-SUMIFS(Tablo1[Adet],Tablo1[Hisse],Portföy!A39,Tablo1[İşlem],"SATIŞ") -> 40 | D39: =IFERROR((SUMIFS(Tablo1[Toplam],Tablo1[Hisse],Portföy!A39,Tablo1[İşlem],"ALIŞ")-SUMIFS(Tablo1[Toplam],Tablo1[Hisse],Portföy!A39,Tablo1[İşlem],"SATIŞ"))/C39,0) -> 31.2075 | E39: =+D39*C39 -> 1248.3 | F39: =SUMIFS(Tablo2[Son Fiyat],Tablo2[Şirket],Portföy!A39) -> 51.25 | G39: =+F39*C39 -> 2050 | H39: =+G39-E39+IF(Portföy!C39=0,SUMIFS(Tablo1[Toplam],Tablo1[Hisse],Portföy!A39,Tablo1[İşlem],"SATIŞ")-SUMIFS(Tablo1[Toplam],Tablo1[Hisse],Portföy!A39,Tablo1[İşlem],"ALIŞ"),0) -> 801.7
A40: GMTAS | C40: =SUMIFS(Tablo1[Adet],Tablo1[Hisse],Portföy!A40,Tablo1[İşlem],"ALIŞ")-SUMIFS(Tablo1[Adet],Tablo1[Hisse],Portföy!A40,Tablo1[İşlem],"SATIŞ") -> 0 | D40: =IFERROR((SUMIFS(Tablo1[Toplam],Tablo1[Hisse],Portföy!A40,Tablo1[İşlem],"ALIŞ")-SUMIFS(Tablo1[Toplam],Tablo1[Hisse],Portföy!A40,Tablo1[İşlem],"SATIŞ"))/C40,0) -> 0 | E40: =+D40*C40 -> 0 | F40: =SUMIFS(Tablo2[Son Fiyat],Tablo2[Şirket],Portföy!A40) -> 11.04 | G40: =+F40*C40 -> 0 | H40: =+G40-E40+IF(Portföy!C40=0,SUMIFS(Tablo1[Toplam],Tablo1[Hisse],Portföy!A40,Tablo1[İşlem],"SATIŞ")-SUMIFS(Tablo1[Toplam],Tablo1[Hisse],Portföy!A40,Tablo1[İşlem],"ALIŞ"),0) -> 237.5
A41: GRNYO | C41: =SUMIFS(Tablo1[Adet],Tablo1[Hisse],Portföy!A41,Tablo1[İşlem],"ALIŞ")-SUMIFS(Tablo1[Adet],Tablo1[Hisse],Portföy!A41,Tablo1[İşlem],"SATIŞ") -> 0 | D41: =IFERROR((SUMIFS(Tablo1[Toplam],Tablo1[Hisse],Portföy!A41,Tablo1[İşlem],"ALIŞ")-SUMIFS(Tablo1[Toplam],Tablo1[Hisse],Portföy!A41,Tablo1[İşlem],"SATIŞ"))/C41,0) -> 0 | E41: =+D41*C41 -> 0 | F41: =SUMIFS(Tablo2[Son Fiyat],Tablo2[Şirket],Portföy!A41) -> 9.25 | G41: =+F41*C41 -> 0 | H41: =+G41-E41+IF(Portföy!C41=0,SUMIFS(Tablo1[Toplam],Tablo1[Hisse],Portföy!A41,Tablo1[İşlem],"SATIŞ")-SUMIFS(Tablo1[Toplam],Tablo1[Hisse],Portföy!A41,Tablo1[İşlem],"ALIŞ"),0) -> -66
A42: GUBRF | B42: KİMYA PLASTİK | C42: =SUMIFS(Tablo1[Adet],Tablo1[Hisse],Portföy!A42,Tablo1[İşlem],"ALIŞ")-SUMIFS(Tablo1[Adet],Tablo1[Hisse],Portföy!A42,Tablo1[İşlem],"SATIŞ") -> 2 | D42: =IFERROR((SUMIFS(Tablo1[Toplam],Tablo1[Hisse],Portföy!A42,Tablo1[İşlem],"ALIŞ")-SUMIFS(Tablo1[Toplam],Tablo1[Hisse],Portföy!A42,Tablo1[İşlem],"SATIŞ"))/C42,0) -> 162.5 | E42: =+D42*C42 -> 325 | F42: =SUMIFS(Tablo2[Son Fiyat],Tablo2[Şirket],Portföy!A42) -> 266.75 | G42: =+F42*C42 -> 533.5 | H42: =+G42-E42+IF(Portföy!C42=0,SUMIFS(Tablo1[Toplam],Tablo1[Hisse],Portföy!A42,Tablo1[İşlem],"SATIŞ")-SUMIFS(Tablo1[Toplam],Tablo1[Hisse],Portföy!A42,Tablo1[İşlem],"ALIŞ"),0) -> 208.5
A43: HTTBT | C43: =SUMIFS(Tablo1[Adet],Tablo1[Hisse],Portföy!A43,Tablo1[İşlem],"ALIŞ")-SUMIFS(Tablo1[Adet],Tablo1[Hisse],Portföy!A43,Tablo1[İşlem],"SATIŞ") -> 0 | D43: =IFERROR((SUMIFS(Tablo1[Toplam],Tablo1[Hisse],Portföy!A43,Tablo1[İşlem],"ALIŞ")-SUMIFS(Tablo1[Toplam],Tablo1[Hisse],Portföy!A43,Tablo1[İşlem],"SATIŞ"))/C43,0) -> 0 | E43: =+D43*C43 -> 0 | F43: =SUMIFS(Tablo2[Son Fiyat],Tablo2[Şirket],Portföy!A43) -> 41.7 | G43: =+F43*C43 -> 0 | H43: =+G43-E43+IF(Portföy!C43=0,SUMIFS(Tablo1[Toplam],Tablo1[Hisse],Portföy!A43,Tablo1[İşlem],"SATIŞ")-SUMIFS(Tablo1[Toplam],Tablo1[Hisse],Portföy!A43,Tablo1[İşlem],"ALIŞ"),0) -> 129.6
A44: HUNER | B44: ENERJİ ÜRETİM DAĞ. | C44: =SUMIFS(Tablo1[Adet],Tablo1[Hisse],Portföy!A44,Tablo1[İşlem],"ALIŞ")-SUMIFS(Tablo1[Adet],Tablo1[Hisse],Portföy!A44,Tablo1[İşlem],"SATIŞ") -> 150 | D44: =IFERROR((SUMIFS(Tablo1[Toplam],Tablo1[Hisse],Portföy!A44,Tablo1[İşlem],"ALIŞ")-SUMIFS(Tablo1[Toplam],Tablo1[Hisse],Portföy!A44,Tablo1[İşlem],"SATIŞ"))/C44,0) -> 0.20333333 | E44: =+D44*C44 -> 30.5 | F44: =SUMIFS(Tablo2[Son Fiyat],Tablo2[Şirket],Portföy!A44) -> 3.55 | G44: =+F44*C44 -> 532.5 | H44: =+G44-E44+IF(Portföy!C44=0,SUMIFS(Tablo1[Toplam],Tablo1[Hisse],Portföy!A44,Tablo1[İşlem],"SATIŞ")-SUMIFS(Tablo1[Toplam],Tablo1[Hisse],Portföy!A44,Tablo1[İşlem],"ALIŞ"),0) -> 502
A45: INDES | B45: TEKNOLOJİK ÜRÜN T. | C45: =SUMIFS(Tablo1[Adet],Tablo1[Hisse],Portföy!A45,Tablo1[İşlem],"ALIŞ")-SUMIFS(Tablo1[Adet],Tablo1[Hisse],Portföy!A45,Tablo1[İşlem],"SATIŞ") -> 45 | D45: =IFERROR((SUMIFS(Tablo1[Toplam],Tablo1[Hisse],Portföy!A45,Tablo1[İşlem],"ALIŞ")-SUMIFS(Tablo1[Toplam],Tablo1[Hisse],Portföy!A45,Tablo1[İşlem],"SATIŞ"))/C45,0) -> -7.574 | E45: =+D45*C45 -> -340.83 | F45: =SUMIFS(Tablo2[Son Fiyat],Tablo2[Şirket],Portföy!A45) -> 7.68 | G45: =+F45*C45 -> 345.6 | H45: =+G45-E45+IF(Portföy!C45=0,SUMIFS(Tablo1[Toplam],Tablo1[Hisse],Portföy!A45,Tablo1[İşlem],"SATIŞ")-SUMIFS(Tablo1[Toplam],Tablo1[Hisse],Portföy!A45,Tablo1[İşlem],"ALIŞ"),0) -> 686.43
A46: ISDMR | B46: ANA METAL | C46: =SUMIFS(Tablo1[Adet],Tablo1[Hisse],Portföy!A46,Tablo1[İşlem],"ALIŞ")-SUMIFS(Tablo1[Adet],Tablo1[Hisse],Portföy!A46,Tablo1[İşlem],"SATIŞ") -> 45 | D46: =IFERROR((SUMIFS(Tablo1[Toplam],Tablo1[Hisse],Portföy!A46,Tablo1[İşlem],"ALIŞ")-SUMIFS(Tablo1[Toplam],Tablo1[Hisse],Portföy!A46,Tablo1[İşlem],"SATIŞ"))/C46,0) -> 21.177778 | E46: =+D46*C46 -> 953 | F46: =SUMIFS(Tablo2[Son Fiyat],Tablo2[Şirket],Portföy!A46) -> 37.4 | G46: =+F46*C46 -> 1683 | H46: =+G46-E46+IF(Portföy!C46=0,SUMIFS(Tablo1[Toplam],Tablo1[Hisse],Portföy!A46,Tablo1[İşlem],"SATIŞ")-SUMIFS(Tablo1[Toplam],Tablo1[Hisse],Portföy!A46,Tablo1[İşlem],"ALIŞ"),0) -> 730
A47: KARYE | B47: ENERJİ ÜRETİM DAĞ. | C47: =SUMIFS(Tablo1[Adet],Tablo1[Hisse],Portföy!A47,Tablo1[İşlem],"ALIŞ")-SUMIFS(Tablo1[Adet],Tablo1[Hisse],Portföy!A47,Tablo1[İşlem],"SATIŞ") -> 40 | D47: =IFERROR((SUMIFS(Tablo1[Toplam],Tablo1[Hisse],Portföy!A47,Tablo1[İşlem],"ALIŞ")-SUMIFS(Tablo1[Toplam],Tablo1[Hisse],Portföy!A47,Tablo1[İşlem],"SATIŞ"))/C47,0) -> 19.1205 | E47: =+D47*C47 -> 764.82 | F47: =SUMIFS(Tablo2[Son Fiyat],Tablo2[Şirket],Portföy!A47) -> 27.42 | G47: =+F47*C47 -> 1096.8 | H47: =+G47-E47+IF(Portföy!C47=0,SUMIFS(Tablo1[Toplam],Tablo1[Hisse],Portföy!A47,Tablo1[İşlem],"SATIŞ")-SUMIFS(Tablo1[Toplam],Tablo1[Hisse],Portföy!A47,Tablo1[İşlem],"ALIŞ"),0) -> 331.98
A48: KBORU | B48: İMALAT | C48: =SUMIFS(Tablo1[Adet],Tablo1[Hisse],Portföy!A48,Tablo1[İşlem],"ALIŞ")-SUMIFS(Tablo1[Adet],Tablo1[Hisse],Portföy!A48,Tablo1[İşlem],"SATIŞ") -> 185 | D48: =IFERROR((SUMIFS(Tablo1[Toplam],Tablo1[Hisse],Portföy!A48,Tablo1[İşlem],"ALIŞ")-SUMIFS(Tablo1[Toplam],Tablo1[Hisse],Portföy!A48,Tablo1[İşlem],"SATIŞ"))/C48,0) -> 83.302162 | E48: =+D48*C48 -> 15410.9 | F48: =SUMIFS(Tablo2[Son Fiyat],Tablo2[Şirket],Portföy!A48) -> 78.6 | G48: =+F48*C48 -> 14541 | H48: =+G48-E48+IF(Portföy!C48=0,SUMIFS(Tablo1[Toplam],Tablo1[Hisse],Portföy!A48,Tablo1[İşlem],"SATIŞ")-SUMIFS(Tablo1[Toplam],Tablo1[Hisse],Portföy!A48,Tablo1[İşlem],"ALIŞ"),0) -> -869.9
A49: KCHOL | B49: HOLDİNG | C49: =SUMIFS(Tablo1[Adet],Tablo1[Hisse],Portföy!A49,Tablo1[İşlem],"ALIŞ")-SUMIFS(Tablo1[Adet],Tablo1[Hisse],Portföy!A49,Tablo1[İşlem],"SATIŞ") -> 0 | D49: =IFERROR((SUMIFS(Tablo1[Toplam],Tablo1[Hisse],Portföy!A49,Tablo1[İşlem],"ALIŞ")-SUMIFS(Tablo1[Toplam],Tablo1[Hisse],Portföy!A49,Tablo1[İşlem],"SATIŞ"))/C49,0) -> 0 | E49: =+D49*C49 -> 0 | F49: =SUMIFS(Tablo2[Son Fiyat],Tablo2[Şirket],Portföy!A49) -> 169.8 | G49: =+F49*C49 -> 0 | H49: =+G49-E49+IF(Portföy!C49=0,SUMIFS(Tablo1[Toplam],Tablo1[Hisse],Portföy!A49,Tablo1[İşlem],"SATIŞ")-SUMIFS(Tablo1[Toplam],Tablo1[Hisse],Portföy!A49,Tablo1[İşlem],"ALIŞ"),0) -> -81
A50: KONTR | B50: ENERJİ TEK. | C50: =SUMIFS(Tablo1[Adet],Tablo1[Hisse],Portföy!A50,Tablo1[İşlem],"ALIŞ")-SUMIFS(Tablo1[Adet],Tablo1[Hisse],Portföy!A50,Tablo1[İşlem],"SATIŞ") -> 465 | D50: =IFERROR((SUMIFS(Tablo1[Toplam],Tablo1[Hisse],Portföy!A50,Tablo1[İşlem],"ALIŞ")-SUMIFS(Tablo1[Toplam],Tablo1[Hisse],Portföy!A50,Tablo1[İşlem],"SATIŞ"))/C50,0) -> 51.836129 | E50: =+D50*C50 -> 24103.8 | F50: =SUMIFS(Tablo2[Son Fiyat],Tablo2[Şirket],Portföy!A50) -> 35.86 | G50: =+F50*C50 -> 16674.9 | H50: =+G50-E50+IF(Portföy!C50=0,SUMIFS(Tablo1[Toplam],Tablo1[Hisse],Portföy!A50,Tablo1[İşlem],"SATIŞ")-SUMIFS(Tablo1[Toplam],Tablo1[Hisse],Portföy!A50,Tablo1[İşlem],"ALIŞ"),0) -> -7428.9
A51: KRSTL | B51: GIDA İÇECEK | C51: =SUMIFS(Tablo1[Adet],Tablo1[Hisse],Portföy!A51,Tablo1[İşlem],"ALIŞ")-SUMIFS(Tablo1[Adet],Tablo1[Hisse],Portföy!A51,Tablo1[İşlem],"SATIŞ") -> 0 | D51: =IFERROR((SUMIFS(Tablo1[Toplam],Tablo1[Hisse],Portföy!A51,Tablo1[İşlem],"ALIŞ")-SUMIFS(Tablo1[Toplam],Tablo1[Hisse],Portföy!A51,Tablo1[İşlem],"SATIŞ"))/C51,0) -> 0 | E51: =+D51*C51 -> 0 | F51: =SUMIFS(Tablo2[Son Fiyat],Tablo2[Şirket],Portföy!A51) -> 5.8 | G51: =+F51*C51 -> 0 | H51: =+G51-E51+IF(Portföy!C51=0,SUMIFS(Tablo1[Toplam],Tablo1[Hisse],Portföy!A51,Tablo1[İşlem],"SATIŞ")-SUMIFS(Tablo1[Toplam],Tablo1[Hisse],Portföy!A51,Tablo1[İşlem],"ALIŞ"),0) -> 295.95
A52: MARKA | B52: HOLDİNG | C52: =SUMIFS(Tablo1[Adet],Tablo1[Hisse],Portföy!A52,Tablo1[İşlem],"ALIŞ")-SUMIFS(Tablo1[Adet],Tablo1[Hisse],Portföy!A52,Tablo1[İşlem],"SATIŞ") -> 20 | D52: =IFERROR((SUMIFS(Tablo1[Toplam],Tablo1[Hisse],Portföy!A52,Tablo1[İşlem],"ALIŞ")-SUMIFS(Tablo1[Toplam],Tablo1[Hisse],Portföy!A52,Tablo1[İşlem],"SATIŞ"))/C52,0) -> -175.4625 | E52: =+D52*C52 -> -3509.25 | F52: =SUMIFS(Tablo2[Son Fiyat],Tablo2[Şirket],Portföy!A52) -> 57.2 | G52: =+F52*C52 -> 1144 | H52: =+G52-E52+IF(Portföy!C52=0,SUMIFS(Tablo1[Toplam],Tablo1[Hisse],Portföy!A52,Tablo1[İşlem],"SATIŞ")-SUMIFS(Tablo1[Toplam],Tablo1[Hisse],Portföy!A52,Tablo1[İşlem],"ALIŞ"),0) -> 4653.25
A53: MEGAP | B53: KİMYA PLASTİK | C53: =SUMIFS(Tablo1[Adet],Tablo1[Hisse],Portföy!A53,Tablo1[İşlem],"ALIŞ")-SUMIFS(Tablo1[Adet],Tablo1[Hisse],Portföy!A53,Tablo1[İşlem],"SATIŞ") -> 0 | D53: =IFERROR((SUMIFS(Tablo1[Toplam],Tablo1[Hisse],Portföy!A53,Tablo1[İşlem],"ALIŞ")-SUMIFS(Tablo1[Toplam],Tablo1[Hisse],Portföy!A53,Tablo1[İşlem],"SATIŞ"))/C53,0) -> 0 | E53: =+D53*C53 -> 0 | F53: =SUMIFS(Tablo2[Son Fiyat],Tablo2[Şirket],Portföy!A53) -> 2.7 | G53: =+F53*C53 -> 0 | H53: =+G53-E53+IF(Portföy!C53=0,SUMIFS(Tablo1[Toplam],Tablo1[Hisse],Portföy!A53,Tablo1[İşlem],"SATIŞ")-SUMIFS(Tablo1[Toplam],Tablo1[Hisse],Portföy!A53,Tablo1[İşlem],"ALIŞ"),0) -> 326
A54: MTRKS | B54: BİLİŞİM YAZILIM | C54: =SUMIFS(Tablo1[Adet],Tablo1[Hisse],Portföy!A54,Tablo1[İşlem],"ALIŞ")-SUMIFS(Tablo1[Adet],Tablo1[Hisse],Portföy!A54,Tablo1[İşlem],"SATIŞ") -> 20 | D54: =IFERROR((SUMIFS(Tablo1[Toplam],Tablo1[Hisse],Portföy!A54,Tablo1[İşlem],"ALIŞ")-SUMIFS(Tablo1[Toplam],Tablo1[Hisse],Portföy!A54,Tablo1[İşlem],"SATIŞ"))/C54,0) -> 7.84 | E54: =+D54*C54 -> 156.8 | F54: =SUMIFS(Tablo2[Son Fiyat],Tablo2[Şirket],Portföy!A54) -> 20.66 | G54: =+F54*C54 -> 413.2 | H54: =+G54-E54+IF(Portföy!C54=0,SUMIFS(Tablo1[Toplam],Tablo1[Hisse],Portföy!A54,Tablo1[İşlem],"SATIŞ")-SUMIFS(Tablo1[Toplam],Tablo1[Hisse],Portföy!A54,Tablo1[İşlem],"ALIŞ"),0) -> 256.4
A55: OBASE | B55: BİLİŞİM YAZILIM | C55: =SUMIFS(Tablo1[Adet],Tablo1[Hisse],Portföy!A55,Tablo1[İşlem],"ALIŞ")-SUMIFS(Tablo1[Adet],Tablo1[Hisse],Portföy!A55,Tablo1[İşlem],"SATIŞ") -> 0 | D55: =IFERROR((SUMIFS(Tablo1[Toplam],Tablo1[Hisse],Portföy!A55,Tablo1[İşlem],"ALIŞ")-SUMIFS(Tablo1[Toplam],Tablo1[Hisse],Portföy!A55,Tablo1[İşlem],"SATIŞ"))/C55,0) -> 0 | E55: =+D55*C55 -> 0 | F55: =SUMIFS(Tablo2[Son Fiyat],Tablo2[Şirket],Portföy!A55) -> 32.12 | G55: =+F55*C55 -> 0 | H55: =+G55-E55+IF(Portföy!C55=0,SUMIFS(Tablo1[Toplam],Tablo1[Hisse],Portföy!A55,Tablo1[İşlem],"SATIŞ")-SUMIFS(Tablo1[Toplam],Tablo1[Hisse],Portföy!A55,Tablo1[İşlem],"ALIŞ"),0) -> 380.3
A56: ONCSM | B56: SAĞLIK İLAÇ | C56: =SUMIFS(Tablo1[Adet],Tablo1[Hisse],Portföy!A56,Tablo1[İşlem],"ALIŞ")-SUMIFS(Tablo1[Adet],Tablo1[Hisse],Portföy!A56,Tablo1[İşlem],"SATIŞ") -> 0 | D56: =IFERROR((SUMIFS(Tablo1[Toplam],Tablo1[Hisse],Portföy!A56,Tablo1[İşlem],"ALIŞ")-SUMIFS(Tablo1[Toplam],Tablo1[Hisse],Portföy!A56,Tablo1[İşlem],"SATIŞ"))/C56,0) -> 0 | E56: =+D56*C56 -> 0 | F56: =SUMIFS(Tablo2[Son Fiyat],Tablo2[Şirket],Portföy!A56) -> 107.2 | G56: =+F56*C56 -> 0 | H56: =+G56-E56+IF(Portföy!C56=0,SUMIFS(Tablo1[Toplam],Tablo1[Hisse],Portföy!A56,Tablo1[İşlem],"SATIŞ")-SUMIFS(Tablo1[Toplam],Tablo1[Hisse],Portföy!A56,Tablo1[İşlem],"ALIŞ"),0) -> 667.8
A57: ORGE | C57: =SUMIFS(Tablo1[Adet],Tablo1[Hisse],Portföy!A57,Tablo1[İşlem],"ALIŞ")-SUMIFS(Tablo1[Adet],Tablo1[Hisse],Portföy!A57,Tablo1[İşlem],"SATIŞ") -> 0 | D57: =IFERROR((SUMIFS(Tablo1[Toplam],Tablo1[Hisse],Portföy!A57,Tablo1[İşlem],"ALIŞ")-SUMIFS(Tablo1[Toplam],Tablo1[Hisse],Portföy!A57,Tablo1[İşlem],"SATIŞ"))/C57,0) -> 0 | E57: =+D57*C57 -> 0 | F57: =SUMIFS(Tablo2[Son Fiyat],Tablo2[Şirket],Portföy!A57) -> 84.9 | G57: =+F57*C57 -> 0 | H57: =+G57-E57+IF(Portföy!C57=0,SUMIFS(Tablo1[Toplam],Tablo1[Hisse],Portföy!A57,Tablo1[İşlem],"SATIŞ")-SUMIFS(Tablo1[Toplam],Tablo1[Hisse],Portföy!A57,Tablo1[İşlem],"ALIŞ"),0) -> 511.25
A58: OSTIM | B58: HOLDİNG | C58: =SUMIFS(Tablo1[Adet],Tablo1[Hisse],Portföy!A58,Tablo1[İşlem],"ALIŞ")-SUMIFS(Tablo1[Adet],Tablo1[Hisse],Portföy!A58,Tablo1[İşlem],"SATIŞ") -> 0 | D58: =IFERROR((SUMIFS(Tablo1[Toplam],Tablo1[Hisse],Portföy!A58,Tablo1[İşlem],"ALIŞ")-SUMIFS(Tablo1[Toplam],Tablo1[Hisse],Portföy!A58,Tablo1[İşlem],"SATIŞ"))/C58,0) -> 0 | E58: =+D58*C58 -> 0 | F58: =SUMIFS(Tablo2[Son Fiyat],Tablo2[Şirket],Portföy!A58) -> 10.3 | G58: =+F58*C58 -> 0 | H58: =+G58-E58+IF(Portföy!C58=0,SUMIFS(Tablo1[Toplam],Tablo1[Hisse],Portföy!A58,Tablo1[İşlem],"SATIŞ")-SUMIFS(Tablo1[Toplam],Tablo1[Hisse],Portföy!A58,Tablo1[İşlem],"ALIŞ"),0) -> 539.75
A59: OZRDN | B59: TEKSTİL | C59: =SUMIFS(Tablo1[Adet],Tablo1[Hisse],Portföy!A59,Tablo1[İşlem],"ALIŞ")-SUMIFS(Tablo1[Adet],Tablo1[Hisse],Portföy!A59,Tablo1[İşlem],"SATIŞ") -> 0 | D59: =IFERROR((SUMIFS(Tablo1[Toplam],Tablo1[Hisse],Portföy!A59,Tablo1[İşlem],"ALIŞ")-SUMIFS(Tablo1[Toplam],Tablo1[Hisse],Portföy!A59,Tablo1[İşlem],"SATIŞ"))/C59,0) -> 0 | E59: =+D59*C59 -> 0 | F59: =SUMIFS(Tablo2[Son Fiyat],Tablo2[Şirket],Portföy!A59) -> 9.5 | G59: =+F59*C59 -> 0 | H59: =+G59-E59+IF(Portföy!C59=0,SUMIFS(Tablo1[Toplam],Tablo1[Hisse],Portföy!A59,Tablo1[İşlem],"SATIŞ")-SUMIFS(Tablo1[Toplam],Tablo1[Hisse],Portföy!A59,Tablo1[İşlem],"ALIŞ"),0) -> -4373.7
A60: OYAKC | B60: ÇİMENTO | C60: =SUMIFS(Tablo1[Adet],Tablo1[Hisse],Portföy!A60,Tablo1[İşlem],"ALIŞ")-SUMIFS(Tablo1[Adet],Tablo1[Hisse],Portföy!A60,Tablo1[İşlem],"SATIŞ") -> 0 | D60: =IFERROR((SUMIFS(Tablo1[Toplam],Tablo1[Hisse],Portföy!A60,Tablo1[İşlem],"ALIŞ")-SUMIFS(Tablo1[Toplam],Tablo1[Hisse],Portföy!A60,Tablo1[İşlem],"SATIŞ"))/C60,0) -> 0 | E60: =+D60*C60 -> 0 | F60: =SUMIFS(Tablo2[Son Fiyat],Tablo2[Şirket],Portföy!A60) -> 24.26 | G60: =+F60*C60 -> 0 | H60: =+G60-E60+IF(Portföy!C60=0,SUMIFS(Tablo1[Toplam],Tablo1[Hisse],Portföy!A60,Tablo1[İşlem],"SATIŞ")-SUMIFS(Tablo1[Toplam],Tablo1[Hisse],Portföy!A60,Tablo1[İşlem],"ALIŞ"),0) -> 65
A61: PCILT | C61: =SUMIFS(Tablo1[Adet],Tablo1[Hisse],Portföy!A61,Tablo1[İşlem],"ALIŞ")-SUMIFS(Tablo1[Adet],Tablo1[Hisse],Portföy!A61,Tablo1[İşlem],"SATIŞ") -> 0 | D61: =IFERROR((SUMIFS(Tablo1[Toplam],Tablo1[Hisse],Portföy!A61,Tablo1[İşlem],"ALIŞ")-SUMIFS(Tablo1[Toplam],Tablo1[Hisse],Portföy!A61,Tablo1[İşlem],"SATIŞ"))/C61,0) -> 0 | E61: =+D61*C61 -> 0 | F61: =SUMIFS(Tablo2[Son Fiyat],Tablo2[Şirket],Portföy!A61) -> 17.64 | G61: =+F61*C61 -> 0 | H61: =+G61-E61+IF(Portföy!C61=0,SUMIFS(Tablo1[Toplam],Tablo1[Hisse],Portföy!A61,Tablo1[İşlem],"SATIŞ")-SUMIFS(Tablo1[Toplam],Tablo1[Hisse],Portföy!A61,Tablo1[İşlem],"ALIŞ"),0) -> -58.2
A62: PEKGY | C62: =SUMIFS(Tablo1[Adet],Tablo1[Hisse],Portföy!A62,Tablo1[İşlem],"ALIŞ")-SUMIFS(Tablo1[Adet],Tablo1[Hisse],Portföy!A62,Tablo1[İşlem],"SATIŞ") -> 0 | D62: =IFERROR((SUMIFS(Tablo1[Toplam],Tablo1[Hisse],Portföy!A62,Tablo1[İşlem],"ALIŞ")-SUMIFS(Tablo1[Toplam],Tablo1[Hisse],Portföy!A62,Tablo1[İşlem],"SATIŞ"))/C62,0) -> 0 | E62: =+D62*C62 -> 0 | F62: =SUMIFS(Tablo2[Son Fiyat],Tablo2[Şirket],Portföy!A62) -> 1.38 | G62: =+F62*C62 -> 0 | H62: =+G62-E62+IF(Portföy!C62=0,SUMIFS(Tablo1[Toplam],Tablo1[Hisse],Portföy!A62,Tablo1[İşlem],"SATIŞ")-SUMIFS(Tablo1[Toplam],Tablo1[Hisse],Portföy!A62,Tablo1[İşlem],"ALIŞ"),0) -> 0
A63: PENTA | B63: TEKNOLOJİK ÜRÜN T. | C63: =SUMIFS(Tablo1[Adet],Tablo1[Hisse],Portföy!A63,Tablo1[İşlem],"ALIŞ")-SUMIFS(Tablo1[Adet],Tablo1[Hisse],Portföy!A63,Tablo1[İşlem],"SATIŞ") -> 110 | D63: =IFERROR((SUMIFS(Tablo1[Toplam],Tablo1[Hisse],Portföy!A63,Tablo1[İşlem],"ALIŞ")-SUMIFS(Tablo1[Toplam],Tablo1[Hisse],Portföy!A63,Tablo1[İşlem],"SATIŞ"))/C63,0) -> 10.695455 | E63: =+D63*C63 -> 1176.5 | F63: =SUMIFS(Tablo2[Son Fiyat],Tablo2[Şirket],Portföy!A63) -> 15.61 | G63: =+F63*C63 -> 1717.1 | H63: =+G63-E63+IF(Portföy!C63=0,SUMIFS(Tablo1[Toplam],Tablo1[Hisse],Portföy!A63,Tablo1[İşlem],"SATIŞ")-SUMIFS(Tablo1[Toplam],Tablo1[Hisse],Portföy!A63,Tablo1[İşlem],"ALIŞ"),0) -> 540.6
A64: PLTUR | B64: SERVİS | C64: =SUMIFS(Tablo1[Adet],Tablo1[Hisse],Portföy!A64,Tablo1[İşlem],"ALIŞ")-SUMIFS(Tablo1[Adet],Tablo1[Hisse],Portföy!A64,Tablo1[İşlem],"SATIŞ") -> 0 | D64: =IFERROR((SUMIFS(Tablo1[Toplam],Tablo1[Hisse],Portföy!A64,Tablo1[İşlem],"ALIŞ")-SUMIFS(Tablo1[Toplam],Tablo1[Hisse],Portföy!A64,Tablo1[İşlem],"SATIŞ"))/C64,0) -> 0 | E64: =+D64*C64 -> 0 | F64: =SUMIFS(Tablo2[Son Fiyat],Tablo2[Şirket],Portföy!A64) -> 32.24 | G64: =+F64*C64 -> 0 | H64: =+G64-E64+IF(Portföy!C64=0,SUMIFS(Tablo1[Toplam],Tablo1[Hisse],Portföy!A64,Tablo1[İşlem],"SATIŞ")-SUMIFS(Tablo1[Toplam],Tablo1[Hisse],Portföy!A64,Tablo1[İşlem],"ALIŞ"),0) -> 26.04
A65: POLTK | C65: =SUMIFS(Tablo1[Adet],Tablo1[Hisse],Portföy!A65,Tablo1[İşlem],"ALIŞ")-SUMIFS(Tablo1[Adet],Tablo1[Hisse],Portföy!A65,Tablo1[İşlem],"SATIŞ") -> 0 | D65: =IFERROR((SUMIFS(Tablo1[Toplam],Tablo1[Hisse],Portföy!A65,Tablo1[İşlem],"ALIŞ")-SUMIFS(Tablo1[Toplam],Tablo1[Hisse],Portföy!A65,Tablo1[İşlem],"SATIŞ"))/C65,0) -> 0 | E65: =+D65*C65 -> 0 | F65: =SUMIFS(Tablo2[Son Fiyat],Tablo2[Şirket],Portföy!A65) -> 6780 | G65: =+F65*C65 -> 0 | H65: =+G65-E65+IF(Portföy!C65=0,SUMIFS(Tablo1[Toplam],Tablo1[Hisse],Portföy!A65,Tablo1[İşlem],"SATIŞ")-SUMIFS(Tablo1[Toplam],Tablo1[Hisse],Portföy!A65,Tablo1[İşlem],"ALIŞ"),0) -> -1350
A66: PRDGS | B66: GİRİŞİM | C66: =SUMIFS(Tablo1[Adet],Tablo1[Hisse],Portföy!A66,Tablo1[İşlem],"ALIŞ")-SUMIFS(Tablo1[Adet],Tablo1[Hisse],Portföy!A66,Tablo1[İşlem],"SATIŞ") -> 330 | D66: =IFERROR((SUMIFS(Tablo1[Toplam],Tablo1[Hisse],Portföy!A66,Tablo1[İşlem],"ALIŞ")-SUMIFS(Tablo1[Toplam],Tablo1[Hisse],Portföy!A66,Tablo1[İşlem],"SATIŞ"))/C66,0) -> 3.5293939 | E66: =+D66*C66 -> 1164.7 | F66: =SUMIFS(Tablo2[Son Fiyat],Tablo2[Şirket],Portföy!A66) -> 5.03 | G66: =+F66*C66 -> 1659.9 | H66: =+G66-E66+IF(Portföy!C66=0,SUMIFS(Tablo1[Toplam],Tablo1[Hisse],Portföy!A66,Tablo1[İşlem],"SATIŞ")-SUMIFS(Tablo1[Toplam],Tablo1[Hisse],Portföy!A66,Tablo1[İşlem],"ALIŞ"),0) -> 495.2
A67: PRKAB | C67: =SUMIFS(Tablo1[Adet],Tablo1[Hisse],Portföy!A67,Tablo1[İşlem],"ALIŞ")-SUMIFS(Tablo1[Adet],Tablo1[Hisse],Portföy!A67,Tablo1[İşlem],"SATIŞ") -> 0 | D67: =IFERROR((SUMIFS(Tablo1[Toplam],Tablo1[Hisse],Portföy!A67,Tablo1[İşlem],"ALIŞ")-SUMIFS(Tablo1[Toplam],Tablo1[Hisse],Portföy!A67,Tablo1[İşlem],"SATIŞ"))/C67,0) -> 0 | E67: =+D67*C67 -> 0 | F67: =SUMIFS(Tablo2[Son Fiyat],Tablo2[Şirket],Portföy!A67) -> 30.46 | G67: =+F67*C67 -> 0 | H67: =+G67-E67+IF(Portföy!C67=0,SUMIFS(Tablo1[Toplam],Tablo1[Hisse],Portföy!A67,Tablo1[İşlem],"SATIŞ")-SUMIFS(Tablo1[Toplam],Tablo1[Hisse],Portföy!A67,Tablo1[İşlem],"ALIŞ"),0) -> 275.2
A68: PRKME | B68: ENERJİ ÜRETİM DAĞ. | C68: =SUMIFS(Tablo1[Adet],Tablo1[Hisse],Portföy!A68,Tablo1[İşlem],"ALIŞ")-SUMIFS(Tablo1[Adet],Tablo1[Hisse],Portföy!A68,Tablo1[İşlem],"SATIŞ") -> 25 | D68: =IFERROR((SUMIFS(Tablo1[Toplam],Tablo1[Hisse],Portföy!A68,Tablo1[İşlem],"ALIŞ")-SUMIFS(Tablo1[Toplam],Tablo1[Hisse],Portföy!A68,Tablo1[İşlem],"SATIŞ"))/C68,0) -> 13.35 | E68: =+D68*C68 -> 333.75 | F68: =SUMIFS(Tablo2[Son Fiyat],Tablo2[Şirket],Portföy!A68) -> 20.5 | G68: =+F68*C68 -> 512.5 | H68: =+G68-E68+IF(Portföy!C68=0,SUMIFS(Tablo1[Toplam],Tablo1[Hisse],Portföy!A68,Tablo1[İşlem],"SATIŞ")-SUMIFS(Tablo1[Toplam],Tablo1[Hisse],Portföy!A68,Tablo1[İşlem],"ALIŞ"),0) -> 178.75
A69: SAFKR | C69: =SUMIFS(Tablo1[Adet],Tablo1[Hisse],Portföy!A69,Tablo1[İşlem],"ALIŞ")-SUMIFS(Tablo1[Adet],Tablo1[Hisse],Portföy!A69,Tablo1[İşlem],"SATIŞ") -> 0 | D69: =IFERROR((SUMIFS(Tablo1[Toplam],Tablo1[Hisse],Portföy!A69,Tablo1[İşlem],"ALIŞ")-SUMIFS(Tablo1[Toplam],Tablo1[Hisse],Portföy!A69,Tablo1[İşlem],"SATIŞ"))/C69,0) -> 0 | E69: =+D69*C69 -> 0 | F69: =SUMIFS(Tablo2[Son Fiyat],Tablo2[Şirket],Portföy!A69) -> 59.65 | G69: =+F69*C69 -> 0 | H69: =+G69-E69+IF(Portföy!C69=0,SUMIFS(Tablo1[Toplam],Tablo1[Hisse],Portföy!A69,Tablo1[İşlem],"SATIŞ")-SUMIFS(Tablo1[Toplam],Tablo1[Hisse],Portföy!A69,Tablo1[İşlem],"ALIŞ"),0) -> 0
A70: SAHOL | B70: HOLDİNG | C70: =SUMIFS(Tablo1[Adet],Tablo1[Hisse],Portföy!A70,Tablo1[İşlem],"ALIŞ")-SUMIFS(Tablo1[Adet],Tablo1[Hisse],Portföy!A70,Tablo1[İşlem],"SATIŞ") -> 0 | D70: =IFERROR((SUMIFS(Tablo1[Toplam],Tablo1[Hisse],Portföy!A70,Tablo1[İşlem],"ALIŞ")-SUMIFS(Tablo1[Toplam],Tablo1[Hisse],Portföy!A70,Tablo1[İşlem],"SATIŞ"))/C70,0) -> 0 | E70: =+D70*C70 -> 0 | F70: =SUMIFS(Tablo2[Son Fiyat],Tablo2[Şirket],Portföy!A70) -> 99.9 | G70: =+F70*C70 -> 0 | H70: =+G70-E70+IF(Portföy!C70=0,SUMIFS(Tablo1[Toplam],Tablo1[Hisse],Portföy!A70,Tablo1[İşlem],"SATIŞ")-SUMIFS(Tablo1[Toplam],Tablo1[Hisse],Portföy!A70,Tablo1[İşlem],"ALIŞ"),0) -> -202
A71: SDTTR | C71: =SUMIFS(Tablo1[Adet],Tablo1[Hisse],Portföy!A71,Tablo1[İşlem],"ALIŞ")-SUMIFS(Tablo1[Adet],Tablo1[Hisse],Portföy!A71,Tablo1[İşlem],"SATIŞ") -> 0 | D71: =IFERROR((SUMIFS(Tablo1[Toplam],Tablo1[Hisse],Portföy!A71,Tablo1[İşlem],"ALIŞ")-SUMIFS(Tablo1[Toplam],Tablo1[Hisse],Portföy!A71,Tablo1[İşlem],"SATIŞ"))/C71,0) -> 0 | E71: =+D71*C71 -> 0 | F71: =SUMIFS(Tablo2[Son Fiyat],Tablo2[Şirket],Portföy!A71) -> 197 | G71: =+F71*C71 -> 0 | H71: =+G71-E71+IF(Portföy!C71=0,SUMIFS(Tablo1[Toplam],Tablo1[Hisse],Portföy!A71,Tablo1[İşlem],"SATIŞ")-SUMIFS(Tablo1[Toplam],Tablo1[Hisse],Portföy!A71,Tablo1[İşlem],"ALIŞ"),0) -> 0
A72: SMART | C72: =SUMIFS(Tablo1[Adet],Tablo1[Hisse],Portföy!A72,Tablo1[İşlem],"ALIŞ")-SUMIFS(Tablo1[Adet],Tablo1[Hisse],Portföy!A72,Tablo1[İşlem],"SATIŞ") -> 0 | D72: =IFERROR((SUMIFS(Tablo1[Toplam],Tablo1[Hisse],Portföy!A72,Tablo1[İşlem],"ALIŞ")-SUMIFS(Tablo1[Toplam],Tablo1[Hisse],Portföy!A72,Tablo1[İşlem],"SATIŞ"))/C72,0) -> 0 | E72: =+D72*C72 -> 0 | F72: =SUMIFS(Tablo2[Son Fiyat],Tablo2[Şirket],Portföy!A72) -> 32.98 | G72: =+F72*C72 -> 0 | H72: =+G72-E72+IF(Portföy!C72=0,SUMIFS(Tablo1[Toplam],Tablo1[Hisse],Portföy!A72,Tablo1[İşlem],"SATIŞ")-SUMIFS(Tablo1[Toplam],Tablo1[Hisse],Portföy!A72,Tablo1[İşlem],"ALIŞ"),0) -> -2886
A73: SMRTG | C73: =SUMIFS(Tablo1[Adet],Tablo1[Hisse],Portföy!A73,Tablo1[İşlem],"ALIŞ")-SUMIFS(Tablo1[Adet],Tablo1[Hisse],Portföy!A73,Tablo1[İşlem],"SATIŞ") -> 0 | D73: =IFERROR((SUMIFS(Tablo1[Toplam],Tablo1[Hisse],Portföy!A73,Tablo1[İşlem],"ALIŞ")-SUMIFS(Tablo1[Toplam],Tablo1[Hisse],Portföy!A73,Tablo1[İşlem],"SATIŞ"))/C73,0) -> 0 | E73: =+D73*C73 -> 0 | F73: =SUMIFS(Tablo2[Son Fiyat],Tablo2[Şirket],Portföy!A73) -> 44.14 | G73: =+F73*C73 -> 0 | H73: =+G73-E73+IF(Portföy!C73=0,SUMIFS(Tablo1[Toplam],Tablo1[Hisse],Portföy!A73,Tablo1[İşlem],"SATIŞ")-SUMIFS(Tablo1[Toplam],Tablo1[Hisse],Portföy!A73,Tablo1[İşlem],"ALIŞ"),0) -> -4584
A74: SNICA | B74: İMALAT | C74: =SUMIFS(Tablo1[Adet],Tablo1[Hisse],Portföy!A74,Tablo1[İşlem],"ALIŞ")-SUMIFS(Tablo1[Adet],Tablo1[Hisse],Portföy!A74,Tablo1[İşlem],"SATIŞ") -> 1000 | D74: =IFERROR((SUMIFS(Tablo1[Toplam],Tablo1[Hisse],Portföy!A74,Tablo1[İşlem],"ALIŞ")-SUMIFS(Tablo1[Toplam],Tablo1[Hisse],Portföy!A74,Tablo1[İşlem],"SATIŞ"))/C74,0) -> 5.37025 | E74: =+D74*C74 -> 5370.25 | F74: =SUMIFS(Tablo2[Son Fiyat],Tablo2[Şirket],Portföy!A74) -> 5.03 | G74: =+F74*C74 -> 5030 | H74: =+G74-E74+IF(Portföy!C74=0,SUMIFS(Tablo1[Toplam],Tablo1[Hisse],Portföy!A74,Tablo1[İşlem],"SATIŞ")-SUMIFS(Tablo1[Toplam],Tablo1[Hisse],Portföy!A74,Tablo1[İşlem],"ALIŞ"),0) -> -340.25
A75: SNPAM | C75: =SUMIFS(Tablo1[Adet],Tablo1[Hisse],Portföy!A75,Tablo1[İşlem],"ALIŞ")-SUMIFS(Tablo1[Adet],Tablo1[Hisse],Portföy!A75,Tablo1[İşlem],"SATIŞ") -> 0 | D75: =IFERROR((SUMIFS(Tablo1[Toplam],Tablo1[Hisse],Portföy!A75,Tablo1[İşlem],"ALIŞ")-SUMIFS(Tablo1[Toplam],Tablo1[Hisse],Portföy!A75,Tablo1[İşlem],"SATIŞ"))/C75,0) -> 0 | E75: =+D75*C75 -> 0 | F75: =SUMIFS(Tablo2[Son Fiyat],Tablo2[Şirket],Portföy!A75) -> 58.65 | G75: =+F75*C75 -> 0 | H75: =+G75-E75+IF(Portföy!C75=0,SUMIFS(Tablo1[Toplam],Tablo1[Hisse],Portföy!A75,Tablo1[İşlem],"SATIŞ")-SUMIFS(Tablo1[Toplam],Tablo1[Hisse],Portföy!A75,Tablo1[İşlem],"ALIŞ"),0) -> 110
A76: TARKM | C76: =SUMIFS(Tablo1[Adet],Tablo1[Hisse],Portföy!A76,Tablo1[İşlem],"ALIŞ")-SUMIFS(Tablo1[Adet],Tablo1[Hisse],Portföy!A76,Tablo1[İşlem],"SATIŞ") -> 3 | D76: =IFERROR((SUMIFS(Tablo1[Toplam],Tablo1[Hisse],Portföy!A76,Tablo1[İşlem],"ALIŞ")-SUMIFS(Tablo1[Toplam],Tablo1[Hisse],Portföy!A76,Tablo1[İşlem],"SATIŞ"))/C76,0) -> 355.51667 | E76: =+D76*C76 -> 1066.55 | F76: =SUMIFS(Tablo2[Son Fiyat],Tablo2[Şirket],Portföy!A76) -> 395.25 | G76: =+F76*C76 -> 1185.75 | H76: =+G76-E76+IF(Portföy!C76=0,SUMIFS(Tablo1[Toplam],Tablo1[Hisse],Portföy!A76,Tablo1[İşlem],"SATIŞ")-SUMIFS(Tablo1[Toplam],Tablo1[Hisse],Portföy!A76,Tablo1[İşlem],"ALIŞ"),0) -> 119.2
A77: TAVHL | B77: ULAŞTIRMA | C77: =SUMIFS(Tablo1[Adet],Tablo1[Hisse],Portföy!A77,Tablo1[İşlem],"ALIŞ")-SUMIFS(Tablo1[Adet],Tablo1[Hisse],Portföy!A77,Tablo1[İşlem],"SATIŞ") -> 5 | D77: =IFERROR((SUMIFS(Tablo1[Toplam],Tablo1[Hisse],Portföy!A77,Tablo1[İşlem],"ALIŞ")-SUMIFS(Tablo1[Toplam],Tablo1[Hisse],Portföy!A77,Tablo1[İşlem],"SATIŞ"))/C77,0) -> 298.6 | E77: =+D77*C77 -> 1493 | F77: =SUMIFS(Tablo2[Son Fiyat],Tablo2[Şirket],Portföy!A77) -> 277.75 | G77: =+F77*C77 -> 1388.75 | H77: =+G77-E77+IF(Portföy!C77=0,SUMIFS(Tablo1[Toplam],Tablo1[Hisse],Portföy!A77,Tablo1[İşlem],"SATIŞ")-SUMIFS(Tablo1[Toplam],Tablo1[Hisse],Portföy!A77,Tablo1[İşlem],"ALIŞ"),0) -> -104.25
A78: TDGYO | B78: GYO | C78: =SUMIFS(Tablo1[Adet],Tablo1[Hisse],Portföy!A78,Tablo1[İşlem],"ALIŞ")-SUMIFS(Tablo1[Adet],Tablo1[Hisse],Portföy!A78,Tablo1[İşlem],"SATIŞ") -> 0 | D78: =IFERROR((SUMIFS(Tablo1[Toplam],Tablo1[Hisse],Portföy!A78,Tablo1[İşlem],"ALIŞ")-SUMIFS(Tablo1[Toplam],Tablo1[Hisse],Portföy!A78,Tablo1[İşlem],"SATIŞ"))/C78,0) -> 0 | E78: =+D78*C78 -> 0 | F78: =SUMIFS(Tablo2[Son Fiyat],Tablo2[Şirket],Portföy!A78) -> 15.87 | G78: =+F78*C78 -> 0 | H78: =+G78-E78+IF(Portföy!C78=0,SUMIFS(Tablo1[Toplam],Tablo1[Hisse],Portföy!A78,Tablo1[İşlem],"SATIŞ")-SUMIFS(Tablo1[Toplam],Tablo1[Hisse],Portföy!A78,Tablo1[İşlem],"ALIŞ"),0) -> 405.5
A79: THYAO | B79: ULAŞTIRMA | C79: =SUMIFS(Tablo1[Adet],Tablo1[Hisse],Portföy!A79,Tablo1[İşlem],"ALIŞ")-SUMIFS(Tablo1[Adet],Tablo1[Hisse],Portföy!A79,Tablo1[İşlem],"SATIŞ") -> 0 | D79: =IFERROR((SUMIFS(Tablo1[Toplam],Tablo1[Hisse],Portföy!A79,Tablo1[İşlem],"ALIŞ")-SUMIFS(Tablo1[Toplam],Tablo1[Hisse],Portföy!A79,Tablo1[İşlem],"SATIŞ"))/C79,0) -> 0 | E79: =+D79*C79 -> 0 | F79: =SUMIFS(Tablo2[Son Fiyat],Tablo2[Şirket],Portföy!A79) -> 317 | G79: =+F79*C79 -> 0 | H79: =+G79-E79+IF(Portföy!C79=0,SUMIFS(Tablo1[Toplam],Tablo1[Hisse],Portföy!A79,Tablo1[İşlem],"SATIŞ")-SUMIFS(Tablo1[Toplam],Tablo1[Hisse],Portföy!A79,Tablo1[İşlem],"ALIŞ"),0) -> 165.3
A80: TLMAN | B80: ULAŞTIRMA | C80: =SUMIFS(Tablo1[Adet],Tablo1[Hisse],Portföy!A80,Tablo1[İşlem],"ALIŞ")-SUMIFS(Tablo1[Adet],Tablo1[Hisse],Portföy!A80,Tablo1[İşlem],"SATIŞ") -> 15 | D80: =IFERROR((SUMIFS(Tablo1[Toplam],Tablo1[Hisse],Portföy!A80,Tablo1[İşlem],"ALIŞ")-SUMIFS(Tablo1[Toplam],Tablo1[Hisse],Portföy!A80,Tablo1[İşlem],"SATIŞ"))/C80,0) -> 86.466667 | E80: =+D80*C80 -> 1297 | F80: =SUMIFS(Tablo2[Son Fiyat],Tablo2[Şirket],Portföy!A80) -> 91 | G80: =+F80*C80 -> 1365 | H80: =+G80-E80+IF(Portföy!C80=0,SUMIFS(Tablo1[Toplam],Tablo1[Hisse],Portföy!A80,Tablo1[İşlem],"SATIŞ")-SUMIFS(Tablo1[Toplam],Tablo1[Hisse],Portföy!A80,Tablo1[İşlem],"ALIŞ"),0) -> 68
A81: TMSN | C81: =SUMIFS(Tablo1[Adet],Tablo1[Hisse],Portföy!A81,Tablo1[İşlem],"ALIŞ")-SUMIFS(Tablo1[Adet],Tablo1[Hisse],Portföy!A81,Tablo1[İşlem],"SATIŞ") -> 0 | D81: =IFERROR((SUMIFS(Tablo1[Toplam],Tablo1[Hisse],Portföy!A81,Tablo1[İşlem],"ALIŞ")-SUMIFS(Tablo1[Toplam],Tablo1[Hisse],Portföy!A81,Tablo1[İşlem],"SATIŞ"))/C81,0) -> 0 | E81: =+D81*C81 -> 0 | F81: =SUMIFS(Tablo2[Son Fiyat],Tablo2[Şirket],Portföy!A81) -> 112 | G81: =+F81*C81 -> 0 | H81: =+G81-E81+IF(Portföy!C81=0,SUMIFS(Tablo1[Toplam],Tablo1[Hisse],Portföy!A81,Tablo1[İşlem],"SATIŞ")-SUMIFS(Tablo1[Toplam],Tablo1[Hisse],Portföy!A81,Tablo1[İşlem],"ALIŞ"),0) -> 7.5
A82: TNZTP | B82: SAĞLIK İLAÇ | C82: =SUMIFS(Tablo1[Adet],Tablo1[Hisse],Portföy!A82,Tablo1[İşlem],"ALIŞ")-SUMIFS(Tablo1[Adet],Tablo1[Hisse],Portföy!A82,Tablo1[İşlem],"SATIŞ") -> 205 | D82: =IFERROR((SUMIFS(Tablo1[Toplam],Tablo1[Hisse],Portföy!A82,Tablo1[İşlem],"ALIŞ")-SUMIFS(Tablo1[Toplam],Tablo1[Hisse],Portföy!A82,Tablo1[İşlem],"SATIŞ"))/C82,0) -> 63.326 | E82: =+D82*C82 -> 12981.83 | F82: =SUMIFS(Tablo2[Son Fiyat],Tablo2[Şirket],Portföy!A82) -> 52.05 | G82: =+F82*C82 -> 10670.25 | H82: =+G82-E82+IF(Portföy!C82=0,SUMIFS(Tablo1[Toplam],Tablo1[Hisse],Portföy!A82,Tablo1[İşlem],"SATIŞ")-SUMIFS(Tablo1[Toplam],Tablo1[Hisse],Portföy!A82,Tablo1[İşlem],"ALIŞ"),0) -> -2311.58
A83: TOASO | B83: OTOMOTİV | C83: =SUMIFS(Tablo1[Adet],Tablo1[Hisse],Portföy!A83,Tablo1[İşlem],"ALIŞ")-SUMIFS(Tablo1[Adet],Tablo1[Hisse],Portföy!A83,Tablo1[İşlem],"SATIŞ") -> 0 | D83: =IFERROR((SUMIFS(Tablo1[Toplam],Tablo1[Hisse],Portföy!A83,Tablo1[İşlem],"ALIŞ")-SUMIFS(Tablo1[Toplam],Tablo1[Hisse],Portföy!A83,Tablo1[İşlem],"SATIŞ"))/C83,0) -> 0 | E83: =+D83*C83 -> 0 | F83: =SUMIFS(Tablo2[Son Fiyat],Tablo2[Şirket],Portföy!A83) -> 222.5 | G83: =+F83*C83 -> 0 | H83: =+G83-E83+IF(Portföy!C83=0,SUMIFS(Tablo1[Toplam],Tablo1[Hisse],Portföy!A83,Tablo1[İşlem],"SATIŞ")-SUMIFS(Tablo1[Toplam],Tablo1[Hisse],Portföy!A83,Tablo1[İşlem],"ALIŞ"),0) -> -479.5
A84: TRILC | B84: SAĞLIK İLAÇ | C84: =SUMIFS(Tablo1[Adet],Tablo1[Hisse],Portföy!A84,Tablo1[İşlem],"ALIŞ")-SUMIFS(Tablo1[Adet],Tablo1[Hisse],Portföy!A84,Tablo1[İşlem],"SATIŞ") -> 150 | D84: =IFERROR((SUMIFS(Tablo1[Toplam],Tablo1[Hisse],Portföy!A84,Tablo1[İşlem],"ALIŞ")-SUMIFS(Tablo1[Toplam],Tablo1[Hisse],Portföy!A84,Tablo1[İşlem],"SATIŞ"))/C84,0) -> 15.348933 | E84: =+D84*C84 -> 2302.34 | F84: =SUMIFS(Tablo2[Son Fiyat],Tablo2[Şirket],Portföy!A84) -> 18.77 | G84: =+F84*C84 -> 2815.5 | H84: =+G84-E84+IF(Portföy!C84=0,SUMIFS(Tablo1[Toplam],Tablo1[Hisse],Portföy!A84,Tablo1[İşlem],"SATIŞ")-SUMIFS(Tablo1[Toplam],Tablo1[Hisse],Portföy!A84,Tablo1[İşlem],"ALIŞ"),0) -> 513.16
A85: TTKOM | B85: HABERLEŞME | C85: =SUMIFS(Tablo1[Adet],Tablo1[Hisse],Portföy!A85,Tablo1[İşlem],"ALIŞ")-SUMIFS(Tablo1[Adet],Tablo1[Hisse],Portföy!A85,Tablo1[İşlem],"SATIŞ") -> 0 | D85: =IFERROR((SUMIFS(Tablo1[Toplam],Tablo1[Hisse],Portföy!A85,Tablo1[İşlem],"ALIŞ")-SUMIFS(Tablo1[Toplam],Tablo1[Hisse],Portföy!A85,Tablo1[İşlem],"SATIŞ"))/C85,0) -> 0 | E85: =+D85*C85 -> 0 | F85: =SUMIFS(Tablo2[Son Fiyat],Tablo2[Şirket],Portföy!A85) -> 50.55 | G85: =+F85*C85 -> 0 | H85: =+G85-E85+IF(Portföy!C85=0,SUMIFS(Tablo1[Toplam],Tablo1[Hisse],Portföy!A85,Tablo1[İşlem],"SATIŞ")-SUMIFS(Tablo1[Toplam],Tablo1[Hisse],Portföy!A85,Tablo1[İşlem],"ALIŞ"),0) -> 1092.9
A86: TTRAK | B86: OTOMOTİV | C86: =SUMIFS(Tablo1[Adet],Tablo1[Hisse],Portföy!A86,Tablo1[İşlem],"ALIŞ")-SUMIFS(Tablo1[Adet],Tablo1[Hisse],Portföy!A86,Tablo1[İşlem],"SATIŞ") -> 0 | D86: =IFERROR((SUMIFS(Tablo1[Toplam],Tablo1[Hisse],Portföy!A86,Tablo1[İşlem],"ALIŞ")-SUMIFS(Tablo1[Toplam],Tablo1[Hisse],Portföy!A86,Tablo1[İşlem],"SATIŞ"))/C86,0) -> 0 | E86: =+D86*C86 -> 0 | F86: =SUMIFS(Tablo2[Son Fiyat],Tablo2[Şirket],Portföy!A86) -> 685 | G86: =+F86*C86 -> 0 | H86: =+G86-E86+IF(Portföy!C86=0,SUMIFS(Tablo1[Toplam],Tablo1[Hisse],Portföy!A86,Tablo1[İşlem],"SATIŞ")-SUMIFS(Tablo1[Toplam],Tablo1[Hisse],Portföy!A86,Tablo1[İşlem],"ALIŞ"),0) -> -1918.5
A87: TUCLK | B87: ANA METAL | C87: =SUMIFS(Tablo1[Adet],Tablo1[Hisse],Portföy!A87,Tablo1[İşlem],"ALIŞ")-SUMIFS(Tablo1[Adet],Tablo1[Hisse],Portföy!A87,Tablo1[İşlem],"SATIŞ") -> 0 | D87: =IFERROR((SUMIFS(Tablo1[Toplam],Tablo1[Hisse],Portföy!A87,Tablo1[İşlem],"ALIŞ")-SUMIFS(Tablo1[Toplam],Tablo1[Hisse],Portföy!A87,Tablo1[İşlem],"SATIŞ"))/C87,0) -> 0 | E87: =+D87*C87 -> 0 | F87: =SUMIFS(Tablo2[Son Fiyat],Tablo2[Şirket],Portföy!A87) -> 10.06 | G87: =+F87*C87 -> 0 | H87: =+G87-E87+IF(Portföy!C87=0,SUMIFS(Tablo1[Toplam],Tablo1[Hisse],Portföy!A87,Tablo1[İşlem],"SATIŞ")-SUMIFS(Tablo1[Toplam],Tablo1[Hisse],Portföy!A87,Tablo1[İşlem],"ALIŞ"),0) -> -483
A88: TUPRS | B88: KİMYA PLASTİK | C88: =SUMIFS(Tablo1[Adet],Tablo1[Hisse],Portföy!A88,Tablo1[İşlem],"ALIŞ")-SUMIFS(Tablo1[Adet],Tablo1[Hisse],Portföy!A88,Tablo1[İşlem],"SATIŞ") -> 153 | D88: =IFERROR((SUMIFS(Tablo1[Toplam],Tablo1[Hisse],Portföy!A88,Tablo1[İşlem],"ALIŞ")-SUMIFS(Tablo1[Toplam],Tablo1[Hisse],Portföy!A88,Tablo1[İşlem],"SATIŞ"))/C88,0) -> 177.05425 | E88: =+D88*C88 -> 27089.3 | F88: =SUMIFS(Tablo2[Son Fiyat],Tablo2[Şirket],Portföy!A88) -> 141.2 | G88: =+F88*C88 -> 21603.6 | H88: =+G88-E88+IF(Portföy!C88=0,SUMIFS(Tablo1[Toplam],Tablo1[Hisse],Portföy!A88,Tablo1[İşlem],"SATIŞ")-SUMIFS(Tablo1[Toplam],Tablo1[Hisse],Portföy!A88,Tablo1[İşlem],"ALIŞ"),0) -> -5485.7
A89: UNLU | C89: =SUMIFS(Tablo1[Adet],Tablo1[Hisse],Portföy!A89,Tablo1[İşlem],"ALIŞ")-SUMIFS(Tablo1[Adet],Tablo1[Hisse],Portföy!A89,Tablo1[İşlem],"SATIŞ") -> 0 | D89: =IFERROR((SUMIFS(Tablo1[Toplam],Tablo1[Hisse],Portföy!A89,Tablo1[İşlem],"ALIŞ")-SUMIFS(Tablo1[Toplam],Tablo1[Hisse],Portföy!A89,Tablo1[İşlem],"SATIŞ"))/C89,0) -> 0 | E89: =+D89*C89 -> 0 | F89: =SUMIFS(Tablo2[Son Fiyat],Tablo2[Şirket],Portföy!A89) -> 14.32 | G89: =+F89*C89 -> 0 | H89: =+G89-E89+IF(Portföy!C89=0,SUMIFS(Tablo1[Toplam],Tablo1[Hisse],Portföy!A89,Tablo1[İşlem],"SATIŞ")-SUMIFS(Tablo1[Toplam],Tablo1[Hisse],Portföy!A89,Tablo1[İşlem],"ALIŞ"),0) -> 44.5
A90: VBTYZ | B90: BİLİŞİM YAZILIM | C90: =SUMIFS(Tablo1[Adet],Tablo1[Hisse],Portföy!A90,Tablo1[İşlem],"ALIŞ")-SUMIFS(Tablo1[Adet],Tablo1[Hisse],Portföy!A90,Tablo1[İşlem],"SATIŞ") -> 35 | D90: =IFERROR((SUMIFS(Tablo1[Toplam],Tablo1[Hisse],Portföy!A90,Tablo1[İşlem],"ALIŞ")-SUMIFS(Tablo1[Toplam],Tablo1[Hisse],Portföy!A90,Tablo1[İşlem],"SATIŞ"))/C90,0) -> 16.957143 | E90: =+D90*C90 -> 593.5 | F90: =SUMIFS(Tablo2[Son Fiyat],Tablo2[Şirket],Portföy!A90) -> 25.2 | G90: =+F90*C90 -> 882 | H90: =+G90-E90+IF(Portföy!C90=0,SUMIFS(Tablo1[Toplam],Tablo1[Hisse],Portföy!A90,Tablo1[İşlem],"SATIŞ")-SUMIFS(Tablo1[Toplam],Tablo1[Hisse],Portföy!A90,Tablo1[İşlem],"ALIŞ"),0) -> 288.5
A91: VESBE | B91: DAY. TÜK. ÜRÜN | C91: =SUMIFS(Tablo1[Adet],Tablo1[Hisse],Portföy!A91,Tablo1[İşlem],"ALIŞ")-SUMIFS(Tablo1[Adet],Tablo1[Hisse],Portföy!A91,Tablo1[İşlem],"SATIŞ") -> 100 | D91: =IFERROR((SUMIFS(Tablo1[Toplam],Tablo1[Hisse],Portföy!A91,Tablo1[İşlem],"ALIŞ")-SUMIFS(Tablo1[Toplam],Tablo1[Hisse],Portföy!A91,Tablo1[İşlem],"SATIŞ"))/C91,0) -> 16.09 | E91: =+D91*C91 -> 1609 | F91: =SUMIFS(Tablo2[Son Fiyat],Tablo2[Şirket],Portföy!A91) -> 15.17 | G91: =+F91*C91 -> 1517 | H91: =+G91-E91+IF(Portföy!C91=0,SUMIFS(Tablo1[Toplam],Tablo1[Hisse],Portföy!A91,Tablo1[İşlem],"SATIŞ")-SUMIFS(Tablo1[Toplam],Tablo1[Hisse],Portföy!A91,Tablo1[İşlem],"ALIŞ"),0) -> -92
A92: VESTL | B92: DAY. TÜK. ÜRÜN | C92: =SUMIFS(Tablo1[Adet],Tablo1[Hisse],Portföy!A92,Tablo1[İşlem],"ALIŞ")-SUMIFS(Tablo1[Adet],Tablo1[Hisse],Portföy!A92,Tablo1[İşlem],"SATIŞ") -> 20 | D92: =IFERROR((SUMIFS(Tablo1[Toplam],Tablo1[Hisse],Portföy!A92,Tablo1[İşlem],"ALIŞ")-SUMIFS(Tablo1[Toplam],Tablo1[Hisse],Portföy!A92,Tablo1[İşlem],"SATIŞ"))/C92,0) -> 35.5775 | E92: =+D92*C92 -> 711.55 | F92: =SUMIFS(Tablo2[Son Fiyat],Tablo2[Şirket],Portföy!A92) -> 61.35 | G92: =+F92*C92 -> 1227 | H92: =+G92-E92+IF(Portföy!C92=0,SUMIFS(Tablo1[Toplam],Tablo1[Hisse],Portföy!A92,Tablo1[İşlem],"SATIŞ")-SUMIFS(Tablo1[Toplam],Tablo1[Hisse],Portföy!A92,Tablo1[İşlem],"ALIŞ"),0) -> 515.45
A93: YEOTK | B93: ENERJİ TEK. | C93: =SUMIFS(Tablo1[Adet],Tablo1[Hisse],Portföy!A93,Tablo1[İşlem],"ALIŞ")-SUMIFS(Tablo1[Adet],Tablo1[Hisse],Portföy!A93,Tablo1[İşlem],"SATIŞ") -> 0 | D93: =IFERROR((SUMIFS(Tablo1[Toplam],Tablo1[Hisse],Portföy!A93,Tablo1[İşlem],"ALIŞ")-SUMIFS(Tablo1[Toplam],Tablo1[Hisse],Portföy!A93,Tablo1[İşlem],"SATIŞ"))/C93,0) -> 0 | E93: =+D93*C93 -> 0 | F93: =SUMIFS(Tablo2[Son Fiyat],Tablo2[Şirket],Portföy!A93) -> 54.5 | G93: =+F93*C93 -> 0 | H93: =+G93-E93+IF(Portföy!C93=0,SUMIFS(Tablo1[Toplam],Tablo1[Hisse],Portföy!A93,Tablo1[İşlem],"SATIŞ")-SUMIFS(Tablo1[Toplam],Tablo1[Hisse],Portföy!A93,Tablo1[İşlem],"ALIŞ"),0) -> 574.15

Sheet İşlem
A1: Tarih | B1: Hisse | C1: İşlem | D1: Adet | E1: Fiyat | F1: Toplam | K1: Şirket | L1: Son Fiyat | M1: 1 Hafta % | N1: 1 Ay % | O1: 3 Ay % | P1: 6 Ay % | Q1: 2025 % | R1: 1 Yıl % | S1: 3 Yıl % | T1: 5 Yıl %
A2: 45462 | B2: ADEL | C2: ALIŞ | D2: 4 | E2: 579.63 | F2: =+E2*D2 -> 2318.52 | K2: A1CAP | L2: 24.16 | M2: -3.21 | N2: -13.71 | O2: -1.71 | P2: -8.83 | Q2: -13.71 | R2: -21.56
A3: 45462 | B3: ALARK | C3: ALIŞ | D3: 100 | E3: 137.17 | F3: =+E3*D3 -> 13717 | K3: ACSEL | L3: 119.3 | M3: 0.34 | N3: 4.65 | O3: 8.65 | P3: -14.02 | Q3: 4.65 | R3: -9.46 | S3: 484.52 | T3: 1463.56
A4: 45462 | B4: ARASE | C4: ALIŞ | D4: 200 | E4: 67.41 | F4: =+E4*D4 -> 13482 | K4: ADEL | L4: 32 | M4: -3.32 | N4: -4.42 | O4: -21.84 | P4: -33.99 | Q4: -4.42 | R4: -21.38 | S4: 1126.05 | T4: 2005.26
A5: 45462 | B5: ARENA | C5: ALIŞ | D5: 160 | E5: 45.58 | F5: =+E5*D5 -> 7292.8 | K5: ADESE | L5: 2.06 | M5: -5.94 | N5: -5.5 | O5: 11.96 | P5: -4.19 | Q5: -5.5 | R5: -11.97 | S5: 174.67 | T5: 52.59
A6: 45462 | B6: ASTOR | C6: ALIŞ | D6: 310 | E6: 97.04 | F6: =+E6*D6 -> 30082.4 | K6: ADGYO | L6: 29.48 | M6: -3.79 | N6: -11.84 | O6: -7.7 | P6: -14.7 | Q6: -11.84 | R6: -11.47
A7: 45462 | B7: BRLSM | C7: ALIŞ | D7: 1600 | E7: 24.06 | F7: =+E7*D7 -> 38496 | K7: AEFES | L7: 161.4 | M7: -2.65 | N7: -15.76 | O7: -15.81 | P7: -39.55 | Q7: -15.76 | R7: 15.94 | S7: 516.03 | T7: 749.92
A8: 45462 | B8: BURVA | C8: ALIŞ | D8: 60 | E8: 135.2 | F8: =+E8*D8 -> 8112 | K8: AFYON | L8: 15.62 | M8: -1.76 | N8: 5.47 | O8: -1.7 | P8: 8.55 | Q8: 5.47 | R8: 29.63 | S8: 388.12 | T8: 553.56
A9: 45462 | B9: CATES | C9: ALIŞ | D9: 113 | E9: 55.94 | F9: =+E9*D9 -> 6321.22 | K9: AGESA | L9: 140.6 | M9: -4.68 | N9: -13.58 | O9: 34.29 | P9: 7.99 | Q9: -13.58 | R9: 147.06 | S9: 426.39 | T9: 1073.62
A10: 45462 | B10: CWENE | C10: ALIŞ | D10: 50 | E10: 282.18 | F10: =+E10*D10 -> 14109 | K10: AGHOL | L10: 300.75 | M10: -4.52 | N10: -3.91 | O10: 3.8 | P10: -29.44 | Q10: -3.91 | R10: 32.45 | S10: 714.16 | T10: 1456.68
A11: 45462 | B11: DEVA | C11: ALIŞ | D11: 30 | E11: 78.93 | F11: =+E11*D11 -> 2367.9 | K11: AGROT | L11: 10.03 | M11: -6.52 | N11: -6.09 | O11: -31.58 | P11: -50.05 | Q11: -6.09 | R11: -63.63
A12: 45462 | B12: DOAS | C12: ALIŞ | D12: 140 | E12: 330.6 | F12: =+E12*D12 -> 46284 | K12: AGYO | L12: 7.32 | M12: -0.27 | N12: -3.68 | O12: 2.66 | P12: -2.79 | Q12: -3.68 | R12: -20.78 | S12: 146.46 | T12: 283.25
A13: 45462 | B13: DOKTA | C13: ALIŞ | D13: 650 | E13: 35.63 | F13: =+E13*D13 -> 23159.5 | K13: AHGAZ | L13: 19.23 | M13: -3.71 | N13: -7.28 | O13: -1.64 | P13: 47.24 | Q13: -7.28 | R13: 51.9
A14: 45462 | B14: EDATA | C14: ALIŞ | D14: 650 | E14: 22.45 | F14: =+E14*D14 -> 14592.5 | K14: AHSGY | L14: 25.32 | M14: 1.44 | N14: 16.68 | O14: 30.65 | Q14: 16.68
A15: 45462 | B15: EDIP | C15: ALIŞ | D15: 150 | E15: 24.21 | F15: =+E15*D15 -> 3631.5 | K15: AKBNK | L15: 64.85 | M15: -2.41 | N15: 0 | O15: 28.16 | P15: 4.77 | Q15: 0 | R15: 71.15 | S15: 857.9 | T15: 856.49
A16: 45462 | B16: ENJSA | C16: ALIŞ | D16: 50 | E16: 59.85 | F16: =+E16*D16 -> 2992.5 | K16: AKCNS | L16: 208.2 | M16: 0.92 | N16: 15.67 | O16: 33.89 | P16: 39.36 | Q16: 15.67 | R16: 26.7 | S16: 1212.74 | T16: 2167.97
A17: 45462 | B17: FROTO | C17: ALIŞ | D17: 11 | E17: 1112.22 | F17: =+E17*D17 -> 12234.42 | K17: AKENR | L17: 14.1 | M17: -0.28 | N17: 6.98 | O17: 21.34 | P17: 12.44 | Q17: 6.98 | R17: 187.76 | S17: 775.78 | T17: 1046.34
A18: 45462 | B18: HTTBT | C18: ALIŞ | D18: 30 | E18: 72.08 | F18: =+E18*D18 -> 2162.4 | K18: AKFGY | L18: 1.99 | M18: -5.24 | N18: -3.86 | O18: 4.19 | P18: -13.85 | Q18: -3.86 | R18: -2.93 | S18: -2.45 | T18: 165.33
A19: 45462 | B19: HUNER | C19: ALIŞ | D19: 250 | E19: 4.38 | F19: =+E19*D19 -> 1095 | K19: AKFIS | L19: 26.4 | M19: -15.92
A20: 45462 | B20: KBORU | C20: ALIŞ | D20: 100 | E20: 111.98 | F20: =+E20*D20 -> 11198 | K20: AKFYE | L20: 18 | M20: -5.81 | N20: -8.21 | O20: 2.68 | P20: -24.75 | Q20: -8.21 | R20: -11.76
A21: 45462 | B21: KCHOL | C21: ALIŞ | D21: 20 | E21: 214.65 | F21: =+E21*D21 -> 4293 | K21: AKGRT | L21: 8.04 | M21: -2.31 | N21: 5.24 | O21: 35.58 | P21: 23.5 | Q21: 5.24 | R21: 23.69 | S21: 296.06 | T21: 482.61
A22: 45462 | B22: KONTR | C22: ALIŞ | D22: 50 | E22: 232.97 | F22: =+E22*D22 -> 11648.5 | K22: AKMGY | L22: 211 | M22: -3.08 | N22: -6.06 | O22: 4.09 | P22: -16.1 | Q22: -6.06 | R22: 11.87 | S22: 455.56 | T22: 949.75
A23: 45462 | B23: ONCSM | C23: ALIŞ | D23: 110 | E23: 176.42 | F23: =+E23*D23 -> 19406.2 | K23: AKSA | L23: 11.54 | M23: 4.91 | N23: -10.82 | O23: 38.37 | P23: 13.92 | Q23: -10.82 | R23: 56.58 | S23: 388.98 | T23: 2208
A24: 45462 | B24: ORGE | C24: ALIŞ | D24: 125 | E24: 70.09 | F24: =+E24*D24 -> 8761.25 | K24: AKSEN | L24: 41.1 | M24: -3.48 | N24: 4.85 | O24: 24.55 | P24: -0.44 | Q24: 4.85 | R24: 17.29 | S24: 254.92 | T24: 2074.6
A25: 45462 | B25: OZRDN | C25: ALIŞ | D25: 100 | E25: 57.88 | F25: =+E25*D25 -> 5788 | K25: AKSGY | L25: 7.17 | M25: -0.42 | N25: -4.4 | O25: 17.16 | P25: 5.6 | Q25: -4.4 | R25: 52.55 | S25: 1203.64 | T25: 696.67
A26: 45462 | B26: SAHOL | C26: ALIŞ | D26: 10 | E26: 103.8 | F26: =+E26*D26 -> 1038 | K26: AKSUE | L26: 10.93 | M26: -4.21 | N26: -6.66 | O26: -0.73 | P26: -15.73 | Q26: -6.66 | R26: -28.52 | S26: -30.43 | T26: 212.29
A27: 45462 | B27: SMART | C27: ALIŞ | D27: 300 | E27: 42.85 | F27: =+E27*D27 -> 12855 | K27: AKYHO | L27: 2.55 | M27: -3.77 | N27: -5.56 | O27: -1.92 | P27: -52.51 | Q27: -5.56 | R27: -3.77 | S27: 140.57 | T27: 332.2
A28: 45462 | B28: SMRTG | C28: ALIŞ | D28: 300 | E28: 57.77 | F28: =+E28*D28 -> 17331 | K28: ALARK | L28: 86.05 | M28: -4.12 | N28: -6.47 | O28: -0.35 | P28: -17.89 | Q28: -6.47 | R28: -19.15 | S28: 380.19 | T28: 1383.62
A29: 45462 | B29: TARKM | C29: ALIŞ | D29: 10 | E29: 527.73 | F29: =+E29*D29 -> 5277.3 | K29: ALBRK | L29: 7.16 | M29: -5.17 | N29: 11.35 | O29: 36.12 | P29: 14.19 | Q29: 11.35 | R29: 68.87 | S29: 411.43 | T29: 434.33
A30: 45462 | B30: THYAO | C30: ALIŞ | D30: 10 | E30: 289.22 | F30: =+E30*D30 -> 2892.2 | K30: ALCAR | L30: 958 | M30: -3.57 | N30: -10.72 | O30: 3.79 | P30: -13.69 | Q30: -10.72 | R30: -17.41 | S30: 251.43 | T30: 1422.57
A31: 45462 | B31: TNZTP | C31: ALIŞ | D31: 247 | E31: 65.99 | F31: =+E31*D31 -> 16299.53 | K31: ALCTL | L31: 137.7 | M31: 0.66 | N31: 14.85 | O31: 14.85 | P31: 42.92 | Q31: 14.85 | R31: 29.78 | S31: 395.32 | T31: 783.83
A32: 45462 | B32: TOASO | C32: ALIŞ | D32: 25 | E32: 262.48 | F32: =+E32*D32 -> 6562 | K32: ALFAS | L32: 73.35 | M32: -1.68 | N32: 7.95 | O32: 35.96 | P32: 10.58 | Q32: 7.95 | R32: -26.01
A33: 45462 | B33: TTRAK | C33: ALIŞ | D33: 10 | E33: 909.85 | F33: =+E33*D33 -> 9098.5 | K33: ALGYO | L33: 20.28 | M33: -7.73 | N33: -3.15 | O33: 16.75 | P33: -21.24 | Q33: -3.15 | R33: -0.98 | S33: 179.34 | T33: 611.58
A34: 45462 | B34: TUCLK | C34: ALIŞ | D34: 300 | E34: 13.16 | F34: =+E34*D34 -> 3948 | K34: ALKA | L34: 8.2 | M34: -9.89 | N34: -10.28 | O34: 28.73 | P34: 18.16 | Q34: -10.28 | R34: 9.63 | S34: 666.36 | T34: 1950
A35: 45462 | B35: TUPRS | C35: ALIŞ | D35: 130 | E35: 181.95 | F35: =+E35*D35 -> 23653.5 | K35: ALKIM | L35: 17.34 | M35: -8.06 | N35: -8.93 | O35: 5.8 | P35: 4.46 | Q35: -8.93 | R35: -9.26 | S35: 86.45 | T35: 445.28
A36: 45462 | B36: UNLU | C36: ALIŞ | D36: 250 | E36: 16.25 | F36: =+E36*D36 -> 4062.5 | K36: ALKLC | L36: 25.52 | M36: -2.97 | N36: -28.91 | O36: -19.55 | P36: 4.42 | Q36: -28.91
A37: 45462 | B37: YEOTK | C37: ALIŞ | D37: 60 | E37: 213.3 | F37: =+E37*D37 -> 12798 | K37: ALMAD | L37: 7.52 | M37: -6.58 | N37: -0.13 | O37: 4.44 | P37: -9.29 | Q37: -0.13 | R37: -0.79 | S37: 297.88 | T37: 1828.21
A38: 45463 | B38: EDATA | C38: ALIŞ | D38: 100 | E38: 16.73 | F38: =+E38*D38 -> 1673 | K38: ALTNY | L38: 76.25 | M38: -0.2 | N38: -7.24 | O38: -22.19 | P38: -38.21 | Q38: -7.24
A39: 45463 | B39: DEVA | C39: SATIŞ | D39: 15 | E39: 90.75 | F39: =+E39*D39 -> 1361.25 | K39: ALVES | L39: 35.3 | M39: -9.02 | N39: -7.74 | O39: 5.82 | P39: -34.02 | Q39: -7.74
A40: 45463 | B40: EDIP | C40: SATIŞ | D40: 50 | E40: 26.7 | F40: =+E40*D40 -> 1335 | K40: ANELE | L40: 14.22 | M40: -4.11 | N40: -10.9 | O40: -7.12 | P40: -12.22 | Q40: -10.9 | R40: 4.64 | S40: 526.43 | T40: 817.42
A41: 45463 | B41: TOASO | C41: SATIŞ | D41: 5 | E41: 319.75 | F41: =+E41*D41 -> 1598.75 | K41: ANGEN | L41: 13.64 | M41: -6.45 | N41: 10.36 | O41: -3.67 | P41: 12.73 | Q41: 10.36 | R41: -0.07 | S41: 12.91
A42: 45463 | B42: KBORU | C42: ALIŞ | D42: 15 | E42: 85 | F42: =+E42*D42 -> 1275 | K42: ANHYT | L42: 99.5 | M42: -6.92 | N42: -4.33 | O42: 10.56 | P42: -14.81 | Q42: -4.33 | R42: 145.8 | S42: 687.81 | T42: 1893.99
A43: 45463 | B43: ONCSM | C43: ALIŞ | D43: 10 | E43: 135 | F43: =+E43*D43 -> 1350 | K43: ANSGR | L43: 110.5 | M43: -2.56 | N43: 6.25 | O43: 28.41 | P43: 8.76 | Q43: 6.25 | R43: 55.31 | S43: 1676.53 | T43: 2377.58
A44: 45464 | B44: CATES | C44: ALIŞ | D44: 25 | E44: 47.64 | F44: =+E44*D44 -> 1191 | K44: ARASE | L44: 49.72 | M44: -2.13 | N44: -11.21 | O44: -12.92 | P44: -5.82 | Q44: -11.21 | R44: -21.53 | S44: 112.57
A45: 45464 | B45: YEOTK | C45: ALIŞ | D45: 10 | E45: 182.5 | F45: =+E45*D45 -> 1825 | K45: ARCLK | L45: 127 | M45: -3.05 | N45: -10.56 | O45: -1.17 | P45: -24.4 | Q45: -10.56 | R45: -10.31 | S45: 161.16 | T45: 586.49
A46: 45464 | B46: ARASE | C46: ALIŞ | D46: 50 | E46: 59 | F46: =+E46*D46 -> 2950 | K46: ARDYZ | L46: 36.24 | M46: -7.31 | N46: -11.61 | O46: 12.76 | P46: -7.79 | Q46: -11.61 | R46: -10.98 | S46: 343.03
A47: 45467 | B47: SMART | C47: ALIŞ | D47: 40 | E47: 37.1 | F47: =+E47*D47 -> 1484 | K47: ARENA | L47: 35.94 | M47: -2.86 | N47: 0.34 | O47: 23.76 | P47: -10.42 | Q47: 0.34 | R47: -17.04 | S47: 135.52 | T47: 1143.6
A48: 45467 | B48: YEOTK | C48: SATIŞ | D48: 10 | E48: 202.1 | F48: =+E48*D48 -> 2021 | K48: ARMGD | L48: 35.6 | M48: 0.96
A49: 45467 | B49: ADEL | C49: ALIŞ | D49: 1 | E49: 515 | F49: =+E49*D49 -> 515 | K49: ARSAN | L49: 20.04 | M49: -4.39 | N49: -12.18 | O49: -9.65 | P49: 3.35 | Q49: -12.18 | R49: 61.61 | S49: 415.17 | T49: 1071.93
A50: 45467 | B50: GRNYO | C50: ALIŞ | D50: 150 | E50: 9.9 | F50: =+E50*D50 -> 1485 | K50: ARTMS | L50: 29 | M50: -2.62 | N50: -3.07 | O50: -31.47 | P50: -48.21 | Q50: -3.07
A51: 45468 | B51: ENJSA | C51: SATIŞ | D51: 20 | E51: 65.85 | F51: =+E51*D51 -> 1317 | K51: ARZUM | L51: 36.52 | M51: -4.4 | N51: -5.14 | O51: -16.51 | P51: -30.96 | Q51: -5.14 | R51: 2.01 | S51: 135.46
A52: 45469 | B52: ASTOR | C52: SATIŞ | D52: 50 | E52: 107 | F52: =+E52*D52 -> 5350 | K52: ASELS | L52: 88.7 | M52: 4.17 | N52: 22.34 | O52: 46.01 | P52: 42.15 | Q52: 22.34 | R52: 75.57 | S52: 728.2 | T52: 1453.42
A53: 45469 | B53: HUNER | C53: ALIŞ | D53: 250 | E53: 3.79 | F53: =+E53*D53 -> 947.5 | K53: ASGYO | L53: 11.18 | M53: -5.81 | N53: -9.4 | O53: 5.08 | P53: -10.63 | Q53: -9.4 | R53: -29.99
A54: 45469 | B54: TNZTP | C54: ALIŞ | D54: 23 | E54: 58 | F54: =+E54*D54 -> 1334 | K54: ASTOR | L54: 117.6 | M54: -8.13 | N54: 3.25 | O54: 50.77 | P54: 26.66 | Q54: 3.25 | R54: 1.12
A55: 45469 | B55: TARKM | C55: ALIŞ | D55: 5 | E55: 465 | F55: =+E55*D55 -> 2325 | K55: ASUZU | L55: 61.7 | M55: -3.74 | N55: -6.66 | O55: -8.73 | P55: -26.2 | Q55: -6.66 | R55: -11.35 | S55: 316.05 | T55: 1532.28
A56: 45469 | B56: ALMAD | C56: ALIŞ | D56: 200 | E56: 6.6 | F56: =+E56*D56 -> 1320 | K56: ATAGY | L56: 11.1 | M56: -1.77 | N56: -2.63 | O56: -12.74 | P56: -3.06 | Q56: -2.63 | R56: 18.84 | S56: 344 | T56: 368.35
A57: 45469 | B57: DOKTA | C57: ALIŞ | D57: 35 | E57: 31.9 | F57: =+E57*D57 -> 1116.5 | K57: ATAKP | L57: 40.6 | M57: -9.01 | N57: -18.28 | O57: -6.28 | P57: -19.92 | Q57: -18.28 | R57: -27.53
A58: 45470 | B58: CATES | C58: SATIŞ | D58: 38 | E58: 52.4 | F58: =+E58*D58 -> 1991.2 | K58: ATATP | L58: 109.4 | M58: -5.28 | N58: 3.7 | O58: 23.31 | P58: -8.09 | Q58: 3.7 | R58: -16.8 | S58: 287.12
A59: 45474 | B59: SMRTG | C59: ALIŞ | D59: 30 | E59: 51 | F59: =+E59*D59 -> 1530 | K59: ATEKS | L59: 157.7 | M59: -4.37 | N59: -7.18 | O59: -3.37 | P59: -8.9 | Q59: -7.18 | R59: 27.18 | S59: 320.98 | T59: 903.18
A60: 45475 | B60: ADEL | C60: SATIŞ | D60: 1 | E60: 573 | F60: =+E60*D60 -> 573 | K60: ATLAS | L60: 5.74 | M60: -5.59 | N60: -17.05 | O60: 9.54 | P60: -12.1 | Q60: -17.05 | R60: 26.15 | S60: 407.96 | T60: 504.21
A61: 45476 | B61: ADEL | C61: SATIŞ | D61: 1 | E61: 623.5 | F61: =+E61*D61 -> 623.5 | K61: ATSYH | L61: 44.44 | M61: 2.11 | N61: -3.39 | O61: -0.18 | P61: -38.62 | Q61: -3.39 | R61: 4.22 | S61: 304 | T61: 3832.74
A62: 45477 | B62: PCILT | C62: ALIŞ | D62: 60 | E62: 18.7 | F62: =+E62*D62 -> 1122 | K62: AVGYO | L62: 8.09 | M62: -1.82 | N62: -6.47 | O62: -4.26 | P62: 0.37 | Q62: -6.47 | R62: -3.92 | S62: 203 | T62: 591.45
A63: 45477 | B63: TOASO | C63: SATIŞ | D63: 5 | E63: 351.75 | F63: =+E63*D63 -> 1758.75 | K63: AVHOL | L63: 37.38 | M63: 4.88 | N63: 7.23 | O63: 6.8 | P63: 8.22 | Q63: 7.23 | R63: 6.01 | S63: 473.31 | T63: 2296.15
A64: 45478 | B64: KCHOL | C64: SATIŞ | D64: 10 | E64: 236.2 | F64: =+E64*D64 -> 2362 | K64: AVOD | L64: 2.86 | M64: -10.63 | N64: 2.14 | O64: 4.38 | P64: -12.8 | Q64: 2.14 | R64: -20.56 | S64: 29.41 | T64: 153.1
A65: 45478 | B65: ONCSM | C65: SATIŞ | D65: 10 | E65: 148.5 | F65: =+E65*D65 -> 1485 | K65: AVPGY | L65: 62.9 | M65: 3.97 | N65: 16.48 | O65: 31.87 | P65: 38.06 | Q65: 16.48 | R65: 24.23
A66: 45478 | B66: ADEL | C66: ALIŞ | D66: 1 | E66: 550 | F66: =+E66*D66 -> 550 | K66: AVTUR | L66: 11.6 | M66: -4.92 | N66: -8.3 | O66: 0.87 | P66: 0.69 | Q66: -8.3 | R66: 31.82 | S66: 395.73 | T66: 517.02
A67: 45478 | B67: PRKAB | C67: ALIŞ | D67: 40 | E67: 35.5 | F67: =+E67*D67 -> 1420 | K67: AYCES | L67: 482.75 | M67: -1.08 | N67: -7.25 | O67: 0.1 | P67: -17.48 | Q67: -7.25 | R67: -52.06 | S67: 588.17 | T67: 5252
A68: 45478 | B68: CATES | C68: ALIŞ | D68: 25 | E68: 45.3 | F68: =+E68*D68 -> 1132.5 | K68: AYDEM | L68: 22.16 | M68: -6.02 | N68: -5.94 | O68: -11.36 | P68: -25.29 | Q68: -5.94 | R68: -2.76 | S68: 243.57
A69: 45478 | B69: KBORU | C69: ALIŞ | D69: 15 | E69: 76 | F69: =+E69*D69 -> 1140 | K69: AYEN | L69: 28.8 | M69: -5.45 | N69: -6.55 | O69: 7.5 | P69: 2.09 | Q69: -6.55 | R69: 15.57 | S69: 280.45 | T69: 708.99
A70: 45481 | B70: ONCSM | C70: SATIŞ | D70: 10 | E70: 163.4 | F70: =+E70*D70 -> 1634 | K70: AYES | L70: 9.08 | M70: 6.32 | N70: 4.97 | O70: -0.33 | P70: 2.71 | Q70: 4.97 | R70: 34.32 | S70: 298.25 | T70: 3142.86
A71: 45482 | B71: TARKM | C71: SATIŞ | D71: 5 | E71: 495 | F71: =+E71*D71 -> 2475 | K71: AYGAZ | L71: 158.9 | M71: -0.5 | N71: -10.18 | O71: 5.3 | P71: -7.35 | Q71: -10.18 | R71: 12.78 | S71: 622.27 | T71: 1314.96
A72: 45482 | B72: TTRAK | C72: ALIŞ | D72: 2 | E72: 850 | F72: =+E72*D72 -> 1700 | K72: AZTEK | L72: 47.46 | M72: -4.08 | N72: 1.54 | O72: -4.55 | P72: -29.74 | Q72: 1.54 | R72: -70.07
A73: 45482 | B73: PCILT | C73: ALIŞ | D73: 60 | E73: 16.83 | F73: =+E73*D73 -> 1009.8 | K73: BAGFS | L73: 22.24 | M73: -3.39 | N73: 1.46 | O73: 11.81 | P73: -6.48 | Q73: 1.46 | R73: -18.59 | S73: 69 | T73: 225.62
A74: 45483 | B74: TDGYO | C74: ALIŞ | D74: 100 | E74: 10.67 | F74: =+E74*D74 -> 1067 | K74: BAHKM | L74: 46 | M74: -3.56 | N74: -6.73 | O74: 6.58 | Q74: -6.73
A75: 45483 | B75: TARKM | C75: SATIŞ | D75: 5 | E75: 544.5 | F75: =+E75*D75 -> 2722.5 | K75: BAKAB | L75: 34.3 | M75: -4.51 | N75: -6.84 | O75: -2.61 | P75: -15.14 | Q75: -6.84 | R75: -27.41 | S75: 271.61 | T75: 882.81
A76: 45484 | B76: ALMAD | C76: SATIŞ | D76: 200 | E76: 7.26 | F76: =+E76*D76 -> 1452 | K76: BALAT | L76: 56.65 | M76: -2.33 | N76: 1.16 | O76: 23.15 | P76: 49.87 | Q76: 1.16 | R76: 139.23 | S76: 535.8 | T76: 2820.1
A77: 45485 | B77: TARKM | C77: ALIŞ | D77: 5 | E77: 485 | F77: =+E77*D77 -> 2425 | K77: BANVT | L77: 301 | M77: 7.5 | N77: 0 | O77: -19.09 | P77: -4.37 | Q77: 0 | R77: 154.87 | S77: 244.59 | T77: 1466.89
A78: 45489 | B78: KBORU | C78: SATIŞ | D78: 25 | E78: 83.6 | F78: =+E78*D78 -> 2090 | K78: BARMA | L78: 16.6 | M78: -3.21 | N78: -0.66 | O78: -3.04 | P78: -10.51 | Q78: -0.66 | R78: -16.79
A79: 45490 | B79: GRNYO | C79: SATIŞ | D79: 150 | E79: 9.17 | F79: =+E79*D79 -> 1375.5 | K79: BASCM | L79: 11.08 | M79: 0.36 | N79: -8.81 | O79: -13.37 | P79: -2.38 | Q79: -8.81 | R79: 10.47 | S79: 256.27 | T79: 1267.9
A80: 45491 | B80: UNLU | C80: SATIŞ | D80: 150 | E80: 17.88 | F80: =+E80*D80 -> 2682 | K80: BASGZ | L80: 30.1 | M80: -4.26 | N80: 4.44 | O80: 11.07 | P80: 4.88 | Q80: 4.44 | R80: 59.51 | S80: 203.12
A81: 45491 | B81: THYAO | C81: SATIŞ | D81: 5 | E81: 318.25 | F81: =+E81*D81 -> 1591.25 | K81: BAYRK | L81: 18.35 | M81: -5.8 | N81: 5.22 | O81: 2.69 | P81: -26.83 | Q81: 5.22 | R81: -60.59 | S81: 469.88
A82: 45492 | B82: TARKM | C82: SATIŞ | D82: 5 | E82: 533.5 | F82: =+E82*D82 -> 2667.5 | K82: BEGYO | L82: 8.02 | M82: 4.16 | N82: 13.12 | O82: 135.19 | P82: 103.55 | Q82: 13.12 | R82: 53.35
A83: 45492 | B83: TDGYO | C83: SATIŞ | D83: 100 | E83: 11.74 | F83: =+E83*D83 -> 1174 | K83: BERA | L83: 17.09 | M83: 9.48 | N83: 14.47 | O83: 32.38 | P83: 0.29 | Q83: 14.47 | R83: 31.16 | S83: 241.12 | T83: 683.94
A84: 45495 | B84: TAVHL | C84: ALIŞ | D84: 15 | E84: 275 | F84: =+E84*D84 -> 4125 | K84: BEYAZ | L84: 25.74 | M84: -5.71 | N84: -5.71 | O84: 16.79 | P84: -8.07 | Q84: -5.71 | R84: 23.39 | S84: 207.53 | T84: 493.09
A85: 45496 | B85: KBORU | C85: SATIŞ | D85: 30 | E85: 92 | F85: =+E85*D85 -> 2760 | K85: BFREN | L85: 640 | M85: -1.84 | N85: -5.67 | O85: -20.3 | P85: -21.04 | Q85: -5.67 | R85: -29.3 | S85: 551.53 | T85: 2614.16
A86: 45496 | B86: CATES | C86: SATIŞ | D86: 25 | E86: 49.84 | F86: =+E86*D86 -> 1246 | K86: BIENY | L86: 30.76 | M86: -6.45 | N86: -5.64 | O86: 3.85 | P86: -6.11 | Q86: -5.64 | R86: -33.65
A87: 45497 | B87: EDATA | C87: SATIŞ | D87: 250 | E87: 18.4 | F87: =+E87*D87 -> 4600 | K87: BIGCH | L87: 29.08 | M87: 2.32 | N87: -5.58 | O87: 10.99 | P87: -17.15 | Q87: -5.58 | R87: 0.03
A88: 45498 | B88: KBORU | C88: SATIŞ | D88: 25 | E88: 101.2 | F88: =+E88*D88 -> 2530 | K88: BIMAS | L88: 550 | M88: 7 | N88: 4.07 | O88: 18.82 | P88: -10.65 | Q88: 4.07 | R88: 47.2 | S88: 739.31 | T88: 1234.63
A89: 45502 | B89: KONTR | C89: ALIŞ | D89: 112 | E89: 0 | F89: =+E89*D89 -> 0 | K89: BINBN | L89: 100.6 | M89: -0.89 | N89: 8.76 | O89: -7.71 | Q89: 8.76
A90: 45502 | B90: KONTR | C90: ALIŞ | D90: 0 | E90: 71.9 | F90: =+E90*D90 -> 0 | K90: BINHO | L90: 278.75 | M90: -3.46 | N90: -11.72 | O90: -11.08 | P90: -33.11 | Q90: -11.72 | R90: -47.9
A91: 45502 | B91: YEOTK | C91: SATIŞ | D91: 10 | E91: 212.3 | F91: =+E91*D91 -> 2123 | K91: BIOEN | L91: 14.65 | M91: -3.87 | N91: -14.03 | O91: -21.19 | P91: -24.48 | Q91: -14.03 | R91: -25.63 | S91: 116.4
A92: 45502 | B92: TNZTP | C92: SATIŞ | D92: 70 | E92: 61.4 | F92: =+E92*D92 -> 4298 | K92: BIZIM | L92: 27.58 | M92: -4.96 | N92: -4.9 | O92: 2 | P92: -28.84 | Q92: -4.9 | R92: -35.26 | S92: 100.15 | T92: 159.7
A93: 45502 | B93: ARASE | C93: ALIŞ | D93: 50 | E93: 56.05 | F93: =+E93*D93 -> 2802.5 | K93: BJKAS | L93: 5.15 | M93: 8.19 | N93: 9.57 | O93: 6.4 | P93: -14.45 | Q93: 9.57 | R93: -57.79 | S93: 485.23 | T93: 803.51
A94: 45502 | B94: ENJSA | C94: SATIŞ | D94: 30 | E94: 70.5 | F94: =+E94*D94 -> 2115 | K94: BLCYT | L94: 16.23 | M94: -4.13 | N94: 6.29 | O94: -12.41 | P94: -33.48 | Q94: 6.29 | R94: -1.16 | S94: 34.69 | T94: 559.76
A95: 45502 | B95: PCILT | C95: ALIŞ | D95: 60 | E95: 15.81 | F95: =+E95*D95 -> 948.6 | K95: BMSCH | L95: 31.22 | M95: -0.26 | N95: -9.19 | O95: 14.44 | P95: 43.34 | Q95: -9.19 | R95: 40.76 | S95: 317.38
A96: 45502 | B96: KBORU | C96: ALIŞ | D96: 25 | E96: 91.5 | F96: =+E96*D96 -> 2287.5 | K96: BMSTL | L96: 31.88 | M96: 2.84 | N96: 10.16 | O96: 32.17 | P96: 30.92 | Q96: 10.16 | R96: 72.42
A97: 45502 | B97: SMART | C97: ALIŞ | D97: 40 | E97: 35.24 | F97: =+E97*D97 -> 1409.6 | K97: BNTAS | L97: 11.02 | M97: -3.25 | N97: -8.55 | O97: 6.68 | P97: -10.62 | Q97: -8.55 | R97: 36.89 | S97: 257.79 | T97: 465.13
A98: 45502 | B98: TDGYO | C98: ALIŞ | D98: 150 | E98: 10.62 | F98: =+E98*D98 -> 1593 | K98: BOBET | L98: 23.3 | M98: -5.97 | N98: 0.52 | O98: 20.73 | P98: -15.55 | Q98: 0.52 | R98: -34.42 | S98: 547.22
A99: 45502 | B99: CATES | C99: SATIŞ | D99: 25 | E99: 52.35 | F99: =+E99*D99 -> 1308.75 | K99: BORLS | L99: 76.5 | M99: 4.87 | N99: 11.84 | O99: 81.02 | P99: 100.47 | Q99: 11.84 | R99: 88.52
A100: 45502 | B100: SMRTG | C100: SATIŞ | D100: 30 | E100: 53.55 | F100: =+E100*D100 -> 1606.5 | K100: BORSK | L100: 21.48 | M100: -6.61 | N100: -4.53 | O100: -1.51 | P100: -25.21 | Q100: -4.53
...

Sheet Sayfa4
G1: =SUM(G2:G1286) -> 27477.63 | K1: =IF(F1=0,1,0) -> 1 | L1: =+D1*E1 -> 0
B2: Tarih | C2: hisse | G2: =IF(F2="","",(F2-E2)*D2) | K2: =IF(F2=0,1,0) -> 1 | L2: =+D2*E2 -> 0
B3: 45583 | C3: MARKA | D3: 25 | E3: 72 | F3: 57.85 | G3: =IF(E3=0,"",IF(F3="","",(F3-E3)*D3)) -> -353.75 | O3: ADEL | P3: 20 | Q3: 39
B4: 45602 | C4: MARKA | D4: 35 | E4: 64 | F4: 57.85 | G4: =IF(E4=0,"",IF(F4="","",(F4-E4)*D4)) -> -215.25 | O4: ADEL | P4: 30 | Q4: 40
B5: 45608 | C5: MARKA | D5: 30 | E5: 64.2 | F5: 57.85 | G5: =IF(E5=0,"",IF(F5="","",(F5-E5)*D5)) -> -190.5 | O5: ADEL | P5: 40 | Q5: 41
B6: 45582 | C6: MARKA | D6: 15 | E6: 65.95 | F6: 57.85 | G6: =IF(E6=0,"",IF(F6="","",(F6-E6)*D6)) -> -121.5 | O6: ADEL | P6: 50 | Q6: 42
B7: 45559 | C7: ARASE | D7: 30 | E7: 56 | F7: 57 | G7: =IF(F7="","",(F7-E7)*D7) -> 30 | O7: ALMAD | P7: 50 | Q7: 6.7
B8: 45618 | C8: MARKA | D8: 30 | E8: 60 | F8: 57.85 | G8: =IF(E8=0,"",IF(F8="","",(F8-E8)*D8)) -> -64.5 | O8: ALMAD | P8: 50 | Q8: 6.8
B9: 45609 | C9: MARKA | D9: 8 | E9: 63 | F9: 57.85 | G9: =IF(E9=0,"",IF(F9="","",(F9-E9)*D9)) -> -41.2 | O9: ALMAD | P9: 50 | Q9: 6.9
B10: 45545 | C10: BURVA | D10: 10 | E10: 117.9 | F10: 130 | G10: =IF(F10="","",(F10-E10)*D10) -> 121
B11: 45545 | C11: BURVA | D11: 10 | E11: 118 | F11: 127 | G11: =IF(F11="","",(F11-E11)*D11) -> 90
B12: 45547 | C12: BURVA | D12: 10 | E12: 112 | F12: 119 | G12: =IF(F12="","",(F12-E12)*D12) -> 70
B13: 45551 | C13: BAYRK | D13: 50 | E13: 23 | F13: 24 | G13: =IF(F13="","",(F13-E13)*D13) -> 50
B14: 45547 | C14: MARKA | D14: 30 | E14: 53.8 | F14: 56 | G14: =IF(F14="","",(F14-E14)*D14) -> 66
B15: 45621 | C15: MARKA | D15: 32 | E15: 58 | F15: 57.85 | G15: =IF(E15=0,"",IF(F15="","",(F15-E15)*D15)) -> -4.8 | O15: ALMAD | P15: 50 | Q15: 7
B16: 45544 | C16: PKART | D16: 20 | E16: 67 | F16: 69 | G16: =IF(F16="","",(F16-E16)*D16) -> 40
B17: 45545 | C17: ADEL | D17: 50 | E17: 48.2 | G17: =IF(E17=0,"",IF(F17="","",(F17-E17)*D17)) | I17: =+E17*1.1 -> 53.02 | K17: =IF(F17=0,1,0) -> 1 | L17: =+D17*E17 -> 2410
B18: 45544 | C18: SMART | D18: 40 | E18: 28.2 | F18: 32 | G18: =IF(F18="","",(F18-E18)*D18) -> 152
B19: 45544 | C19: SMART | D19: 40 | E19: 28.2 | F19: 29.2 | G19: =IF(F19="","",(F19-E19)*D19) -> 40
B20: 45544 | C20: SMART | D20: 50 | E20: 28.2 | F20: 30 | G20: =IF(F20="","",(F20-E20)*D20) -> 90
B21: 45546 | C21: SMART | D21: 100 | E21: 29.5 | F21: 31.94 | G21: =IF(F21="","",(F21-E21)*D21) -> 244
B22: 45579 | C22: ADEL | D22: 25 | E22: 35.5 | F22: 37 | G22: =IF(E22=0,"",IF(F22="","",(F22-E22)*D22)) -> 37.5 | O22: ARASE | P22: 20 | Q22: 58
B23: 45569 | C23: ALMAD | D23: 200 | E23: 5.75 | F23: 6.1 | G23: =IF(E23=0,"",IF(F23="","",(F23-E23)*D23)) -> 70 | O23: ARASE | P23: 20 | Q23: 59
B24: 45560 | C24: ALMAD | D24: 100 | E24: 6.5 | F24: 7.5 | G24: =IF(E24=0,"",IF(F24="","",(F24-E24)*D24)) -> 100 | O24: ARASE | P24: 20 | Q24: 60
B25: 45581 | C25: ALMAD | D25: 100 | E25: 6.2 | F25: 6.9 | G25: =IF(E25=0,"",IF(F25="","",(F25-E25)*D25)) -> 70 | O25: ALARK | P25: 10 | Q25: 96
B26: 45551 | C26: BRLSM | D26: 70 | E26: 14.5 | F26: 15 | G26: =IF(F26="","",(F26-E26)*D26) -> 35
B27: 45582 | C27: ALMAD | D27: 100 | E27: 6.7 | F27: 7.2 | G27: =IF(E27=0,"",IF(F27="","",(F27-E27)*D27)) -> 50 | O27: ALARK | P27: 20 | Q27: 98
B28: 45551 | C28: MARKA | D28: 40 | E28: 54 | F28: 56 | G28: =IF(F28="","",(F28-E28)*D28) -> 80
B29: 45544 | C29: MEGAP | D29: 750 | E29: 2.45 | F29: 2.6 | G29: =IF(F29="","",(F29-E29)*D29) -> 112.5
B30: 45553 | C30: KONTR | D30: 50 | E30: 43.8 | F30: 45 | G30: =IF(F30="","",(F30-E30)*D30) -> 60
B31: 45552 | C31: SMART | D31: 50 | E31: 32 | F31: 35 | G31: =IF(F31="","",(F31-E31)*D31) -> 150
B32: 45560 | C32: BAYRK | D32: 100 | E32: 19.9 | F32: 20 | G32: =IF(F32="","",(F32-E32)*D32) -> 10
B33: 45545 | C33: PRKAB | D33: 50 | E33: 32 | F33: 34 | G33: =IF(F33="","",(F33-E33)*D33) -> 100
B34: 45553 | C34: ADEL | D34: 50 | E34: 44.8 | F34: 47.74 | G34: =IF(F34="","",(F34-E34)*D34) -> 147
B35: 45553 | C35: BAYRK | D35: 50 | E35: 22 | F35: 23.5 | G35: =IF(F35="","",(F35-E35)*D35) -> 75
B36: 45546 | C36: ADEL | D36: 50 | E36: 46 | G36: =IF(E36=0,"",IF(F36="","",(F36-E36)*D36)) | I36: =+E36*1.1 -> 50.6 | K36: =IF(F36=0,1,0) -> 1 | L36: =+D36*E36 -> 2300 | O36: ALARK | P36: 30 | Q36: 100
B37: 45555 | C37: BURVA | D37: 10 | E37: 124 | F37: 135 | G37: =IF(F37="","",(F37-E37)*D37) -> 110
B38: 45561 | C38: BAYRK | D38: 100 | E38: 19.3 | F38: 19.75 | G38: =IF(F38="","",(F38-E38)*D38) -> 45 | O38: ARENA | P38: 40 | Q38: 32
B39: 45586 | C39: ADEL | D39: 15 | E39: 35.14 | F39: 43.06 | G39: =IF(E39=0,"",IF(F39="","",(F39-E39)*D39)) -> 118.8 | O39: ARENA | P39: 40 | Q39: 32.5
B40: 45555 | C40: ERCB | D40: 20 | E40: 98 | F40: 100 | G40: =IF(F40="","",(F40-E40)*D40) -> 40
B41: 45596 | C41: ALMAD | D41: 125 | E41: 6.75 | F41: 7.56 | G41: =IF(E41=0,"",IF(F41="","",(F41-E41)*D41)) -> 101.25 | O41: ARENA | P41: 40 | Q41: 33
B42: 45558 | C42: BRSAN | D42: 2 | E42: 480 | F42: 500 | G42: =IF(F42="","",(F42-E42)*D42) -> 40
B43: 45545 | C43: BRLSM | D43: 75 | E43: 15.25 | F43: 15 | G43: =IF(F43="","",(F43-E43)*D43) -> -18.75 | O43: ARENA | P43: 40 | Q43: 34
B44: 45555 | C44: SMART | D44: 50 | E44: 30 | F44: 31 | G44: =IF(F44="","",(F44-E44)*D44) -> 50
B45: 45572 | C45: ARASE | D45: 5 | E45: 53 | F45: 60.9 | G45: =IF(E45=0,"",IF(F45="","",(F45-E45)*D45)) -> 39.5 | O45: ASTOR | P45: 10 | Q45: 80
B46: 45565 | C46: BAYRK | D46: 50 | E46: 19.3 | F46: 19.7 | G46: =IF(F46="","",(F46-E46)*D46) -> 20
B47: 45579 | C47: ARASE | D47: 20 | E47: 53.5 | F47: 60.9 | G47: =IF(E47=0,"",IF(F47="","",(F47-E47)*D47)) -> 148 | O47: ASTOR | P47: 10 | Q47: 82
B48: 45559 | C48: OZRDN | D48: 25 | E48: 31 | F48: 31.5 | G48: =IF(F48="","",(F48-E48)*D48) -> 12.5
B49: 45554 | C49: MARKA | D49: 25 | E49: 54 | F49: 57 | G49: =IF(F49="","",(F49-E49)*D49) -> 75
B50: 45574 | C50: ASTOR | D50: 10 | E50: 69 | F50: 72 | G50: =IF(E50=0,"",IF(F50="","",(F50-E50)*D50)) -> 30 | O50: ASTOR | P50: 10 | Q50: 84
B51: 45553 | C51: TDGYO | D51: 150 | E51: 9.5 | F51: 10 | G51: =IF(F51="","",(F51-E51)*D51) -> 75
B52: 45574 | C52: ASTOR | D52: 15 | E52: 69 | F52: 85.7 | G52: =IF(E52=0,"",IF(F52="","",(F52-E52)*D52)) -> 250.5 | O52: ASTOR | P52: 10 | Q52: 86
B53: 45559 | C53: MARKA | D53: 25 | E53: 55 | F53: 57 | G53: =IF(F53="","",(F53-E53)*D53) -> 50
B54: 45561 | C54: ADEL | D54: 100 | E54: 42 | G54: =IF(E54=0,"",IF(F54="","",(F54-E54)*D54)) | I54: =+E54*1.1 -> 46.2 | K54: =IF(F54=0,1,0) -> 1 | L54: =+D54*E54 -> 4200 | O54: BAYRK | P54: 50 | Q54: 20
B55: 45559 | C55: BAYRK | D55: 100 | E55: 20 | F55: 21.5 | G55: =IF(E55=0,"",IF(F55="","",(F55-E55)*D55)) -> 150
B56: 45562 | C56: ADEL | D56: 50 | E56: 40 | G56: =IF(E56=0,"",IF(F56="","",(F56-E56)*D56)) | I56: =+E56*1.1 -> 44 | K56: =IF(F56=0,1,0) -> 1 | L56: =+D56*E56 -> 2000 | O56: BAYRK | P56: 50 | Q56: 20.5
B57: 45561 | C57: EREGL | D57: 25 | E57: 51 | F57: 53.5 | G57: =IF(E57=0,"",IF(F57="","",(F57-E57)*D57)) -> 62.5 | O57: BAYRK | P57: 50 | Q57: 21
B58: 45560 | C58: SMART | D58: 50 | E58: 29 | F58: 29.3 | G58: =IF(E58=0,"",IF(F58="","",(F58-E58)*D58)) -> 15
B59: 45551 | C59: BNTAS | D59: 100 | E59: 11.4 | F59: 9.59 | G59: =IF(E59=0,"",IF(F59="","",(F59-E59)*D59)) -> -181 | O59: BAYRK | P59: 50 | Q59: 21.5
B60: 45566 | C60: BNTAS | D60: 50 | E60: 10 | F60: 9.59 | G60: =IF(E60=0,"",IF(F60="","",(F60-E60)*D60)) -> -20.5 | O60: BNTAS | P60: 50 | Q60: 12
B61: 45544 | C61: BOBET | D61: 50 | E61: 20.4 | F61: 19 | G61: =IF(E61=0,"",IF(F61="","",(F61-E61)*D61)) -> -70 | O61: BNTAS | P61: 50 | Q61: 12.5
B62: 45565 | C62: ADEL | D62: 130 | E62: 38.5 | G62: =IF(E62=0,"",IF(F62="","",(F62-E62)*D62)) | I62: =+E62*1.1 -> 42.35 | K62: =IF(F62=0,1,0) -> 1 | L62: =+D62*E62 -> 5005 | O62: BOBET | P62: 25 | Q62: 22
B63: 45569 | C63: BAYRK | D63: 100 | E63: 18.24 | F63: 18.99 | G63: =IF(E63=0,"",IF(F63="","",(F63-E63)*D63)) -> 75 | O63: BOBET | P63: 25 | Q63: 23
B64: 45625 | C64: ADEL | D64: 25 | E64: 34.44 | F64: 36 | G64: =IF(E64=0,"",IF(F64="","",(F64-E64)*D64)) -> 39 | O64: BOBET | P64: 25 | Q64: 24
B65: 45560 | C65: SMART | D65: 50 | E65: 29 | F65: 30 | G65: =IF(E65=0,"",IF(F65="","",(F65-E65)*D65)) -> 50
B66: 45572 | C66: BAYRK | D66: 50 | E66: 18.45 | F66: 19 | G66: =IF(E66=0,"",IF(F66="","",(F66-E66)*D66)) -> 27.5 | O66: BRLSM | P66: 50 | Q66: 15.5
B67: 45566 | C67: ADEL | D67: 20 | E67: 37 | G67: =IF(E67=0,"",IF(F67="","",(F67-E67)*D67)) | I67: =+E67*1.1 -> 40.7 | K67: =IF(F67=0,1,0) -> 1 | L67: =+D67*E67 -> 740 | O67: BRLSM | P67: 50 | Q67: 16
B68: 45566 | C68: BRLSM | D68: 100 | E68: 14.4 | F68: 14.7 | G68: =IF(E68=0,"",IF(F68="","",(F68-E68)*D68)) -> 30 | O68: BRLSM | P68: 50 | Q68: 16.5
B69: 45561 | C69: EDATA | D69: 150 | E69: 16.4 | F69: 14.52 | G69: =IF(E69=0,"",IF(F69="","",(F69-E69)*D69)) -> -282 | O69: BRLSM | P69: 50 | Q69: 17
B70: 45561 | C70: MARKA | D70: 10 | E70: 50 | F70: 51.2 | G70: =IF(E70=0,"",IF(F70="","",(F70-E70)*D70)) -> 12
B71: 45561 | C71: EDATA | D71: 200 | E71: 16.05 | F71: 14.52 | G71: =IF(E71=0,"",IF(F71="","",(F71-E71)*D71)) -> -306 | O71: BRSAN | P71: 1 | Q71: 500
B72: 45569 | C72: BRLSM | D72: 50 | E72: 13.8 | F72: 14.5 | G72: =IF(E72=0,"",IF(F72="","",(F72-E72)*D72)) -> 35 | O72: BRSAN | P72: 1 | Q72: 525
B73: 45566 | C73: BRLSM | D73: 200 | E73: 14.2 | F73: 15.25 | G73: =IF(E73=0,"",IF(F73="","",(F73-E73)*D73)) -> 210 | O73: BRSAN | P73: 1 | Q73: 550
B74: 45609 | C74: ARASE | D74: 10 | E74: 53.5 | F74: 56 | G74: =IF(E74=0,"",IF(F74="","",(F74-E74)*D74)) -> 25 | O74: BRSAN | P74: 1 | Q74: 575
B75: 45551 | C75: BNTAS | D75: 100 | E75: 11.4 | F75: 11.49 | G75: =IF(E75=0,"",IF(F75="","",(F75-E75)*D75)) -> 9
B76: 45561 | C76: MARKA | D76: 20 | E76: 51.2 | F76: 51.3 | G76: =IF(E76=0,"",IF(F76="","",(F76-E76)*D76)) -> 2
B77: 45561 | C77: MARKA | D77: 20 | E77: 50 | F77: 50.95 | G77: =IF(E77=0,"",IF(F77="","",(F77-E77)*D77)) -> 19
B78: 45568 | C78: ENJSA | D78: 40 | E78: 54.35 | F78: 55.5 | G78: =IF(E78=0,"",IF(F78="","",(F78-E78)*D78)) -> 46 | O78: BURVA | P78: 10 | Q78: 150
B79: 45561 | C79: MARKA | D79: 20 | E79: 51.1 | F79: 51.3 | G79: =IF(E79=0,"",IF(F79="","",(F79-E79)*D79)) -> 4
B80: 45561 | C80: MARKA | D80: 20 | E80: 51.1 | F80: 51.15 | G80: =IF(E80=0,"",IF(F80="","",(F80-E80)*D80)) -> 1
B81: 45561 | C81: MARKA | D81: 10 | E81: 50 | F81: 51.1 | G81: =IF(E81=0,"",IF(F81="","",(F81-E81)*D81)) -> 11
B82: 45561 | C82: MARKA | D82: 25 | E82: 50 | F82: 50.3 | G82: =IF(E82=0,"",IF(F82="","",(F82-E82)*D82)) -> 7.5 | O82: BURVA | P82: 10 | Q82: 155
B83: 45565 | C83: BAYRK | D83: 50 | E83: 19.4 | F83: 19.8 | G83: =IF(E83=0,"",IF(F83="","",(F83-E83)*D83)) -> 20 | O83: CATES | P83: 10 | Q83: 42
B84: 45566 | C84: ERCB | D84: 20 | E84: 89.5 | F84: 89 | G84: =IF(E84=0,"",IF(F84="","",(F84-E84)*D84)) -> -10 | O84: CATES | P84: 15 | Q84: 43
B85: 45562 | C85: BRLSM | D85: 100 | E85: 14.94 | F85: 15.2 | G85: =IF(E85=0,"",IF(F85="","",(F85-E85)*D85)) -> 26 | O85: CWENE | P85: 5 | Q85: 177
B86: 45562 | C86: MARKA | D86: 25 | E86: 45 | F86: 47 | G86: =IF(E86=0,"",IF(F86="","",(F86-E86)*D86)) -> 50 | O86: CWENE | P86: 10 | Q86: 180
B87: 45562 | C87: MARKA | D87: 25 | E87: 45 | F87: 46.5 | G87: =IF(E87=0,"",IF(F87="","",(F87-E87)*D87)) -> 37.5 | O87: CWENE | P87: 10 | Q87: 185
B88: 45562 | C88: MARKA | D88: 25 | E88: 45 | F88: 46 | G88: =IF(E88=0,"",IF(F88="","",(F88-E88)*D88)) -> 25 | O88: DOAS | P88: 10 | Q88: 225
B89: 45562 | C89: MARKA | D89: 25 | E89: 45 | F89: 45.5 | G89: =IF(E89=0,"",IF(F89="","",(F89-E89)*D89)) -> 12.5 | O89: DOAS | P89: 10 | Q89: 230
B90: 45566 | C90: BAYRK | D90: 50 | E90: 19.5 | F90: 19.6 | G90: =IF(E90=0,"",IF(F90="","",(F90-E90)*D90)) -> 5 | O90: CWENE | P90: 10 | Q90: 190
B91: 45565 | C91: ENJSA | D91: 40 | E91: 59.5 | F91: 58 | G91: =IF(E91=0,"",IF(F91="","",(F91-E91)*D91)) -> -60 | O91: DOAS | P91: 10 | Q91: 230
B92: 45562 | C92: ARASE | D92: 20 | E92: 56 | F92: 58 | G92: =IF(E92=0,"",IF(F92="","",(F92-E92)*D92)) -> 40 | O92: DOKTA | P92: 50 | Q92: 24
B93: 45562 | C93: BNTAS | D93: 50 | E93: 11.5 | F93: 12.5 | G93: =IF(E93=0,"",IF(F93="","",(F93-E93)*D93)) -> 50 | O93: DOKTA | P93: 50 | Q93: 24.5
... B119: 45616 | C119: ARASE | D119: 10 | E119: 49 | F119: 54 | G119: =IF(E119=0,"",IF(F119="","",(F119-E119)*D119)) -> 50 | O119: INDES | P119: 100 | Q119: 7.1
B120: 45567 | C120: ADEL | D120: 25 | E120: 36 | G120: =IF(E120=0,"",IF(F120="","",(F120-E120)*D120)) | I120: =+E120*1.1 -> 39.6 | K120: =IF(F120=0,1,0) -> 1 | L120: =+D120*E120 -> 900 | O120: INDES | P120: 100 | Q120: 7.2
B121: 45575 | C121: BRLSM | D121: 50 | E121: 15 | F121: 15.98 | G121: =IF(E121=0,"",IF(F121="","",(F121-E121)*D121)) -> 49 | O121: INDES | P121: 100 | Q121: 7.3
B122: 45567 | C122: BURVA | D122: 10 | E122: 133 | F122: 151 | G122: =IF(E122=0,"",IF(F122="","",(F122-E122)*D122)) -> 180 | O122: INDES | P122: 100 | Q122: 7.4
B123: 45566 | C123: BRSAN | D123: 2 | E123: 450 | F123: 475 | G123: =IF(E123=0,"",IF(F123="","",(F123-E123)*D123)) -> 50 | O123: KARYE | P123: 25 | Q123: 30
B124: 45566 | C124: PLTUR | D124: 50 | E124: 23.5 | F124: 22 | G124: =IF(E124=0,"",IF(F124="","",(F124-E124)*D124)) -> -75
B125: 45567 | C125: PLTUR | D125: 29 | E125: 21 | F125: 22.76 | G125: =IF(E125=0,"",IF(F125="","",(F125-E125)*D125)) -> 51.04 | O125: KARYE | P125: 25 | Q125: 30.5
...

Sheet ALSAT
C1: 1500 | E1: 1000 | R1: 36
C2: SATIŞ | E2: ALIŞ
C3: ADET | D3: FİYAT | E3: ADET | F3: FİYAT | H3: ADET | I3: DURUM | J3: MALİYET | K3: Haftalık | L3: 1 Aylık | M3: 3 Aylık | N3: 6 Aylık | O3: YTD | P3: 1 Yıllık | Q3: 3 Yıllık | R3: 5 Yıllık | T3: SATIŞ SKOR | U3: ALIŞ SKOR | W3: TABAN | X3: TAVAN | AB3: AL/SAT
A4: ADEL | B4: =SUMIFS(Tablo2[Son Fiyat],Tablo2[Şirket],A4) -> 32 | C4: =H4/4 -> 246.25 | D4: =IFERROR(Z4*1.1,"") -> 42.241346 | E4: =IF(U4<0.4,0,IFERROR($E$1/F4,0)*U4) -> 31.25 | F4: =IF(U4<0.5,B4*0.95,B4*0.98) -> 31.36 | G4: =+F4*E4 -> 980 | H4: =SUMIFS(Portföy!$C$2:$C$93,Portföy!$A$2:$A$93,ALSAT!A4) -> 985 | I4: =SUMIFS(Portföy!$H$2:$H$93,Portföy!$A$2:$A$93,ALSAT!A4) -> -4868.74 | J4: =IF(SUMIFS(Portföy!$D$2:$D$93,Portföy!$A$2:$A$93,ALSAT!A4)<0,0,SUMIFS(Portföy!$D$2:$D$93,Portföy!$A$2:$A$93,ALSAT!A4)) -> 36.942883 | K4: =VLOOKUP($A4,Tablo2[],3,FALSE)/100 -> -0.0332 | L4: =VLOOKUP($A4,Tablo2[],4,FALSE)/100 -> -0.0442 | M4: =VLOOKUP($A4,Tablo2[],5,FALSE)/100 -> -0.2184 | N4: =VLOOKUP($A4,Tablo2[],6,FALSE)/100 -> -0.3399 | O4: =VLOOKUP($A4,Tablo2[],7,FALSE)/100 -> -0.0442 | P4: =VLOOKUP($A4,Tablo2[],8,FALSE)/100 -> -0.2138 | Q4: =VLOOKUP($A4,Tablo2[],9,FALSE)/100 -> 11.2605 | R4: =VLOOKUP($A4,Tablo2[],10,FALSE)/100 -> 20.0526 | S4: =IF(K4<0,8,4)+IF(L4<0,7,3)+IF(M4<0,6,3)+IF(N4<0,5,2)+IF(O4<0,4,2)+IF(P4<0.5,3,1)+IF(Q4<1,2,1)+IF(R4<2,1,0) -> 34 | T4: =(IF(J4<B4,32,0)+IF(B4>J4*1.1,32,0)+(36-S4))/100 -> 0.02 | U4: =1-T4 -> 0.98 | W4: =+B4*0.9 -> 28.8 | X4: =+B4*1.1 -> 35.2 | Z4: =SUMIFS(Sayfa4!$L$3:$L$3000,Sayfa4!$C$3:$C$3000,ALSAT!A4,Sayfa4!$K$3:$K$3000,"1")/SUMIFS(Sayfa4!$D$3:$D$3000,Sayfa4!$C$3:$C$3000,ALSAT!A4,Sayfa4!$K$3:$K$3000,"1") -> 38.401223
A5: ALCTL | B5: =SUMIFS(Tablo2[Son Fiyat],Tablo2[Şirket],A5) -> 137.7 | C5: =H5/4 -> 0 | D5: =IFERROR(Z5*1.1,"") | E5: =IF(U5<0.4,0,IFERROR($E$1/F5,0)*U5) -> 0 | F5: =IF(U5<0.5,B5*0.95,B5*0.98) -> 130.815 | G5: =+F5*E5 -> 0 | H5: =SUMIFS(Portföy!$C$2:$C$93,Portföy!$A$2:$A$93,ALSAT!A5) -> 0 | I5: =SUMIFS(Portföy!$H$2:$H$93,Portföy!$A$2:$A$93,ALSAT!A5) -> 125 | J5: =IF(SUMIFS(Portföy!$D$2:$D$93,Portföy!$A$2:$A$93,ALSAT!A5)<0,0,SUMIFS(Portföy!$D$2:$D$93,Portföy!$A$2:$A$93,ALSAT!A5)) -> 0 | K5: =VLOOKUP($A5,Tablo2[],3,FALSE)/100 -> 0.0066 | L5: =VLOOKUP($A5,Tablo2[],4,FALSE)/100 -> 0.1485 | M5: =VLOOKUP($A5,Tablo2[],5,FALSE)/100 -> 0.1485 | N5: =VLOOKUP($A5,Tablo2[],6,FALSE)/100 -> 0.4292 | O5: =VLOOKUP($A5,Tablo2[],7,FALSE)/100 -> 0.1485 | P5: =VLOOKUP($A5,Tablo2[],8,FALSE)/100 -> 0.2978 | Q5: =VLOOKUP($A5,Tablo2[],9,FALSE)/100 -> 3.9532 | R5: =VLOOKUP($A5,Tablo2[],10,FALSE)/100 -> 7.8383 | S5: =IF(K5<0,8,4)+IF(L5<0,7,3)+IF(M5<0,6,3)+IF(N5<0,5,2)+IF(O5<0,4,2)+IF(P5<0.5,3,1)+IF(Q5<1,2,1)+IF(R5<2,1,0) -> 18 | T5: =(IF(J5<B5,32,0)+IF(B5>J5*1.1,32,0)+(36-S5))/100 -> 0.82 | U5: =1-T5 -> 0.18 | W5: =+B5*0.9 -> 123.93 | X5: =+B5*1.1 -> 151.47 | Z5: =SUMIFS(Sayfa4!$L$3:$L$3000,Sayfa4!$C$3:$C$3000,ALSAT!A5,Sayfa4!$K$3:$K$3000,"1")/SUMIFS(Sayfa4!$D$3:$D$3000,Sayfa4!$C$3:$C$3000,ALSAT!A5,Sayfa4!$K$3:$K$3000,"1") -> #DIV/0!
A6: ARASE | B6: =SUMIFS(Tablo2[Son Fiyat],Tablo2[Şirket],A6) -> 49.72 | C6: =H6/4 -> 102.5 | D6: =IFERROR(Z6*1.1,"") -> 59.047593 | E6: =IF(U6<0.4,0,IFERROR($E$1/F6,0)*U6) -> 20.317862 | F6: =IF(U6<0.5,B6*0.95,B6*0.98) -> 48.7256 | G6: =+F6*E6 -> 990 | H6: =SUMIFS(Portföy!$C$2:$C$93,Portföy!$A$2:$A$93,ALSAT!A6) -> 410 | I6: =SUMIFS(Portföy!$H$2:$H$93,Portföy!$A$2:$A$93,ALSAT!A6) -> -3544.55 | J6: =IF(SUMIFS(Portföy!$D$2:$D$93,Portföy!$A$2:$A$93,ALSAT!A6)<0,0,SUMIFS(Portföy!$D$2:$D$93,Portföy!$A$2:$A$93,ALSAT!A6)) -> 58.365244 | K6: =VLOOKUP($A6,Tablo2[],3,FALSE)/100 -> -0.0213 | L6: =VLOOKUP($A6,Tablo2[],4,FALSE)/100 -> -0.1121 | M6: =VLOOKUP($A6,Tablo2[],5,FALSE)/100 -> -0.1292 | N6: =VLOOKUP($A6,Tablo2[],6,FALSE)/100 -> -0.0582 | O6: =VLOOKUP($A6,Tablo2[],7,FALSE)/100 -> -0.1121 | P6: =VLOOKUP($A6,Tablo2[],8,FALSE)/100 -> -0.2153 | Q6: =VLOOKUP($A6,Tablo2[],9,FALSE)/100 -> 1.1257 | R6: =VLOOKUP($A6,Tablo2[],10,FALSE)/100 -> 0 | S6: =IF(K6<0,8,4)+IF(L6<0,7,3)+IF(M6<0,6,3)+IF(N6<0,5,2)+IF(O6<0,4,2)+IF(P6<0.5,3,1)+IF(Q6<1,2,1)+IF(R6<2,1,0) -> 35 | T6: =(IF(J6<B6,32,0)+IF(B6>J6*1.1,32,0)+(36-S6))/100 -> 0.01 | U6: =1-T6 -> 0.99 | W6: =+B6*0.9 -> 44.748 | X6: =+B6*1.1 -> 54.692 | Z6: =SUMIFS(Sayfa4!$L$3:$L$3000,Sayfa4!$C$3:$C$3000,ALSAT!A6,Sayfa4!$K$3:$K$3000,"1")/SUMIFS(Sayfa4!$D$3:$D$3000,Sayfa4!$C$3:$C$3000,ALSAT!A6,Sayfa4!$K$3:$K$3000,"1") -> 53.67963
A7: ASELS | B7: =SUMIFS(Tablo2[Son Fiyat],Tablo2[Şirket],A7) -> 88.7 | C7: =H7/4 -> 0.5 | D7: =IFERROR(Z7*1.1,"") -> 82.5 | E7: =IF(U7<0.4,0,IFERROR($E$1/F7,0)*U7) -> 0 | F7: =IF(U7<0.5,B7*0.95,B7*0.98) -> 84.265 | G7: =+F7*E7 -> 0 | H7: =SUMIFS(Portföy!$C$2:$C$93,Portföy!$A$2:$A$93,ALSAT!A7) -> 2 | I7: =SUMIFS(Portföy!$H$2:$H$93,Portföy!$A$2:$A$93,ALSAT!A7) -> 27.4 | J7: =IF(SUMIFS(Portföy!$D$2:$D$93,Portföy!$A$2:$A$93,ALSAT!A7)<0,0,SUMIFS(Portföy!$D$2:$D$93,Portföy!$A$2:$A$93,ALSAT!A7)) -> 75 | K7: =VLOOKUP($A7,Tablo2[],3,FALSE)/100 -> 0.0417 | L7: =VLOOKUP($A7,Tablo2[],4,FALSE)/100 -> 0.2234 | M7: =VLOOKUP($A7,Tablo2[],5,FALSE)/100 -> 0.4601 | N7: =VLOOKUP($A7,Tablo2[],6,FALSE)/100 -> 0.4215 | O7: =VLOOKUP($A7,Tablo2[],7,FALSE)/100 -> 0.2234 | P7: =VLOOKUP($A7,Tablo2[],8,FALSE)/100 -> 0.7557 | Q7: =VLOOKUP($A7,Tablo2[],9,FALSE)/100 -> 7.282 | R7: =VLOOKUP($A7,Tablo2[],10,FALSE)/100 -> 14.5342 | S7: =IF(K7<0,8,4)+IF(L7<0,7,3)+IF(M7<0,6,3)+IF(N7<0,5,2)+IF(O7<0,4,2)+IF(P7<0.5,3,1)+IF(Q7<1,2,1)+IF(R7<2,1,0) -> 16 | T7: =(IF(J7<B7,32,0)+IF(B7>J7*1.1,32,0)+(36-S7))/100 -> 0.84 | U7: =1-T7 -> 0.16 | W7: =+B7*0.9 -> 79.83 | X7: =+B7*1.1 -> 97.57 | Z7: =SUMIFS(Sayfa4!$L$3:$L$3000,Sayfa4!$C$3:$C$3000,ALSAT!A7,Sayfa4!$K$3:$K$3000,"1")/SUMIFS(Sayfa4!$D$3:$D$3000,Sayfa4!$C$3:$C$3000,ALSAT!A7,Sayfa4!$K$3:$K$3000,"1") -> 75
A8: ASTOR | B8: =SUMIFS(Tablo2[Son Fiyat],Tablo2[Şirket],A8) -> 117.6 | C8: =H8/4 -> 4.5 | D8: =IFERROR(Z8*1.1,"") -> 132 | E8: =IF(U8<0.4,0,IFERROR($E$1/F8,0)*U8) -> 0 | F8: =IF(U8<0.5,B8*0.95,B8*0.98) -> 111.72 | G8: =+F8*E8 -> 0 | H8: =SUMIFS(Portföy!$C$2:$C$93,Portföy!$A$2:$A$93,ALSAT!A8) -> 18 | I8: =SUMIFS(Portföy!$H$2:$H$93,Portföy!$A$2:$A$93,ALSAT!A8) -> 2280.9 | J8: =IF(SUMIFS(Portföy!$D$2:$D$93,Portföy!$A$2:$A$93,ALSAT!A8)<0,0,SUMIFS(Portföy!$D$2:$D$93,Portföy!$A$2:$A$93,ALSAT!A8)) -> 0 | K8: =VLOOKUP($A8,Tablo2[],3,FALSE)/100 -> -0.0813 | L8: =VLOOKUP($A8,Tablo2[],4,FALSE)/100 -> 0.0325 | M8: =VLOOKUP($A8,Tablo2[],5,FALSE)/100 -> 0.5077 | N8: =VLOOKUP($A8,Tablo2[],6,FALSE)/100 -> 0.2666 | O8: =VLOOKUP($A8,Tablo2[],7,FALSE)/100 -> 0.0325 | P8: =VLOOKUP($A8,Tablo2[],8,FALSE)/100 -> 0.0112 | Q8: =VLOOKUP($A8,Tablo2[],9,FALSE)/100 -> 0 | R8: =VLOOKUP($A8,Tablo2[],10,FALSE)/100 -> 0 | S8: =IF(K8<0,8,4)+IF(L8<0,7,3)+IF(M8<0,6,3)+IF(N8<0,5,2)+IF(O8<0,4,2)+IF(P8<0.5,3,1)+IF(Q8<1,2,1)+IF(R8<2,1,0) -> 24 | T8: =(IF(J8<B8,32,0)+IF(B8>J8*1.1,32,0)+(36-S8))/100 -> 0.76 | U8: =1-T8 -> 0.24 | W8: =+B8*0.9 -> 105.84 | X8: =+B8*1.1 -> 129.36 | Z8: =SUMIFS(Sayfa4!$L$3:$L$3000,Sayfa4!$C$3:$C$3000,ALSAT!A8,Sayfa4!$K$3:$K$3000,"1")/SUMIFS(Sayfa4!$D$3:$D$3000,Sayfa4!$C$3:$C$3000,ALSAT!A8,Sayfa4!$K$3:$K$3000,"1") -> 120
A9: BAYRK | B9: =SUMIFS(Tablo2[Son Fiyat],Tablo2[Şirket],A9) -> 18.35 | C9: =H9/4 -> 180 | D9: =IFERROR(Z9*1.1,"") -> 25.049286 | E9: =IF(U9<0.4,0,IFERROR($E$1/F9,0)*U9) -> 50.047267 | F9: =IF(U9<0.5,B9*0.95,B9*0.98) -> 17.983 | G9: =+F9*E9 -> 900 | H9: =SUMIFS(Portföy!$C$2:$C$93,Portföy!$A$2:$A$93,ALSAT!A9) -> 720 | I9: =SUMIFS(Portföy!$H$2:$H$93,Portföy!$A$2:$A$93,ALSAT!A9) -> -367.95 | J9: =IF(SUMIFS(Portföy!$D$2:$D$93,Portföy!$A$2:$A$93,ALSAT!A9)<0,0,SUMIFS(Portföy!$D$2:$D$93,Portföy!$A$2:$A$93,ALSAT!A9)) -> 18.861042 | K9: =VLOOKUP($A9,Tablo2[],3,FALSE)/100 -> -0.058 | L9: =VLOOKUP($A9,Tablo2[],4,FALSE)/100 -> 0.0522 | M9: =VLOOKUP($A9,Tablo2[],5,FALSE)/100 -> 0.0269 | N9: =VLOOKUP($A9,Tablo2[],6,FALSE)/100 -> -0.2683 | O9: =VLOOKUP($A9,Tablo2[],7,FALSE)/100 -> 0.0522 | P9: =VLOOKUP($A9,Tablo2[],8,FALSE)/100 -> -0.6059 | Q9: =VLOOKUP($A9,Tablo2[],9,FALSE)/100 -> 4.6988 | R9: =VLOOKUP($A9,Tablo2[],10,FALSE)/100 -> 0 | S9: =IF(K9<0,8,4)+IF(L9<0,7,3)+IF(M9<0,6,3)+IF(N9<0,5,2)+IF(O9<0,4,2)+IF(P9<0.5,3,1)+IF(Q9<1,2,1)+IF(R9<2,1,0) -> 26 | T9: =(IF(J9<B9,32,0)+IF(B9>J9*1.1,32,0)+(36-S9))/100 -> 0.1 | U9: =1-T9 -> 0.9 | W9: =+B9*0.9 -> 16.515 | X9: =+B9*1.1 -> 20.185 | Z9: =SUMIFS(Sayfa4!$L$3:$L$3000,Sayfa4!$C$3:$C$3000,ALSAT!A9,Sayfa4!$K$3:$K$3000,"1")/SUMIFS(Sayfa4!$D$3:$D$3000,Sayfa4!$C$3:$C$3000,ALSAT!A9,Sayfa4!$K$3:$K$3000,"1") -> 22.772078
A10: BFREN | B10: =SUMIFS(Tablo2[Son Fiyat],Tablo2[Şirket],A10) -> 640 | C10: =H10/4 -> 1 | D10: =IFERROR(Z10*1.1,"") -> 765.325 | E10: =IF(U10<0.4,0,IFERROR($E$1/F10,0)*U10) -> 1.5625 | F10: =IF(U10<0.5,B10*0.95,B10*0.98) -> 627.2 | G10: =+F10*E10 -> 980 | H10: =SUMIFS(Portföy!$C$2:$C$93,Portföy!$A$2:$A$93,ALSAT!A10) -> 4 | I10: =SUMIFS(Portföy!$H$2:$H$93,Portföy!$A$2:$A$93,ALSAT!A10) -> -168 | J10: =IF(SUMIFS(Portföy!$D$2:$D$93,Portföy!$A$2:$A$93,ALSAT!A10)<0,0,SUMIFS(Portföy!$D$2:$D$93,Portföy!$A$2:$A$93,ALSAT!A10)) -> 682 | K10: =VLOOKUP($A10,Tablo2[],3,FALSE)/100 -> -0.0184 | L10: =VLOOKUP($A10,Tablo2[],4,FALSE)/100 -> -0.0567 | M10: =VLOOKUP($A10,Tablo2[],5,FALSE)/100 -> -0.203 | N10: =VLOOKUP($A10,Tablo2[],6,FALSE)/100 -> -0.2104 | O10: =VLOOKUP($A10,Tablo2[],7,FALSE)/100 -> -0.0567 | P10: =VLOOKUP($A10,Tablo2[],8,FALSE)/100 -> -0.293 | Q10: =VLOOKUP($A10,Tablo2[],9,FALSE)/100 -> 5.5153 | R10: =VLOOKUP($A10,Tablo2[],10,FALSE)/100 -> 26.1416 | S10: =IF(K10<0,8,4)+IF(L10<0,7,3)+IF(M10<0,6,3)+IF(N10<0,5,2)+IF(O10<0,4,2)+IF(P10<0.5,3,1)+IF(Q10<1,2,1)+IF(R10<2,1,0) -> 34 | T10: =(IF(J10<B10,32,0)+IF(B10>J10*1.1,32,0)+(36-S10))/100 -> 0.02 | U10: =1-T10 -> 0.98 | W10: =+B10*0.9 -> 576 | X10: =+B10*1.1 -> 704 | Z10: =SUMIFS(Sayfa4!$L$3:$L$3000,Sayfa4!$C$3:$C$3000,ALSAT!A10,Sayfa4!$K$3:$K$3000,"1")/SUMIFS(Sayfa4!$D$3:$D$3000,Sayfa4!$C$3:$C$3000,ALSAT!A10,Sayfa4!$K$3:$K$3000,"1") -> 695.75
A11: BRLSM | B11: =SUMIFS(Tablo2[Son Fiyat],Tablo2[Şirket],A11) -> 14.97 | C11: =H11/4 -> 475 | D11: =IFERROR(Z11*1.1,"") -> 17.1578 | E11: =IF(U11<0.4,0,IFERROR($E$1/F11,0)*U11) -> 63.39209 | F11: =IF(U11<0.5,B11*0.95,B11*0.98) -> 14.6706 | G11: =+F11*E11 -> 930 | H11: =SUMIFS(Portföy!$C$2:$C$93,Portföy!$A$2:$A$93,ALSAT!A11) -> 1900 | I11: =SUMIFS(Portföy!$H$2:$H$93,Portföy!$A$2:$A$93,ALSAT!A11) -> -13860.1 | J11: =IF(SUMIFS(Portföy!$D$2:$D$93,Portföy!$A$2:$A$93,ALSAT!A11)<0,0,SUMIFS(Portföy!$D$2:$D$93,Portföy!$A$2:$A$93,ALSAT!A11)) -> 22.264789 | K11: =VLOOKUP($A11,Tablo2[],3,FALSE)/100 -> -0.0267 | L11: =VLOOKUP($A11,Tablo2[],4,FALSE)/100 -> 0.002 | M11: =VLOOKUP($A11,Tablo2[],5,FALSE)/100 -> -0.0754 | N11: =VLOOKUP($A11,Tablo2[],6,FALSE)/100 -> -0.1864 | O11: =VLOOKUP($A11,Tablo2[],7,FALSE)/100 -> 0.002 | P11: =VLOOKUP($A11,Tablo2[],8,FALSE)/100 -> -0.5444 | Q11: =VLOOKUP($A11,Tablo2[],9,FALSE)/100 -> 2.3193 | R11: =VLOOKUP($A11,Tablo2[],10,FALSE)/100 -> 0 | S11: =IF(K11<0,8,4)+IF(L11<0,7,3)+IF(M11<0,6,3)+IF(N11<0,5,2)+IF(O11<0,4,2)+IF(P11<0.5,3,1)+IF(Q11<1,2,1)+IF(R11<2,1,0) -> 29 | T11: =(IF(J11<B11,32,0)+IF(B11>J11*1.1,32,0)+(36-S11))/100 -> 0.07 | U11: =1-T11 -> 0.93 | W11: =+B11*0.9 -> 13.473 | X11: =+B11*1.1 -> 16.467 | Z11: =SUMIFS(Sayfa4!$L$3:$L$3000,Sayfa4!$C$3:$C$3000,ALSAT!A11,Sayfa4!$K$3:$K$3000,"1")/SUMIFS(Sayfa4!$D$3:$D$3000,Sayfa4!$C$3:$C$3000,ALSAT!A11,Sayfa4!$K$3:$K$3000,"1") -> 15.598
A12: BURVA | B12: =SUMIFS(Tablo2[Son Fiyat],Tablo2[Şirket],A12) -> 105.8 | C12: =H12/4 -> 3.75 | D12: =IFERROR(Z12*1.1,"") -> 139.99333 | E12: =IF(U12<0.4,0,IFERROR($E$1/F12,0)*U12) -> 0 | F12: =IF(U12<0.5,B12*0.95,B12*0.98) -> 100.51 | G12: =+F12*E12 -> 0 | H12: =SUMIFS(Portföy!$C$2:$C$93,Portföy!$A$2:$A$93,ALSAT!A12) -> 15 | I12: =SUMIFS(Portföy!$H$2:$H$93,Portföy!$A$2:$A$93,ALSAT!A12) -> 506.3 | J12: =IF(SUMIFS(Portföy!$D$2:$D$93,Portföy!$A$2:$A$93,ALSAT!A12)<0,0,SUMIFS(Portföy!$D$2:$D$93,Portföy!$A$2:$A$93,ALSAT!A12)) -> 72.046667 | K12: =VLOOKUP($A12,Tablo2[],3,FALSE)/100 -> -0.0204 | L12: =VLOOKUP($A12,Tablo2[],4,FALSE)/100 -> -0.0477 | M12: =VLOOKUP($A12,Tablo2[],5,FALSE)/100 -> -0.2399 | N12: =VLOOKUP($A12,Tablo2[],6,FALSE)/100 -> -0.0918 | O12: =VLOOKUP($A12,Tablo2[],7,FALSE)/100 -> -0.0477 | P12: =VLOOKUP($A12,Tablo2[],8,FALSE)/100 -> -0.1669 | Q12: =VLOOKUP($A12,Tablo2[],9,FALSE)/100 -> 3.2252 | R12: =VLOOKUP($A12,Tablo2[],10,FALSE)/100 -> 7.1073 | S12: =IF(K12<0,8,4)+IF(L12<0,7,3)+IF(M12<0,6,3)+IF(N12<0,5,2)+IF(O12<0,4,2)+IF(P12<0.5,3,1)+IF(Q12<1,2,1)+IF(R12<2,1,0) -> 34 | T12: =(IF(J12<B12,32,0)+IF(B12>J12*1.1,32,0)+(36-S12))/100 -> 0.66 | U12: =1-T12 -> 0.34 | W12: =+B12*0.9 -> 95.22 | X12: =+B12*1.1 -> 116.38 | Z12: =SUMIFS(Sayfa4!$L$3:$L$3000,Sayfa4!$C$3:$C$3000,ALSAT!A12,Sayfa4!$K$3:$K$3000,"1")/SUMIFS(Sayfa4!$D$3:$D$3000,Sayfa4!$C$3:$C$3000,ALSAT!A12,Sayfa4!$K$3:$K$3000,"1") -> 127.26667
A13: BVSAN | B13: =SUMIFS(Tablo2[Son Fiyat],Tablo2[Şirket],A13) -> 105.9 | C13: =H13/4 -> 0 | D13: =IFERROR(Z13*1.1,"") | E13: =IF(U13<0.4,0,IFERROR($E$1/F13,0)*U13) -> 0 | F13: =IF(U13<0.5,B13*0.95,B13*0.98) -> 100.605 | G13: =+F13*E13 -> 0 | H13: =SUMIFS(Portföy!$C$2:$C$93,Portföy!$A$2:$A$93,ALSAT!A13) -> 0 | I13: =SUMIFS(Portföy!$H$2:$H$93,Portföy!$A$2:$A$93,ALSAT!A13) -> 246.2 | J13: =IF(SUMIFS(Portföy!$D$2:$D$93,Portföy!$A$2:$A$93,ALSAT!A13)<0,0,SUMIFS(Portföy!$D$2:$D$93,Portföy!$A$2:$A$93,ALSAT!A13)) -> 0 | K13: =VLOOKUP($A13,Tablo2[],3,FALSE)/100 -> -0.0194 | L13: =VLOOKUP($A13,Tablo2[],4,FALSE)/100 -> 0.1786 | M13: =VLOOKUP($A13,Tablo2[],5,FALSE)/100 -> 0.2744 | N13: =VLOOKUP($A13,Tablo2[],6,FALSE)/100 -> 0.0019 | O13: =VLOOKUP($A13,Tablo2[],7,FALSE)/100 -> 0.1786 | P13: =VLOOKUP($A13,Tablo2[],8,FALSE)/100 -> 0.0706 | Q13: =VLOOKUP($A13,Tablo2[],9,FALSE)/100 -> 0 | R13: =VLOOKUP($A13,Tablo2[],10,FALSE)/100 -> 0 | S13: =IF(K13<0,8,4)+IF(L13<0,7,3)+IF(M13<0,6,3)+IF(N13<0,5,2)+IF(O13<0,4,2)+IF(P13<0.5,3,1)+IF(Q13<1,2,1)+IF(R13<2,1,0) -> 24 | T13: =(IF(J13<B13,32,0)+IF(B13>J13*1.1,32,0)+(36-S13))/100 -> 0.76 | U13: =1-T13 -> 0.24 | W13: =+B13*0.9 -> 95.31 | X13: =+B13*1.1 -> 116.49 | Z13: =SUMIFS(Sayfa4!$L$3:$L$3000,Sayfa4!$C$3:$C$3000,ALSAT!A13,Sayfa4!$K$3:$K$3000,"1")/SUMIFS(Sayfa4!$D$3:$D$3000,Sayfa4!$C$3:$C$3000,ALSAT!A13,Sayfa4!$K$3:$K$3000,"1") -> #DIV/0!
A14: CEOEM | B14: =SUMIFS(Tablo2[Son Fiyat],Tablo2[Şirket],A14) -> 25 | C14: =H14/4 -> 32.5 | D14: =IFERROR(Z14*1.1,"") -> 30.080769 | E14: =IF(U14<0.4,0,IFERROR($E$1/F14,0)*U14) -> 40.408163 | F14: =IF(U14<0.5,B14*0.95,B14*0.98) -> 24.5 | G14: =+F14*E14 -> 990 | H14: =SUMIFS(Portföy!$C$2:$C$93,Portföy!$A$2:$A$93,ALSAT!A14) -> 130 | I14: =SUMIFS(Portföy!$H$2:$H$93,Portföy!$A$2:$A$93,ALSAT!A14) -> -27.3 | J14: =IF(SUMIFS(Portföy!$D$2:$D$93,Portföy!$A$2:$A$93,ALSAT!A14)<0,0,SUMIFS(Portföy!$D$2:$D$93,Portföy!$A$2:$A$93,ALSAT!A14)) -> 25.21 | K14: =VLOOKUP($A14,Tablo2[],3,FALSE)/100 -> -0.0443 | L14: =VLOOKUP($A14,Tablo2[],4,FALSE)/100 -> -0.1033 | M14: =VLOOKUP($A14,Tablo2[],5,FALSE)/100 -> -0.5895 | N14: =VLOOKUP($A14,Tablo2[],6,FALSE)/100 -> -0.2183 | O14: =VLOOKUP($A14,Tablo2[],7,FALSE)/100 -> -0.1033 | P14: =VLOOKUP($A14,Tablo2[],8,FALSE)/100 -> 0.2401 | Q14: =VLOOKUP($A14,Tablo2[],9,FALSE)/100 -> 0.7781 | R14: =VLOOKUP($A14,Tablo2[],10,FALSE)/100 -> 7.1433 | S14: =IF(K14<0,8,4)+IF(L14<0,7,3)+IF(M14<0,6,3)+IF(N14<0,5,2)+IF(O14<0,4,2)+IF(P14<0.5,3,1)+IF(Q14<1,2,1)+IF(R14<2,1,0) -> 35 | T14: =(IF(J14<B14,32,0)+IF(B14>J14*1.1,32,0)+(36-S14))/100 -> 0.01 | U14: =1-T14 -> 0.99 | W14: =+B14*0.9 -> 22.5 | X14: =+B14*1.1 -> 27.5 | Z14: =SUMIFS(Sayfa4!$L$3:$L$3000,Sayfa4!$C$3:$C$3000,ALSAT!A14,Sayfa4!$K$3:$K$3000,"1")/SUMIFS(Sayfa4!$D$3:$D$3000,Sayfa4!$C$3:$C$3000,ALSAT!A14,Sayfa4!$K$3:$K$3000,"1") -> 27.346154
A15: CIMSA | B15: =SUMIFS(Tablo2[Son Fiyat],Tablo2[Şirket],A15) -> 53.35 | C15: =H15/4 -> 1.25 | D15: =IFERROR(Z15*1.1,"") -> 55 | E15: =IF(U15<0.4,0,IFERROR($E$1/F15,0)*U15) -> 0 | F15: =IF(U15<0.5,B15*0.95,B15*0.98) -> 50.6825 | G15: =+F15*E15 -> 0 | H15: =SUMIFS(Portföy!$C$2:$C$93,Portföy!$A$2:$A$93,ALSAT!A15) -> 5 | I15: =SUMIFS(Portföy!$H$2:$H$93,Portföy!$A$2:$A$93,ALSAT!A15) -> 183.29 | J15: =IF(SUMIFS(Portföy!$D$2:$D$93,Portföy!$A$2:$A$93,ALSAT!A15)<0,0,SUMIFS(Portföy!$D$2:$D$93,Portföy!$A$2:$A$93,ALSAT!A15)) -> 16.692 | K15: =VLOOKUP($A15,Tablo2[],3,FALSE)/100 -> -0.0387 | L15: =VLOOKUP($A15,Tablo2[],4,FALSE)/100 -> 0.1448 | M15: =VLOOKUP($A15,Tablo2[],5,FALSE)/100 -> 0.5304 | N15: =VLOOKUP($A15,Tablo2[],6,FALSE)/100 -> 0.5821 | O15: =VLOOKUP($A15,Tablo2[],7,FALSE)/100 -> 0.1448 | P15: =VLOOKUP($A15,Tablo2[],8,FALSE)/100 -> 0.6756 | Q15: =VLOOKUP($A15,Tablo2[],9,FALSE)/100 -> 11.2926 | R15: =VLOOKUP($A15,Tablo2[],10,FALSE)/100 -> 41.0079 | S15: =IF(K15<0,8,4)+IF(L15<0,7,3)+IF(M15<0,6,3)+IF(N15<0,5,2)+IF(O15<0,4,2)+IF(P15<0.5,3,1)+IF(Q15<1,2,1)+IF(R15<2,1,0) -> 20 | T15: =(IF(J15<B15,32,0)+IF(B15>J15*1.1,32,0)+(36-S15))/100 -> 0.8 | U15: =1-T15 -> 0.2 | W15: =+B15*0.9 -> 48.015 | X15: =+B15*1.1 -> 58.685 | Z15: =SUMIFS(Sayfa4!$L$3:$L$3000,Sayfa4!$C$3:$C$3000,ALSAT!A15,Sayfa4!$K$3:$K$3000,"1")/SUMIFS(Sayfa4!$D$3:$D$3000,Sayfa4!$C$3:$C$3000,ALSAT!A15,Sayfa4!$K$3:$K$3000,"1") -> 50
... A51: YEOTK | B51: =SUMIFS(Tablo2[Son Fiyat],Tablo2[Şirket],A51) -> 54.5 | C51: =H51/4 -> 0 | D51: =IFERROR(Z51*1.1,"") | E51: =IF(U51<0.4,0,IFERROR($E$1/F51,0)*U51) -> 0 | F51: =IF(U51<0.5,B51*0.95,B51*0.98) -> 51.775 | G51: =+F51*E51 -> 0 | H51: =SUMIFS(Portföy!$C$2:$C$93,Portföy!$A$2:$A$93,ALSAT!A51) -> 0 | I51: =SUMIFS(Portföy!$H$2:$H$93,Portföy!$A$2:$A$93,ALSAT!A51) -> 574.15 | J51: =IF(SUMIFS(Portföy!$D$2:$D$93,Portföy!$A$2:$A$93,ALSAT!A51)<0,0,SUMIFS(Portföy!$D$2:$D$93,Portföy!$A$2:$A$93,ALSAT!A51)) -> 0 | K51: =VLOOKUP($A51,Tablo2[],3,FALSE)/100 -> 0.0273 | L51: =VLOOKUP($A51,Tablo2[],4,FALSE)/100 -> 0.0542 | M51: =VLOOKUP($A51,Tablo2[],5,FALSE)/100 -> 0.0693 | N51: =VLOOKUP($A51,Tablo2[],6,FALSE)/100 -> -0.0789 | O51: =VLOOKUP($A51,Tablo2[],7,FALSE)/100 -> 0.0542 | P51: =VLOOKUP($A51,Tablo2[],8,FALSE)/100 -> -0.0851 | Q51: =VLOOKUP($A51,Tablo2[],9,FALSE)/100 -> 12.7626 | R51: =VLOOKUP($A51,Tablo2[],10,FALSE)/100 -> 0 | S51: =IF(K51<0,8,4)+IF(L51<0,7,3)+IF(M51<0,6,3)+IF(N51<0,5,2)+IF(O51<0,4,2)+IF(P51<0.5,3,1)+IF(Q51<1,2,1)+IF(R51<2,1,0) -> 22 | T51: =(IF(J51<B51,32,0)+IF(B51>J51*1.1,32,0)+(36-S51))/100 -> 0.78 | U51: =1-T51 -> 0.22 | W51: =+B51*0.9 -> 49.05 | X51: =+B51*1.1 -> 59.95 | Z51: =SUMIFS(Sayfa4!$L$3:$L$3000,Sayfa4!$C$3:$C$3000,ALSAT!A51,Sayfa4!$K$3:$K$3000,"1")/SUMIFS(Sayfa4!$D$3:$D$3000,Sayfa4!$C$3:$C$3000,ALSAT!A51,Sayfa4!$K$3:$K$3000,"1") -> #DIV/0!
Z52: =SUMIFS(Sayfa4!$L$3:$L$3000,Sayfa4!$C$3:$C$3000,ALSAT!A52,Sayfa4!$K$3:$K$3000,"1")/SUMIFS(Sayfa4!$D$3:$D$3000,Sayfa4!$C$3:$C$3000,ALSAT!A52,Sayfa4!$K$3:$K$3000,"1") -> #DIV/0!
Z53: =SUMIFS(Sayfa4!$L$3:$L$3000,Sayfa4!$C$3:$C$3000,ALSAT!A53,Sayfa4!$K$3:$K$3000,"1")/SUMIFS(Sayfa4!$D$3:$D$3000,Sayfa4!$C$3:$C$3000,ALSAT!A53,Sayfa4!$K$3:$K$3000,"1") -> #DIV/0!
Z54: =SUMIFS(Sayfa4!$L$3:$L$3000,Sayfa4!$C$3:$C$3000,ALSAT!A54,Sayfa4!$K$3:$K$3000,"1")/SUMIFS(Sayfa4!$D$3:$D$3000,Sayfa4!$C$3:$C$3000,ALSAT!A54,Sayfa4!$K$3:$K$3000,"1") -> #DIV/0!
Z55: =SUMIFS(Sayfa4!$L$3:$L$3000,Sayfa4!$C$3:$C$3000,ALSAT!A55,Sayfa4!$K$3:$K$3000,"1")/SUMIFS(Sayfa4!$D$3:$D$3000,Sayfa4!$C$3:$C$3000,ALSAT!A55,Sayfa4!$K$3:$K$3000,"1") -> #DIV/0!
Z56: =SUMIFS(Sayfa4!$L$3:$L$3000,Sayfa4!$C$3:$C$3000,ALSAT!A56,Sayfa4!$K$3:$K$3000,"1")/SUMIFS(Sayfa4!$D$3:$D$3000,Sayfa4!$C$3:$C$3000,ALSAT!A56,Sayfa4!$K$3:$K$3000,"1") -> #DIV/0!
Z57: =SUMIFS(Sayfa4!$L$3:$L$3000,Sayfa4!$C$3:$C$3000,ALSAT!A57,Sayfa4!$K$3:$K$3000,"1")/SUMIFS(Sayfa4!$D$3:$D$3000,Sayfa4!$C$3:$C$3000,ALSAT!A57,Sayfa4!$K$3:$K$3000,"1") -> #DIV/0!
Z58: =SUMIFS(Sayfa4!$L$3:$L$3000,Sayfa4!$C$3:$C$3000,ALSAT!A58,Sayfa4!$K$3:$K$3000,"1")/SUMIFS(Sayfa4!$D$3:$D$3000,Sayfa4!$C$3:$C$3000,ALSAT!A58,Sayfa4!$K$3:$K$3000,"1") -> #DIV/0!
Z59: =SUMIFS(Sayfa4!$L$3:$L$3000,Sayfa4!$C$3:$C$3000,ALSAT!A59,Sayfa4!$K$3:$K$3000,"1")/SUMIFS(Sayfa4!$D$3:$D$3000,Sayfa4!$C$3:$C$3000,ALSAT!A59,Sayfa4!$K$3:$K$3000,"1") -> #DIV/0!
Z60: =SUMIFS(Sayfa4!$L$3:$L$3000,Sayfa4!$C$3:$C$3000,ALSAT!A60,Sayfa4!$K$3:$K$3000,"1")/SUMIFS(Sayfa4!$D$3:$D$3000,Sayfa4!$C$3:$C$3000,ALSAT!A60,Sayfa4!$K$3:$K$3000,"1") -> #DIV/0!
Z61: =SUMIFS(Sayfa4!$L$3:$L$3000,Sayfa4!$C$3:$C$3000,ALSAT!A61,Sayfa4!$K$3:$K$3000,"1")/SUMIFS(Sayfa4!$D$3:$D$3000,Sayfa4!$C$3:$C$3000,ALSAT!A61,Sayfa4!$K$3:$K$3000,"1") -> #DIV/0!
Z62: =SUMIFS(Sayfa4!$L$3:$L$3000,Sayfa4!$C$3:$C$3000,ALSAT!A62,Sayfa4!$K$3:$K$3000,"1")/SUMIFS(Sayfa4!$D$3:$D$3000,Sayfa4!$C$3:$C$3000,ALSAT!A62,Sayfa4!$K$3:$K$3000,"1") -> #DIV/0!
Z63: =SUMIFS(Sayfa4!$L$3:$L$3000,Sayfa4!$C$3:$C$3000,ALSAT!A63,Sayfa4!$K$3:$K$3000,"1")/SUMIFS(Sayfa4!$D$3:$D$3000,Sayfa4!$C$3:$C$3000,ALSAT!A63,Sayfa4!$K$3:$K$3000,"1") -> #DIV/0!
... Z116: =SUMIFS(Sayfa4!$L$3:$L$3000,Sayfa4!$C$3:$C$3000,ALSAT!A116,Sayfa4!$K$3:$K$3000,"1")/SUMIFS(Sayfa4!$D$3:$D$3000,Sayfa4!$C$3:$C$3000,ALSAT!A116,Sayfa4!$K$3:$K$3000,"1") -> #DIV/0!
Z117: =+_xlfn.MINIFS(Sayfa4!$E$3:$E$3000,Sayfa4!$C$3:$C$3000,A117,Sayfa4!$K$3:$K$3000,"1") -> 0
Z118: =+_xlfn.MINIFS(Sayfa4!$E$3:$E$3000,Sayfa4!$C$3:$C$3000,A118,Sayfa4!$K$3:$K$3000,"1") -> 0
Z119: =+_xlfn.MINIFS(Sayfa4!$E$3:$E$3000,Sayfa4!$C$3:$C$3000,A119,Sayfa4!$K$3:$K$3000,"1") -> 0
Z120: =+_xlfn.MINIFS(Sayfa4!$E$3:$E$3000,Sayfa4!$C$3:$C$3000,A120,Sayfa4!$K$3:$K$3000,"1") -> 0
Z121: =+_xlfn.MINIFS(Sayfa4!$E$3:$E$3000,Sayfa4!$C$3:$C$3000,A121,Sayfa4!$K$3:$K$3000,"1") -> 0

Sheet işlem btc
A1: Tarih | B1: Hisse | C1: İşlem | D1: Adet | E1: Fiyat | F1: Toplam
A2: 45619 | B2: PIXEL | C2: ALIŞ | D2: 116.8 | E2: 0.214 | F2: =+E2*D2 -> 24.9952
A3: 45619 | B3: GRT | C3: ALIŞ | D3: 100 | E3: 0.25 | F3: =+E3*D3 -> 25
A4: 45619 | B4: PEPE | C4: ALIŞ | D4: 1144164 | E4: 2.185e-05 | F4: =+E4*D4 -> 24.999983
A5: 45619 | B5: PEPE | C5: SATIŞ | D5: 0 | E5: 2.185e-05 | F5: =+E5*D5 -> 0
A6: 45619 | B6: BONK | C6: ALIŞ | D6: 491159 | E6: 5.09e-05 | F6: =+E6*D6 -> 24.999993
A7: 45619 | B7: BONK | C7: SATIŞ | D7: 0 | E7: 5.09e-05 | F7: =+E7*D7 -> 0
A8: 45619 | B8: CYBER | C8: ALIŞ | D8: 6.09 | E8: 4.1 | F8: =+E8*D8 -> 24.969
A9: 45619 | B9: GRT | C9: SATIŞ | D9: 38 | E9: 0.2625 | F9: =+E9*D9 -> 9.975
A10: 45619 | B10: PIXEL | C10: SATIŞ | D10: 44.5 | E10: 0.2247 | F10: =+E10*D10 -> 9.99915
A11: 45619 | B11: CYBER | C11: SATIŞ | D11: 2.32 | E11: 4.305 | F11: =+E11*D11 -> 9.9876
A12: 45619 | B12: PIXEL | C12: SATIŞ | D12: 41.6 | E12: 0.24 | F12: =+E12*D12 -> 9.984
B13: PIXEL | C13: SATIŞ | D13: 30.5 | E13: 0.252 | F13: =+E13*D13 -> 7.686
A14: 45620 | B14: BONK | C14: ALIŞ | D14: 327439 | E14: 4.581e-05 | F14: =+E14*D14 -> 14.999981
A15: 45620 | B15: PEPE | C15: ALIŞ | D15: 762582 | E15: 1.967e-05 | F15: =+E15*D15 -> 14.999988
A16: 45620 | B16: CYBER | C16: ALIŞ | D16: 3.87 | E16: 3.874 | F16: =+E16*D16 -> 14.99238
A17: 45620 | B17: GRT | C17: ALIŞ | D17: 63 | E17: 0.2362 | F17: =+E17*D17 -> 14.8806
A18: 45620 | B18: PIXEL | C18: ALIŞ | D18: 66.1 | E18: 0.2268 | F18: =+E18*D18 -> 14.99148
A19: 45620 | B19: PIXEL | C19: SATIŞ | D19: 41.9 | E19: 0.2382 | F19: =+E19*D19 -> 9.98058
A20: 45620 | B20: CYBER | C20: SATIŞ | D20: 2.45 | E20: 4.068 | F20: =+E20*D20 -> 9.9666
A21: 45620 | B21: BONK | C21: SATIŞ | D21: 207856 | E21: 4.811e-05 | F21: =+E21*D21 -> 9.9999522
A22: 45620 | B22: GRT | C22: SATIŞ | D22: 40 | E22: 0.2481 | F22: =+E22*D22 -> 9.924
A23: 45621 | B23: GRT | C23: SATIŞ | D23: 38 | E23: 0.2606 | F23: =+E23*D23 -> 9.9028
A24: 45621 | B24: CYBER | C24: SATIŞ | D24: 2.33 | E24: 4.275 | F24: =+E24*D24 -> 9.96075
A25: 45621 | B25: PIXEL | C25: ALIŞ | D25: 65.2 | E25: 0.23 | F25: =+E25*D25 -> 14.996
... A42: 45629 | B42: CYBER | C42: SATIŞ | D42: 1.98 | E42: 5.05 | F42: =+E42*D42 -> 9.999
A43: 45629 | B43: CYBER | C43: ALIŞ | D43: 3.12 | E43: 4.8 | F43: =+E43*D43 -> 14.976 | M43: =0.33*0.9 -> 0.297
A44: 45629 | B44: BONK | C44: ALIŞ | D44: 375000 | E44: 4e-05 | F44: =+E44*D44 -> 15
A45: 45630 | B45: CYBER | C45: SATIŞ | D45: 1.9 | E45: 5.25 | F45: =+E45*D45 -> 9.975
A46: 45630 | B46: PIXEL | C46: SATIŞ | D46: 34.9 | E46: 0.286 | F46: =+E46*D46 -> 9.9814
A47: 45630 | B47: GRT | C47: SATIŞ | D47: 30 | E47: 0.33 | F47: =+E47*D47 -> 9.9
A48: 45631 | B48: CYBER | C48: ALIŞ | D48: 3.01 | E48: 4.98 | F48: =+E48*D48 -> 14.9898
A49: 45632 | B49: BONK | C49: SATIŞ | D49: 222222 | E49: 4.5e-05 | F49: =+E49*D49 -> 9.99999
A50: 45632 | B50: CYBER | C50: SATIŞ | D50: 1.81 | E50: 5.5 | F50: =+E50*D50 -> 9.955 | H50: =+Tablo4[[#This Row],[Fiyat]]*1.1 -> 6.05 | I50: =+Tablo4[[#This Row],[Fiyat]]*0.9 -> 4.95
A51: 45632 | B51: PEPE | C51: SATIŞ | D51: 416666 | E51: 2.4e-05 | F51: =+E51*D51 -> 9.999984 | H51: =+Tablo4[[#This Row],[Fiyat]]*1.1 -> 2.64e-05 | I51: =+Tablo4[[#This Row],[Fiyat]]*0.9 -> 2.16e-05
A52: 45634 | B52: PEPE | C52: SATIŞ | D52: 377358 | E52: 2.65e-05 | F52: =+E52*D52 -> 9.999987
A53: 45635 | B53: CYBER | C53: ALIŞ | D53: 3.03 | E53: 4.95 | F53: =+E53*D53 -> 14.9985
A54: 45635 | B54: GRT | C54: ALIŞ | D54: 51 | E54: 0.29 | F54: =+E54*D54 -> 14.79
A55: 45635 | B55: PIXEL | C55: ALIŞ | D55: 58.8 | E55: 0.255 | F55: =+E55*D55 -> 14.994
A56: 45635 | B56: CYBER | C56: ALIŞ | D56: 3.33 | E56: 4.5 | F56: =+E56*D56 -> 14.985
A57: 45635 | B57: BONK | C57: ALIŞ | D57: 375000 | E57: 4e-05 | F57: =+E57*D57 -> 15
A58: 45635 | B58: PEPE | C58: ALIŞ | D58: 630252 | E58: 2.38e-05 | F58: =+E58*D58 -> 14.999998
A59: 45636 | B59: GRT | C59: ALIŞ | D59: 62 | E59: 0.24 | F59: =+E59*D59 -> 14.88
A60: 45637 | B60: GRT | C60: SATIŞ | D60: 37 | E60: 0.27 | F60: =+E60*D60 -> 9.99
A61: 45637 | B61: CYBER | C61: SATIŞ | D61: 2.02 | E61: 4.95 | F61: =+E61*D61 -> 9.999
A62: 45641 | B62: CYBER | C62: SATIŞ | D62: 1.31 | E62: 4.9 | F62: =+E62*D62 -> 6.419
A63: 45644 | B63: BONK | C63: ALIŞ | D63: 500000 | E63: 3e-05 | F63: =+E63*D63 -> 15
... A66: 45647 | B66: PIXEL | C66: ALIŞ | D66: 83.7 | E66: 0.179 | F66: =+E66*D66 -> 14.9823

Sheet bt as
G1: =SUM(G2:G1285) -> 35.313368
B2: Tarih | C2: hisse | G2: =IF(F2="","",(F2-E2)*D2)
B3: 45619 | C3: PIXEL | D3: =116.8-44.5-41.6 -> 30.7 | E3: 0.214 | F3: 0.252 | G3: =IF(E3=0,"",IF(F3="","",(F3-E3)*D3)) -> 1.1666 | O3: ADEL | P3: 20 | Q3: 39
B4: 45619 | C4: BONK | D4: =491159 -> 491159 | E4: 5.09e-05 | G4: =IF(E4=0,"",IF(F4="","",(F4-E4)*D4)) | I4: =+E4*1.1 -> 5.599e-05 | J4: =+E4*0.9 -> 4.581e-05 | O4: ADEL | P4: 30 | Q4: 40
B5: 45620 | C5: BONK | D5: =327439-207856 -> 119583 | E5: 4.581e-05 | G5: =IF(F5="","",(F5-E5)*D5) | I5: =+E5*1.1 -> 5.0391e-05 | J5: =+E5*0.9 -> 4.1229e-05 | O5: ADEL | P5: 40 | Q5: 41
B6: 45621 | C6: BONK | D6: 346420 | E6: 4.33e-05 | G6: =IF(E6=0,"",IF(F6="","",(F6-E6)*D6)) | I6: =+E6*1.1 -> 4.763e-05 | J6: =+E6*0.9 -> 3.897e-05 | O6: ADEL | P6: 50 | Q6: 42
B7: 45619 | C7: CYBER | D7: =6.09-2.32-2.45 -> 1.32 | E7: 4.1 | F7: 4.35 | G7: =IF(F7="","",(F7-E7)*D7) -> 0.33 | O7: ALMAD | P7: 50 | Q7: 6.7
B8: 45619 | C8: GRT | D8: 38 | E8: 0.25 | F8: 0.2625 | G8: =IF(E8=0,"",IF(F8="","",(F8-E8)*D8)) -> 0.475 | O8: ALMAD | P8: 50 | Q8: 6.8
B9: 45619 | C9: PIXEL | D9: 44.5 | E9: 0.214 | F9: 0.2247 | G9: =IF(E9=0,"",IF(F9="","",(F9-E9)*D9)) -> 0.47615 | O9: ALMAD | P9: 50 | Q9: 6.9
B10: 45619 | C10: CYBER | D10: 2.32 | E10: 4.1 | F10: 4.305 | G10: =IF(F10="","",(F10-E10)*D10) -> 0.4756
B11: 45619 | C11: PIXEL | D11: 41.6 | E11: 0.214 | F11: 0.24 | G11: =IF(F11="","",(F11-E11)*D11) -> 1.0816
B12: 45622 | C12: BONK | D12: 375000 | E12: 4e-05 | G12: =IF(F12="","",(F12-E12)*D12) | I12: =+E12*1.1 -> 4.4e-05 | J12: =+E12*0.9 -> 3.6e-05
B13: 45629 | C13: BONK | D13: 152778 | E13: 4e-05 | G13: =IF(F13="","",(F13-E13)*D13) | I13: =+E13*1.1 -> 4.4e-05 | J13: =+E13*0.9 -> 3.6e-05 | L13: 770330
B14: 45620 | C14: CYBER | D14: =3.87-2.33 -> 1.54 | E14: 3.874 | F14: 4.1 | G14: =IF(F14="","",(F14-E14)*D14) -> 0.34804
B15: 45620 | C15: GRT | D15: 23 | E15: 0.2362 | F15: 0.2606 | G15: =IF(E15=0,"",IF(F15="","",(F15-E15)*D15)) -> 0.5612 | O15: ALMAD | P15: 50 | Q15: 7
B16: 45622 | C16: CYBER | D16: 0.06 | E16: 3.84 | F16: 5.25 | G16: =IF(F16="","",(F16-E16)*D16) -> 0.0846 | L16: 43
B17: 45619 | C17: PIXEL | D17: 41.9 | E17: 0.2268 | F17: 0.2382 | G17: =IF(E17=0,"",IF(F17="","",(F17-E17)*D17)) -> 0.47766
B18: 45619 | C18: CYBER | D18: 2.45 | E18: 3.874 | F18: 4.068 | G18: =IF(F18="","",(F18-E18)*D18) -> 0.4753
B19: 45619 | C19: BONK | D19: 207856 | E19: 4.581e-05 | F19: 4.811e-05 | G19: =IF(F19="","",(F19-E19)*D19) -> 0.4780688
B20: 45619 | C20: GRT | D20: 40 | E20: 0.2362 | F20: 0.2481 | G20: =IF(F20="","",(F20-E20)*D20) -> 0.476
B21: 45619 | C21: GRT | D21: 15 | E21: 0.25 | F21: 0.2606 | G21: =IF(F21="","",(F21-E21)*D21) -> 0.159
B22: 45619 | C22: CYBER | D22: 2.33 | E22: 3.874 | F22: 4.275 | G22: =IF(E22=0,"",IF(F22="","",(F22-E22)*D22)) -> 0.93433 | O22: ARASE | P22: 20 | Q22: 58
B23: 45629 | C23: CYBER | D23: 1.28 | E23: 4.8 | F23: 5.5 | G23: =IF(E23=0,"",IF(F23="","",(F23-E23)*D23)) -> 0.896 | L23: 19252 | O23: ARASE | P23: 20 | Q23: 59
B24: 45574 | C24: BONK | D24: 375000 | E24: 4e-05 | G24: =IF(F24="","",(F24-E24)*D24) | I24: =+E24*1.1 -> 4.4e-05 | J24: =+E24*0.9 -> 3.6e-05 | L24: 377358 | O24: ARASE | P24: 20 | Q24: 60
B25: 45644 | C25: BONK | D25: 196970 | E25: 3e-05 | G25: =IF(E25=0,"",IF(F25="","",(F25-E25)*D25)) | I25: =+E25*1.1 -> 3.3e-05 | J25: =+E25*0.9 -> 2.7e-05 | L25: =+L13-L24 -> 392972 | O25: ALARK | P25: 10 | Q25: 96
B26: 45622 | C26: GRT | D26: 23 | E26: 0.2345 | F26: 0.2625 | G26: =IF(F26="","",(F26-E26)*D26) -> 0.644
B27: 45622 | C27: PIXEL | D27: 30 | E27: 0.2143 | F27: 0.2628 | G27: =IF(E27=0,"",IF(F27="","",(F27-E27)*D27)) -> 1.455 | O27: ALARK | P27: 20 | Q27: 98
B28: 45631 | C28: CYBER | D28: 2.48 | E28: 4.98 | G28: =IF(F28="","",(F28-E28)*D28) | I28: =+E28*1.1 -> 5.478 | J28: =+E28*0.9 -> 4.482
B29: 45620 | C29: PIXEL | D29: 16.2 | E29: 0.2268 | F29: 0.26 | G29: =IF(F29="","",(F29-E29)*D29) -> 0.53784
B30: 45574 | C30: CYBER | D30: 1.31 | E30: 4.5 | F30: 4.9 | G30: =IF(E30=0,"",IF(F30="","",(F30-E30)*D30)) -> 0.524 | I30: =+E30*1.1 -> 4.95 | J30: =+E30*0.9 -> 4.05
B31: 45619 | C31: CYBER | D31: 0.89 | E31: 3.84 | F31: 4.1 | G31: =IF(F31="","",(F31-E31)*D31) -> 0.2314
B32: 45619 | C32: GRT | D32: 40 | E32: 0.2345 | F32: 0.25 | G32: =IF(F32="","",(F32-E32)*D32) -> 0.62
B33: 45619 | C33: CYBER | D33: 0.97 | E33: 3.84 | F33: 4.35 | G33: =IF(F33="","",(F33-E33)*D33) -> 0.4947
B34: 45619 | C34: GRT | D34: 15 | E34: 0.25 | F34: 0.2625 | G34: =IF(F34="","",(F34-E34)*D34) -> 0.1875
B35: 45619 | C35: PIXEL | D35: 39.9 | E35: 0.2143 | F35: 0.2502 | G35: =IF(F35="","",(F35-E35)*D35) -> 1.43241
B36: 45619 | C36: PIXEL | D36: 8 | E36: 0.2268 | F36: 0.2628 | G36: =IF(E36=0,"",IF(F36="","",(F36-E36)*D36)) -> 0.288 | O36: ALARK | P36: 30 | Q36: 100
B37: 45619 | C37: PEPE | D37: 435919 | E37: 1.8e-05 | F37: 2.294e-05 | G37: =IF(F37="","",(F37-E37)*D37) -> 2.1534399
B38: 45619 | C38: GRT | D38: 2 | E38: 0.25 | F38: 0.27 | G38: =IF(E38=0,"",IF(F38="","",(F38-E38)*D38)) -> 0.04 | I38: =+E38*1.1 -> 0.275 | J38: =+E38*0.9 -> 0.225 | O38: ARENA | P38: 40 | Q38: 32
B39: 45621 | C39: PIXEL | D39: 22.2 | E39: 0.23 | F39: 0.26 | G39: =IF(E39=0,"",IF(F39="","",(F39-E39)*D39)) -> 0.666 | O39: ARENA | P39: 40 | Q39: 32.5
B40: 45622 | C40: CYBER | D40: 1.98 | E40: 3.84 | F40: 5.05 | G40: =IF(F40="","",(F40-E40)*D40) -> 2.3958
B41: 45622 | C41: PEPE | D41: =833333-435919 -> 397414 | E41: 1.8e-05 | F41: 2.4e-05 | G41: =IF(F41="","",(F41-E41)*D41) -> 2.384484 | O41: ARENA | P41: 40 | Q41: 33
B42: 45574 | C42: CYBER | E42: 4.95 | G42: =IF(F42="","",(F42-E42)*D42) | I42: =+E42*1.1 -> 5.445 | J42: =+E42*0.9 -> 4.455
B43: 45629 | C43: CYBER | D43: 1.84 | E43: 4.8 | F43: 5.25 | G43: =IF(F43="","",(F43-E43)*D43) -> 0.828 | O43: ARENA | P43: 40 | Q43: 34
B44: 45621 | C44: PIXEL | D44: 34.9 | E44: 0.23 | F44: 0.286 | G44: =IF(F44="","",(F44-E44)*D44) -> 1.9544
B45: 45619 | C45: GRT | D45: 30 | E45: 0.25 | F45: 0.33 | G45: =IF(E45=0,"",IF(F45="","",(F45-E45)*D45)) -> 2.4 | O45: ASTOR | P45: 10 | Q45: 80
B46: 45574 | C46: GRT | D46: 51 | E46: 0.29 | G46: =IF(E46=0,"",IF(F46="","",(F46-E46)*D46)) | I46: =+E46*1.1 -> 0.319 | J46: =+E46*0.9 -> 0.261
B47: 45629 | C47: BONK | D47: 222222 | E47: 4e-05 | F47: 4.5e-05 | G47: =IF(E47=0,"",IF(F47="","",(F47-E47)*D47)) -> 1.11111 | O47: ASTOR | P47: 10 | Q47: 82
B48: 45631 | C48: CYBER | D48: 0.53 | E48: 4.98 | F48: 5.5 | G48: =IF(F48="","",(F48-E48)*D48) -> 0.2756
B49: 45621 | C49: PEPE | D49: 19252 | E49: 1.9e-05 | F49: 2.4e-05 | G49: =IF(F49="","",(F49-E49)*D49) -> 0.09626
B50: 45621 | C50: PEPE | D50: 377358 | E50: 1.9e-05 | F50: 2.65e-05 | G50: =IF(E50=0,"",IF(F50="","",(F50-E50)*D50)) -> 2.830185 | I50: =+E50*1.1 -> 2.09e-05 | J50: =+E50*0.9 -> 1.71e-05 | O50: ASTOR | P50: 10 | Q50: 84
B51: 45636 | C51: GRT | D51: 27 | E51: 0.24 | G51: =IF(F51="","",(F51-E51)*D51) | I51: =+E51*1.1 -> 0.264 | J51: =+E51*0.9 -> 0.216
B52: 45644 | C52: GRT | D52: 69 | E52: 0.216 | G52: =IF(E52=0,"",IF(F52="","",(F52-E52)*D52)) | I52: =+E52*1.1 -> 0.2376 | J52: =+E52*0.9 -> 0.1944 | O52: ASTOR | P52: 10 | Q52: 86
B53: 45619 | C53: PEPE | D53: 1144164 | E53: 2.185e-05 | G53: =IF(E53=0,"",IF(F53="","",(F53-E53)*D53)) | I53: =+E53*1.1 -> 2.4035e-05 | J53: =+E53*0.9 -> 1.9665e-05
B54: 45620 | C54: PEPE | D54: 762582 | E54: 1.967e-05 | G54: =IF(F54="","",(F54-E54)*D54) | I54: =+E54*1.1 -> 2.1637e-05 | J54: =+E54*0.9 -> 1.7703e-05 | O54: BAYRK | P54: 50 | Q54: 20
B55: 45621 | C55: PEPE | D55: 392972 | E55: 1.9e-05 | G55: =IF(E55=0,"",IF(F55="","",(F55-E55)*D55)) | I55: =+E55*1.1 -> 2.09e-05 | J55: =+E55*0.9 -> 1.71e-05
B56: 45574 | C56: PEPE | D56: 630252 | E56: 2.38e-05 | G56: =IF(E56=0,"",IF(F56="","",(F56-E56)*D56)) | I56: =+E56*1.1 -> 2.618e-05 | J56: =+E56*0.9 -> 2.142e-05 | O56: BAYRK | P56: 50 | Q56: 20.5
B57: 45621 | C57: PIXEL | D57: 8.1 | E57: 0.23 | G57: =IF(E57=0,"",IF(F57="","",(F57-E57)*D57)) | I57: =+E57*1.1 -> 0.253 | J57: =+E57*0.9 -> 0.207 | O57: BAYRK | P57: 50 | Q57: 21
B58: 45636 | C58: GRT | D58: 35 | E58: 0.24 | F58: 0.27 | G58: =IF(F58="","",(F58-E58)*D58) -> 1.05 | I58: =+E58*1.1 -> 0.264 | J58: =+E58*0.9 -> 0.216
B59: 45574 | C59: CYBER | D59: 2.02 | E59: 4.5 | F59: 4.95 | G59: =IF(E59=0,"",IF(F59="","",(F59-E59)*D59)) -> 0.909 | I59: =+E59*1.1 -> 4.95 | J59: =+E59*0.9 -> 4.05 | O59: BAYRK | P59: 50 | Q59: 21.5
B60: 45628 | C60: PIXEL | D60: 60.4 | E60: 0.2483 | G60: =IF(F60="","",(F60-E60)*D60) | I60: =+E60*1.1 -> 0.27313 | J60: =+E60*0.9 -> 0.22347 | O60: BNTAS | P60: 50 | Q60: 12
B61: 45574 | C61: PIXEL | D61: 58.8 | E61: 0.255 | G61: =IF(F61="","",(F61-E61)*D61) | I61: =+E61*1.1 -> 0.2805 | J61: =+E61*0.9 -> 0.2295 | O61: BNTAS | P61: 50 | Q61: 12.5
B62: 45644 | C62: BONK | D62: 303030 | E62: 3e-05 | F62: 3.3e-05 | G62: =IF(E62=0,"",IF(F62="","",(F62-E62)*D62)) -> 0.90909 | I62: =+E62*1.1 -> 3.3e-05 | J62: =+E62*0.9 -> 2.7e-05 | O62: BOBET | P62: 25 | Q62: 22
B63: 45647 | C63: PIXEL | D63: 83.7 | E63: 0.179 | G63: =IF(E63=0,"",IF(F63="","",(F63-E63)*D63)) | I63: =+E63*1.1 -> 0.1969 | J63: =+E63*0.9 -> 0.1611 | O63: BOBET | P63: 25 | Q63: 23
G64: =IF(E64=0,"",IF(F64="","",(F64-E64)*D64)) | I64: =+E64*1.1 -> 0 | J64: =+E64*0.9 -> 0 | O64: BOBET | P64: 25 | Q64: 24
G65: =IF(F65="","",(F65-E65)*D65) | I65: =+E65*1.1 -> 0 | J65: =+E65*0.9 -> 0
G66: =IF(E66=0,"",IF(F66="","",(F66-E66)*D66)) | I66: =+E66*1.1 -> 0 | J66: =+E66*0.9 -> 0 | O66: BRLSM | P66: 50 | Q66: 15.5
G67: =IF(E67=0,"",IF(F67="","",(F67-E67)*D67)) | I67: =+E67*1.1 -> 0 | J67: =+E67*0.9 -> 0 | O67: BRLSM | P67: 50 | Q67: 16
G68: =IF(E68=0,"",IF(F68="","",(F68-E68)*D68)) | I68: =+E68*1.1 -> 0 | J68: =+E68*0.9 -> 0 | O68: BRLSM | P68: 50 | Q68: 16.5
G69: =IF(E69=0,"",IF(F69="","",(F69-E69)*D69)) | I69: =+E69*1.1 -> 0 | J69: =+E69*0.9 -> 0 | O69: BRLSM | P69: 50 | Q69: 17
G70: =IF(F70="","",(F70-E70)*D70) | I70: =+E70*1.1 -> 0 | J70: =+E70*0.9 -> 0
G71: =IF(E71=0,"",IF(F71="","",(F71-E71)*D71)) | I71: =+E71*1.1 -> 0 | J71: =+E71*0.9 -> 0 | O71: BRSAN | P71: 1 | Q71: 500
G72: =IF(E72=0,"",IF(F72="","",(F72-E72)*D72)) | I72: =+E72*1.1 -> 0 | J72: =+E72*0.9 -> 0 | O72: BRSAN | P72: 1 | Q72: 525
G73: =IF(E73=0,"",IF(F73="","",(F73-E73)*D73)) | I73: =+E73*1.1 -> 0 | J73: =+E73*0.9 -> 0 | O73: BRSAN | P73: 1 | Q73: 550
G74: =IF(E74=0,"",IF(F74="","",(F74-E74)*D74)) | O74: BRSAN | P74: 1 | Q74: 575
G75: =IF(F75="","",(F75-E75)*D75)
G76: =IF(F76="","",(F76-E76)*D76)
G77: =IF(F77="","",(F77-E77)*D77)
G78: =IF(E78=0,"",IF(F78="","",(F78-E78)*D78)) | O78: BURVA | P78: 10 | Q78: 150
G79: =IF(F79="","",(F79-E79)*D79)
G80: =IF(F80="","",(F80-E80)*D80)
G81: =IF(F81="","",(F81-E81)*D81)
G82: =IF(F82="","",(F82-E82)*D82) | O82: BURVA | P82: 10 | Q82: 155
G83: =IF(E83=0,"",IF(F83="","",(F83-E83)*D83)) | O83: CATES | P83: 10 | Q83: 42
G84: =IF(E84=0,"",IF(F84="","",(F84-E84)*D84)) | O84: CATES | P84: 15 | Q84: 43
G85: =IF(F85="","",(F85-E85)*D85) | O85: CWENE | P85: 5 | Q85: 177
G86: =IF(F86="","",(F86-E86)*D86) | O86: CWENE | P86: 10 | Q86: 180
G87: =IF(F87="","",(F87-E87)*D87) | O87: CWENE | P87: 10 | Q87: 185
G88: =IF(F88="","",(F88-E88)*D88) | O88: DOAS | P88: 10 | Q88: 225
G89: =IF(F89="","",(F89-E89)*D89) | O89: DOAS | P89: 10 | Q89: 230
G90: =IF(E90=0,"",IF(F90="","",(F90-E90)*D90)) | O90: CWENE | P90: 10 | Q90: 190
G91: =IF(E91=0,"",IF(F91="","",(F91-E91)*D91)) | O91: DOAS | P91: 10 | Q91: 230
G92: =IF(F92="","",(F92-E92)*D92) | O92: DOKTA | P92: 50 | Q92: 24
G93: =IF(F93="","",(F93-E93)*D93) | O93: DOKTA | P93: 50 | Q93: 24.5
G94: =IF(F94="","",(F94-E94)*D94) | O94: DOKTA | P94: 50 | Q94: 25
G95: =IF(F95="","",(F95-E95)*D95) | O95: DOKTA | P95: 50 | Q95: 25.5
G96: =IF(F96="","",(F96-E96)*D96) | O96: EDATA | P96: 50 | Q96: 16.25
G97: =IF(F97="","",(F97-E97)*D97) | O97: EDATA | P97: 50 | Q97: 16.5
G98: =IF(F98="","",(F98-E98)*D98) | O98: EDATA | P98: 50 | Q98: 16.75
G99: =IF(F99="","",(F99-E99)*D99) | O99: EDATA | P99: 50 | Q99: 17
G100: =IF(F100="","",(F100-E100)*D100) | O100: ERCB | P100: 15 | Q100: 100
...

Sheet alsat btc
D1: 10 | F1: 15
D2: SATIŞ | F2: ALIŞ
D3: ADET | E3: FİYAT | F3: ADET | G3: FİYAT | J3: TABAN | K3: TAVAN
B4: BONK | C4: 4.526e-05 | D4: =ROUNDUP($D$1/C4,0) -> 220946 | E4: {=1.05*SUMIFS(Tablo4[Fiyat],Tablo4[Hisse],B4,Tablo4[İşlem],"SATIŞ",Tablo4[Tarih],MAX(IF(Tablo4[Hisse]=B4,IF(Tablo4[İşlem]="SATIŞ",Tablo4[Tarih]))))} -> 3.465e-05 | F4: =+D4*1.5 -> 331419 | G4: =+E4*0.9 -> 3.1185e-05 | J4: =+C4*0.9 -> 4.0734e-05 | K4: =+C4*1.1 -> 4.9786e-05
B5: CYBER | C5: 4.868 | D5: =ROUNDUP($D$1/C5,0) -> 3 | E5: {=1.05*SUMIFS(Tablo4[Fiyat],Tablo4[Hisse],B5,Tablo4[İşlem],"SATIŞ",Tablo4[Tarih],MAX(IF(Tablo4[Hisse]=B5,IF(Tablo4[İşlem]="SATIŞ",Tablo4[Tarih]))))} -> 5.145 | F5: =+D5*1.5 -> 4.5 | G5: =+E5*0.9 -> 4.6305 | J5: =+C5*0.9 -> 4.3812 | K5: =+C5*1.1 -> 5.3548
B6: GRT | C6: 0.2864 | D6: =ROUNDUP($D$1/C6,0) -> 35 | E6: {=1.05*SUMIFS(Tablo4[Fiyat],Tablo4[Hisse],B6,Tablo4[İşlem],"SATIŞ",Tablo4[Tarih],MAX(IF(Tablo4[Hisse]=B6,IF(Tablo4[İşlem]="SATIŞ",Tablo4[Tarih]))))} -> 0.2835 | F6: =+D6*1.5 -> 52.5 | G6: =+E6*0.9 -> 0.25515 | J6: =+C6*0.9 -> 0.25776 | K6: =+C6*1.1 -> 0.31504
B7: PEPE | C7: 2.27e-05 | D7: =ROUNDUP($D$1/C7,0) -> 440529 | E7: {=1.05*SUMIFS(Tablo4[Fiyat],Tablo4[Hisse],B7,Tablo4[İşlem],"SATIŞ",Tablo4[Tarih],MAX(IF(Tablo4[Hisse]=B7,IF(Tablo4[İşlem]="SATIŞ",Tablo4[Tarih]))))} -> 2.7825e-05 | F7: =+D7*1.5 -> 660793.5 | G7: =+E7*0.9 -> 2.50425e-05 | J7: =+C7*0.9 -> 2.043e-05 | K7: =+C7*1.1 -> 2.497e-05
B8: PIXEL | C8: 0.2576 | D8: =ROUNDUP($D$1/C8,0) -> 39 | E8: {=1.05*SUMIFS(Tablo4[Fiyat],Tablo4[Hisse],B8,Tablo4[İşlem],"SATIŞ",Tablo4[Tarih],MAX(IF(Tablo4[Hisse]=B8,IF(Tablo4[İşlem]="SATIŞ",Tablo4[Tarih]))))} -> 0.3003 | F8: =+D8*1.5 -> 58.5 | G8: =+E8*0.9 -> 0.27027 | J8: =+C8*0.9 -> 0.23184 | K8: =+C8*1.1 -> 0.28336
C9: =SUMIFS(Tablo2[Son Fiyat],Tablo2[Şirket],B9) -> 0 | D9: =ROUNDUP($D$1/C9,0) -> #DIV/0! | E9: {=1.05*SUMIFS(Tablo4[Fiyat],Tablo4[Hisse],B9,Tablo4[İşlem],"SATIŞ",Tablo4[Tarih],MAX(IF(Tablo4[Hisse]=B9,IF(Tablo4[İşlem]="SATIŞ",Tablo4[Tarih]))))} -> 0 | F9: =+D9*1.5 -> #DIV/0! | G9: {=0.9*SUMIFS(Tablo4[Fiyat],Tablo4[Hisse],B9,Tablo4[İşlem],"SATIŞ",Tablo4[Tarih],MAX(IF(Tablo4[Hisse]=B9,IF(Tablo4[İşlem]="SATIŞ",Tablo4[Tarih]))))} -> 0 | J9: =+C9*0.9 -> 0 | K9: =+C9*1.1 -> 0
C10: =SUMIFS(Tablo2[Son Fiyat],Tablo2[Şirket],B10) -> 0 | D10: =ROUNDUP($D$1/C10,0) -> #DIV/0! | E10: {=1.05*SUMIFS(Tablo4[Fiyat],Tablo4[Hisse],B10,Tablo4[İşlem],"SATIŞ",Tablo4[Tarih],MAX(IF(Tablo4[Hisse]=B10,IF(Tablo4[İşlem]="SATIŞ",Tablo4[Tarih]))))} -> 0 | F10: =+D10*1.5 -> #DIV/0! | G10: {=0.9*SUMIFS(Tablo4[Fiyat],Tablo4[Hisse],B10,Tablo4[İşlem],"SATIŞ",Tablo4[Tarih],MAX(IF(Tablo4[Hisse]=B10,IF(Tablo4[İşlem]="SATIŞ",Tablo4[Tarih]))))} -> 0 | J10: =+C10*0.9 -> 0 | K10: =+C10*1.1 -> 0
C11: =SUMIFS(Tablo2[Son Fiyat],Tablo2[Şirket],B11) -> 0 | D11: =ROUNDUP($D$1/C11,0) -> #DIV/0! | E11: {=1.05*SUMIFS(Tablo4[Fiyat],Tablo4[Hisse],B11,Tablo4[İşlem],"SATIŞ",Tablo4[Tarih],MAX(IF(Tablo4[Hisse]=B11,IF(Tablo4[İşlem]="SATIŞ",Tablo4[Tarih]))))} -> 0 | F11: =+D11*1.5 -> #DIV/0! | G11: {=0.9*SUMIFS(Tablo4[Fiyat],Tablo4[Hisse],B11,Tablo4[İşlem],"SATIŞ",Tablo4[Tarih],MAX(IF(Tablo4[Hisse]=B11,IF(Tablo4[İşlem]="SATIŞ",Tablo4[Tarih]))))} -> 0 | J11: =+C11*0.9 -> 0 | K11: =+C11*1.1 -> 0
C12: =SUMIFS(Tablo2[Son Fiyat],Tablo2[Şirket],B12) -> 0 | D12: =ROUNDUP($D$1/C12,0) -> #DIV/0! | E12: {=1.05*SUMIFS(Tablo4[Fiyat],Tablo4[Hisse],B12,Tablo4[İşlem],"SATIŞ",Tablo4[Tarih],MAX(IF(Tablo4[Hisse]=B12,IF(Tablo4[İşlem]="SATIŞ",Tablo4[Tarih]))))} -> 0 | F12: =+D12*1.5 -> #DIV/0! | G12: {=0.9*SUMIFS(Tablo4[Fiyat],Tablo4[Hisse],B12,Tablo4[İşlem],"SATIŞ",Tablo4[Tarih],MAX(IF(Tablo4[Hisse]=B12,IF(Tablo4[İşlem]="SATIŞ",Tablo4[Tarih]))))} -> 0 | J12: =+C12*0.9 -> 0 | K12: =+C12*1.1 -> 0
C13: =SUMIFS(Tablo2[Son Fiyat],Tablo2[Şirket],B13) -> 0 | D13: =ROUNDUP($D$1/C13,0) -> #DIV/0! | E13: {=1.05*SUMIFS(Tablo4[Fiyat],Tablo4[Hisse],B13,Tablo4[İşlem],"SATIŞ",Tablo4[Tarih],MAX(IF(Tablo4[Hisse]=B13,IF(Tablo4[İşlem]="SATIŞ",Tablo4[Tarih]))))} -> 0 | F13: =+D13*1.5 -> #DIV/0! | G13: {=0.9*SUMIFS(Tablo4[Fiyat],Tablo4[Hisse],B13,Tablo4[İşlem],"SATIŞ",Tablo4[Tarih],MAX(IF(Tablo4[Hisse]=B13,IF(Tablo4[İşlem]="SATIŞ",Tablo4[Tarih]))))} -> 0 | J13: =+C13*0.9 -> 0 | K13: =+C13*1.1 -> 0
C14: =SUMIFS(Tablo2[Son Fiyat],Tablo2[Şirket],B14) -> 0 | D14: =ROUNDUP($D$1/C14,0) -> #DIV/0! | E14: {=1.05*SUMIFS(Tablo4[Fiyat],Tablo4[Hisse],B14,Tablo4[İşlem],"SATIŞ",Tablo4[Tarih],MAX(IF(Tablo4[Hisse]=B14,IF(Tablo4[İşlem]="SATIŞ",Tablo4[Tarih]))))} -> 0 | F14: =+D14*1.5 -> #DIV/0! | G14: {=0.9*SUMIFS(Tablo4[Fiyat],Tablo4[Hisse],B14,Tablo4[İşlem],"SATIŞ",Tablo4[Tarih],MAX(IF(Tablo4[Hisse]=B14,IF(Tablo4[İşlem]="SATIŞ",Tablo4[Tarih]))))} -> 0 | J14: =+C14*0.9 -> 0 | K14: =+C14*1.1 -> 0
C15: =SUMIFS(Tablo2[Son Fiyat],Tablo2[Şirket],B15) -> 0 | D15: =ROUNDUP($D$1/C15,0) -> #DIV/0! | E15: {=1.05*SUMIFS(Tablo4[Fiyat],Tablo4[Hisse],B15,Tablo4[İşlem],"SATIŞ",Tablo4[Tarih],MAX(IF(Tablo4[Hisse]=B15,IF(Tablo4[İşlem]="SATIŞ",Tablo4[Tarih]))))} -> 0 | F15: =+D15*1.5 -> #DIV/0! | G15: {=0.9*SUMIFS(Tablo4[Fiyat],Tablo4[Hisse],B15,Tablo4[İşlem],"SATIŞ",Tablo4[Tarih],MAX(IF(Tablo4[Hisse]=B15,IF(Tablo4[İşlem]="SATIŞ",Tablo4[Tarih]))))} -> 0 | J15: =+C15*0.9 -> 0 | K15: =+C15*1.1 -> 0
C16: =SUMIFS(Tablo2[Son Fiyat],Tablo2[Şirket],B16) -> 0 | D16: =ROUNDUP($D$1/C16,0) -> #DIV/0! | E16: {=1.05*SUMIFS(Tablo4[Fiyat],Tablo4[Hisse],B16,Tablo4[İşlem],"SATIŞ",Tablo4[Tarih],MAX(IF(Tablo4[Hisse]=B16,IF(Tablo4[İşlem]="SATIŞ",Tablo4[Tarih]))))} -> 0 | F16: =+D16*1.5 -> #DIV/0! | G16: {=0.9*SUMIFS(Tablo4[Fiyat],Tablo4[Hisse],B16,Tablo4[İşlem],"SATIŞ",Tablo4[Tarih],MAX(IF(Tablo4[Hisse]=B16,IF(Tablo4[İşlem]="SATIŞ",Tablo4[Tarih]))))} -> 0 | J16: =+C16*0.9 -> 0 | K16: =+C16*1.1 -> 0
C17: =SUMIFS(Tablo2[Son Fiyat],Tablo2[Şirket],B17) -> 0 | D17: =ROUNDUP($D$1/C17,0) -> #DIV/0! | E17: {=1.05*SUMIFS(Tablo4[Fiyat],Tablo4[Hisse],B17,Tablo4[İşlem],"SATIŞ",Tablo4[Tarih],MAX(IF(Tablo4[Hisse]=B17,IF(Tablo4[İşlem]="SATIŞ",Tablo4[Tarih]))))} -> 0 | F17: =+D17*1.5 -> #DIV/0! | G17: {=0.9*SUMIFS(Tablo4[Fiyat],Tablo4[Hisse],B17,Tablo4[İşlem],"SATIŞ",Tablo4[Tarih],MAX(IF(Tablo4[Hisse]=B17,IF(Tablo4[İşlem]="SATIŞ",Tablo4[Tarih]))))} -> 0 | J17: =+C17*0.9 -> 0 | K17: =+C17*1.1 -> 0
C18: =SUMIFS(Tablo2[Son Fiyat],Tablo2[Şirket],B18) -> 0 | D18: =ROUNDUP($D$1/C18,0) -> #DIV/0! | E18: {=1.05*SUMIFS(Tablo4[Fiyat],Tablo4[Hisse],B18,Tablo4[İşlem],"SATIŞ",Tablo4[Tarih],MAX(IF(Tablo4[Hisse]=B18,IF(Tablo4[İşlem]="SATIŞ",Tablo4[Tarih]))))} -> 0 | F18: =+D18*1.5 -> #DIV/0! | G18: {=0.9*SUMIFS(Tablo4[Fiyat],Tablo4[Hisse],B18,Tablo4[İşlem],"SATIŞ",Tablo4[Tarih],MAX(IF(Tablo4[Hisse]=B18,IF(Tablo4[İşlem]="SATIŞ",Tablo4[Tarih]))))} -> 0 | J18: =+C18*0.9 -> 0 | K18: =+C18*1.1 -> 0
C19: =SUMIFS(Tablo2[Son Fiyat],Tablo2[Şirket],B19) -> 0 | D19: =ROUNDUP($D$1/C19,0) -> #DIV/0! | E19: {=1.05*SUMIFS(Tablo4[Fiyat],Tablo4[Hisse],B19,Tablo4[İşlem],"SATIŞ",Tablo4[Tarih],MAX(IF(Tablo4[Hisse]=B19,IF(Tablo4[İşlem]="SATIŞ",Tablo4[Tarih]))))} -> 0 | F19: =+D19*1.5 -> #DIV/0! | G19: {=0.9*SUMIFS(Tablo4[Fiyat],Tablo4[Hisse],B19,Tablo4[İşlem],"SATIŞ",Tablo4[Tarih],MAX(IF(Tablo4[Hisse]=B19,IF(Tablo4[İşlem]="SATIŞ",Tablo4[Tarih]))))} -> 0 | J19: =+C19*0.9 -> 0 | K19: =+C19*1.1 -> 0
C20: =SUMIFS(Tablo2[Son Fiyat],Tablo2[Şirket],B20) -> 0 | D20: =ROUNDUP($D$1/C20,0) -> #DIV/0! | E20: {=1.05*SUMIFS(Tablo4[Fiyat],Tablo4[Hisse],B20,Tablo4[İşlem],"SATIŞ",Tablo4[Tarih],MAX(IF(Tablo4[Hisse]=B20,IF(Tablo4[İşlem]="SATIŞ",Tablo4[Tarih]))))} -> 0 | F20: =+D20*1.5 -> #DIV/0! | G20: {=0.9*SUMIFS(Tablo4[Fiyat],Tablo4[Hisse],B20,Tablo4[İşlem],"SATIŞ",Tablo4[Tarih],MAX(IF(Tablo4[Hisse]=B20,IF(Tablo4[İşlem]="SATIŞ",Tablo4[Tarih]))))} -> 0 | J20: =+C20*0.9 -> 0 | K20: =+C20*1.1 -> 0
... C50: =SUMIFS(Tablo2[Son Fiyat],Tablo2[Şirket],B50) -> 0 | D50: =ROUNDUP($D$1/C50,0) -> #DIV/0! | E50: {=1.05*SUMIFS(Tablo4[Fiyat],Tablo4[Hisse],B50,Tablo4[İşlem],"SATIŞ",Tablo4[Tarih],MAX(IF(Tablo4[Hisse]=B50,IF(Tablo4[İşlem]="SATIŞ",Tablo4[Tarih]))))} -> 0 | F50: =+D50*1.5 -> #DIV/0! | G50: {=0.9*SUMIFS(Tablo4[Fiyat],Tablo4[Hisse],B50,Tablo4[İşlem],"SATIŞ",Tablo4[Tarih],MAX(IF(Tablo4[Hisse]=B50,IF(Tablo4[İşlem]="SATIŞ",Tablo4[Tarih]))))} -> 0 | J50: =+C50*0.9 -> 0 | K50: =+C50*1.1 -> 0
B51: =+#REF! -> #REF! | C51: =SUMIFS(Tablo2[Son Fiyat],Tablo2[Şirket],B51) -> 0 | D51: =ROUNDUP($D$1/C51,0) -> #DIV/0! | F51: =+D51*2 -> #DIV/0! | J51: =+C51*0.9 -> 0 | K51: =+C51*1.1 -> 0
B52: =+#REF! -> #REF! | C52: =SUMIFS(Tablo2[Son Fiyat],Tablo2[Şirket],B52) -> 0 | D52: =ROUNDUP($D$1/C52,0) -> #DIV/0! | F52: =+D52*2 -> #DIV/0! | J52: =+C52*0.9 -> 0 | K52: =+C52*1.1 -> 0
B53: =+#REF! -> #REF! | C53: =SUMIFS(Tablo2[Son Fiyat],Tablo2[Şirket],B53) -> 0 | D53: =ROUNDUP($D$1/C53,0) -> #DIV/0! | F53: =+D53*2 -> #DIV/0! | J53: =+C53*0.9 -> 0 | K53: =+C53*1.1 -> 0
B54: =+#REF! -> #REF! | C54: =SUMIFS(Tablo2[Son Fiyat],Tablo2[Şirket],B54) -> 0 | D54: =ROUNDUP($D$1/C54,0) -> #DIV/0! | F54: =+D54*2 -> #DIV/0! | J54: =+C54*0.9 -> 0 | K54: =+C54*1.1 -> 0
B55: =+#REF! -> #REF! | C55: =SUMIFS(Tablo2[Son Fiyat],Tablo2[Şirket],B55) -> 0 | D55: =ROUNDUP($D$1/C55,0) -> #DIV/0! | F55: =+D55*2 -> #DIV/0! | J55: =+C55*0.9 -> 0 | K55: =+C55*1.1 -> 0
B56: =+#REF! -> #REF! | C56: =SUMIFS(Tablo2[Son Fiyat],Tablo2[Şirket],B56) -> 0 | D56: =ROUNDUP($D$1/C56,0) -> #DIV/0! | F56: =+D56*2 -> #DIV/0! | J56: =+C56*0.9 -> 0 | K56: =+C56*1.1 -> 0
B57: =+#REF! -> #REF! | C57: =SUMIFS(Tablo2[Son Fiyat],Tablo2[Şirket],B57) -> 0 | D57: =ROUNDUP($D$1/C57,0) -> #DIV/0! | F57: =+D57*2 -> #DIV/0! | J57: =+C57*0.9 -> 0 | K57: =+C57*1.1 -> 0
B58: =+#REF! -> #REF! | C58: =SUMIFS(Tablo2[Son Fiyat],Tablo2[Şirket],B58) -> 0 | D58: =ROUNDUP($D$1/C58,0) -> #DIV/0! | F58: =+D58*2 -> #DIV/0! | J58: =+C58*0.9 -> 0 | K58: =+C58*1.1 -> 0
B59: =+#REF! -> #REF! | C59: =SUMIFS(Tablo2[Son Fiyat],Tablo2[Şirket],B59) -> 0 | D59: =ROUNDUP($D$1/C59,0) -> #DIV/0! | F59: =+D59*2 -> #DIV/0! | J59: =+C59*0.9 -> 0 | K59: =+C59*1.1 -> 0
B60: =+#REF! -> #REF! | C60: =SUMIFS(Tablo2[Son Fiyat],Tablo2[Şirket],B60) -> 0 | D60: =ROUNDUP($D$1/C60,0) -> #DIV/0! | F60: =+D60*2 -> #DIV/0! | J60: =+C60*0.9 -> 0 | K60: =+C60*1.1 -> 0
B61: =+#REF! -> #REF! | C61: =SUMIFS(Tablo2[Son Fiyat],Tablo2[Şirket],B61) -> 0 | D61: =ROUNDUP($D$1/C61,0) -> #DIV/0! | F61: =+D61*2 -> #DIV/0! | J61: =+C61*0.9 -> 0 | K61: =+C61*1.1 -> 0
B62: =+#REF! -> #REF! | C62: =SUMIFS(Tablo2[Son Fiyat],Tablo2[Şirket],B62) -> 0 | D62: =ROUNDUP($D$1/C62,0) -> #DIV/0! | F62: =+D62*2 -> #DIV/0! | J62: =+C62*0.9 -> 0 | K62: =+C62*1.1 -> 0
... B121: =+#REF! -> #REF! | C121: =SUMIFS(Tablo2[Son Fiyat],Tablo2[Şirket],B121) -> 0 | D121: =ROUNDUP($D$1/C121,0) -> #DIV/0! | F121: =+D121*2 -> #DIV/0! | J121: =+C121*0.9 -> 0 | K121: =+C121*1.1 -> 0
B122: =+#REF! -> #REF!
B123: =+#REF! -> #REF!
B124: =+#REF! -> #REF!
B125: =+#REF! -> #REF!
B126: =+#REF! -> #REF!
B127: =+#REF! -> #REF!
B128: =+#REF! -> #REF!
B129: =+#REF! -> #REF!
B130: =+#REF! -> #REF!
B131: =+#REF! -> #REF!
B132: =+#REF! -> #REF!
B133: =+#REF! -> #REF!
... B141: =+#REF! -> #REF!

Sheet Sayfa1
A2: =VLOOKUP(C2,$N$2:$O$48,2,) -> ADEL | C2: Adel | D2: 0.0087 | E2: -0.0126 | F2: -0.0159 | G2: 0.1499 | H2: 0.1499 | I2: 11.0139 | N2: Adel | O2: ADEL
A3: =VLOOKUP(C3,$N$2:$O$48,2,) -> ALCTL | C3: Alcatel Lucent | D3: 0.0041 | E3: 0.0033 | F3: 0.0134 | G3: 0.59 | H3: 0.59 | I3: 4.0923 | N3: Alcatel Lucent | O3: ALCTL
A4: =VLOOKUP(C4,$N$2:$O$48,2,) -> ASTOR | C4: Astor Enerji | D4: 0.0249 | E4: 0.0776 | F4: 0.2175 | G4: 0.2396 | H4: 0.2396 | I4: - | N4: Doğu Aras Enerji | O4: ARASE
A5: =VLOOKUP(C5,$N$2:$O$48,2,) -> BAYRK | C5: Bayrak | D5: -0.0034 | E5: -0.0262 | F5: -0.0141 | G5: 0.0381 | H5: 0.0381 | I5: 4.1751 | N5: Astor Enerji | O5: ASTOR
A6: =VLOOKUP(C6,$N$2:$O$48,2,) -> BRLSM | C6: Birleşim Mühendislik Isıtma Soğutma | D6: 0.0142 | E6: -0.0125 | F6: -0.0007 | G6: -0.3585 | H6: -0.3585 | I6: 3.0895 | N6: Bayrak | O6: BAYRK
A7: =VLOOKUP(C7,$N$2:$O$48,2,) -> BFREN | C7: Bosch Fren | D7: 0.0291 | E7: 0.0389 | F7: -0.0112 | G7: -0.1972 | H7: -0.1972 | I7: 7.5604 | N7: Bosch Fren | O7: BFREN
A8: =VLOOKUP(C8,$N$2:$O$48,2,) -> BVSAN | C8: Bülbüloğlu Vinç | D8: 0.0084 | E8: -0.0093 | F8: -0.0152 | G8: 0.1624 | H8: 0.1624 | I8: - | N8: Burçelik Vana San. Ve Tic. A.Ş. | O8: BURVA
A9: =VLOOKUP(C9,$N$2:$O$48,2,) -> BURVA | C9: Burçelik Vana San. Ve Tic. A.Ş. | D9: 0.0061 | E9: 0.0599 | F9: -0.0726 | G9: 0.6028 | H9: 0.6028 | I9: 3.877 | N9: Birleşim Mühendislik Isıtma Soğutma | O9: BRLSM
A10: =VLOOKUP(C10,$N$2:$O$48,2,) -> CEOEM | C10: CEO Event Medya | D10: -0.0172 | E10: -0.0404 | F10: 0.0447 | G10: 0.4759 | H10: 0.4759 | I10: 1.1603 | N10: Bülbüloğlu Vinç | O10: BVSAN
A11: =VLOOKUP(C11,$N$2:$O$48,2,) -> CIMSA | C11: Çimsa Çimento | D11: 0.0297 | E11: 0.038 | F11: 0.1472 | G11: 0.636 | H11: 0.636 | I11: 10.3873 | N11: CEO Event Medya | O11: CEOEM
A12: =VLOOKUP(C12,$N$2:$O$48,2,) -> DESA | C12: Desa | D12: 0.0409 | E12: 0.022 | F12: 0.021 | G12: 0.2347 | H12: 0.2347 | I12: 11.4766 | N12: Çimsa Çimento | O12: CIMSA
A13: =VLOOKUP(C13,$N$2:$O$48,2,) -> ARASE | C13: Doğu Aras Enerji | D13: 0.0163 | E13: 0.0143 | F13: 0.0212 | G13: -0.1318 | H13: -0.1318 | I13: 1.3683 | N13: Desa | O13: DESA
A14: =VLOOKUP(C14,$N$2:$O$48,2,) -> DOAS | C14: Doğuş Otomotiv Servis | D14: 0.0101 | E14: -0.004 | F14: -0.0636 | G14: -0.0905 | H14: -0.0905 | I14: 4.0415 | N14: Doğuş Otomotiv Servis | O14: DOAS
A15: =VLOOKUP(C15,$N$2:$O$48,2,) -> EDATA | C15: E-Data Teknoloji | D15: 0.0101 | E15: -0.0114 | F15: -0.0504 | G15: -0.2005 | H15: -0.2005 | I15: 1.0559 | N15: E-Data Teknoloji | O15: EDATA
A16: =VLOOKUP(C16,$N$2:$O$48,2,) -> EKGYO | C16: Emlak Konut GYO | D16: 0.0393 | E16: 0.0769 | F16: 0.1058 | G16: 1.0349 | H16: 1.0349 | I16: 5.8527 | N16: Nasmed Özel Sağlık Hizmetleri | O16: EGEPO
A17: =VLOOKUP(C17,$N$2:$O$48,2,) -> EREGL | C17: Erdemir | D17: 0.0065 | E17: -0.0064 | F17: -0.0326 | G17: 0.2315 | H17: 0.2315 | I17: 1.0293 | N17: Emlak Konut GYO | O17: EKGYO
A18: =VLOOKUP(C18,$N$2:$O$48,2,) -> FMIZP | C18: Federal Mogul | D18: -0.0214 | E18: -0.0154 | F18: 0.0458 | G18: 0.1647 | H18: 0.1647 | I18: 1.9528 | N18: Erdemir | O18: EREGL
A19: =VLOOKUP(C19,$N$2:$O$48,2,) -> FROTO | C19: Ford Otomotiv San. A.Ş. | D19: 0.0063 | E19: 0.0063 | F19: -0.0119 | G19: 0.3397 | H19: 0.3397 | I19: 3.3167 | N19: Federal Mogul | O19: FMIZP
A20: =VLOOKUP(C20,$N$2:$O$48,2,) -> GESAN | C20: Girişim Elektrik | D20: 0.0171 | E20: 0.0295 | F20: 0.0495 | G20: -0.2673 | H20: -0.2673 | I20: 10.5846 | N20: Ford Otomotiv San. A.Ş. | O20: FROTO
A21: =VLOOKUP(C21,$N$2:$O$48,2,) -> GUBRF | C21: Gübretaş | D21: 0.0282 | E21: 0.0053 | F21: 0.1345 | G21: 0.8368 | H21: 0.8368 | I21: 2.5987 | N21: Girişim Elektrik | O21: GESAN
A22: =VLOOKUP(C22,$N$2:$O$48,2,) -> HUNER | C22: Hun Yenilenebilir Enerji | D22: 0.0569 | E22: 0.0665 | F22: 0.0828 | G22: -0.0788 | H22: -0.0788 | I22: - | N22: Gübretaş | O22: GUBRF
A23: =VLOOKUP(C23,$N$2:$O$48,2,) -> INDES | C23: İndeks Bilgisayar Sistemleri | D23: 0.004 | E23: 0.0389 | F23: 0.0953 | G23: 0.3059 | H23: 0.3059 | I23: 3.1431 | N23: Hun Yenilenebilir Enerji | O23: HUNER
A24: =VLOOKUP(C24,$N$2:$O$48,2,) -> ISDMR | C24: İskenderun Demir Çelik | D24: 0.0078 | E24: -0.0077 | F24: 0.0728 | G24: 0.2095 | H24: 0.2095 | I24: 0.9959 | N24: İndeks Bilgisayar Sistemleri | O24: INDES
A25: =VLOOKUP(C25,$N$2:$O$48,2,) -> KARYE | C25: Kartal Yenilenebilir Enerji | D25: 0.0282 | E25: -0.0021 | F25: 0.0526 | G25: 0.2622 | H25: 0.2622 | I25: 0.8323 | N25: İskenderun Demir Çelik | O25: ISDMR
A26: =VLOOKUP(C26,$N$2:$O$48,2,) -> KONTR | C26: Kontrolmatik Teknoloji | D26: 0.0055 | E26: -0.0005 | F26: -0.1674 | G26: -0.4042 | H26: -0.4042 | I26: 9.5767 | N26: Kartal Yenilenebilir Enerji | O26: KARYE
A27: =VLOOKUP(C27,$N$2:$O$48,2,) -> KRSTL | C27: Kristal Kola | D27: 0.0246 | E27: 0.0139 | F27: 0.0052 | G27: -0.4886 | H27: -0.4886 | I27: 1.4915 | N27: Kuzey Boru | O27: KBORU
A28: =VLOOKUP(C28,$N$2:$O$48,2,) -> KBORU | C28: Kuzey Boru | D28: 0.0554 | E28: 0.0568 | F28: 0.0068 | G28: 0.9339 | H28: 0.9339 | I28: - | N28: Kontrolmatik Teknoloji | O28: KONTR
A29: =VLOOKUP(C29,$N$2:$O$48,2,) -> MARKA | C29: Marka Yatırım | D29: -0.0019 | E29: -0.0562 | F29: -0.0147 | G29: 0.6432 | H29: 0.6432 | I29: 13.0209 | N29: Kristal Kola | O29: KRSTL
A30: =VLOOKUP(C30,$N$2:$O$48,2,) -> MTRKS | C30: Matriks Bilgi | D30: -0.0336 | E30: -0.0065 | F30: 0.0458 | G30: 0.4751 | H30: 0.4751 | I30: 2.7002 | N30: Marka Yatırım | O30: MARKA
A31: =VLOOKUP(C31,$N$2:$O$48,2,) -> MEGAP | C31: Mega Polietilen Köpük | D31: -0.0129 | E31: -0.0129 | F31: -0.0697 | G31: -0.2585 | H31: -0.2585 | I31: 1.3192 | N31: Mega Polietilen Köpük | O31: MEGAP
A32: =VLOOKUP(C32,$N$2:$O$48,2,) -> EGEPO | C32: Nasmed Özel Sağlık Hizmetleri | D32: -0.0262 | E32: -0.0966 | F32: 0.0068 | G32: 0.1821 | H32: 0.1821 | I32: 2.2863 | N32: Matriks Bilgi | O32: MTRKS
A33: =VLOOKUP(C33,$N$2:$O$48,2,) -> OBASE | C33: Obase Bilgisayar ve Danışmanlık | D33: 0.0045 | E33: -0.0026 | F33: -0.0215 | G33: -0.206 | H33: -0.206 | I33: - | N33: Obase Bilgisayar ve Danışmanlık | O33: OBASE
A34: =VLOOKUP(C34,$N$2:$O$48,2,) -> OSTIM | C34: Ostim | D34: 0.0025 | E34: 0.0555 | F34: -0.0373 | G34: 0.2784 | H34: 0.2784 | I34: 3.9937 | N34: Ostim | O34: OSTIM
A35: =VLOOKUP(C35,$N$2:$O$48,2,) -> PRDGS | C35: Pardus Girişim Sermayesi Yatırım | D35: 0.0159 | E35: 0.025 | F35: -0.0271 | G35: -0.0889 | H35: -0.0889 | I35: - | N35: Penta Teknoloji | O35: PENTA
A36: =VLOOKUP(C36,$N$2:$O$48,2,) -> PRKME | C36: Park Elektrik | D36: 0.0994 | E36: 0.2094 | F36: 0.2413 | G36: 0.2291 | H36: 0.2291 | I36: 2.5563 | N36: Pardus Girişim Sermayesi Yatırım | O36: PRDGS
A37: =VLOOKUP(C37,$N$2:$O$48,2,) -> PENTA | C37: Penta Teknoloji | D37: 0.0099 | E37: -0.0142 | F37: 0.016 | G37: -0.1534 | H37: -0.1534 | I37: -0.6364 | N37: Park Elektrik | O37: PRKME
A38: =VLOOKUP(C38,$N$2:$O$48,2,) -> SNICA | C38: Sanica Isı Sanayi | D38: 0.0097 | E38: 0.0155 | F38: -0.0132 | G38: -0.2931 | H38: -0.2931 | I38: - | N38: Sanica Isı Sanayi | O38: SNICA
A39: =VLOOKUP(C39,$N$2:$O$48,2,) -> TNZTP | C39: Tapdi Oksijen Özel Sağlık ve Eğitim Hiz. | D39: -0.0069 | E39: -0.0231 | F39: -0.1261 | G39: -0.0623 | H39: -0.0623 | I39: - | N39: TAV Havalimanları | O39: TAVHL
A40: =VLOOKUP(C40,$N$2:$O$48,2,) -> TAVHL | C40: TAV Havalimanları | D40: -0.0104 | E40: -0.0052 | F40: 0.0365 | G40: 1.6442 | H40: 1.6442 | I40: 8.1458 | N40: Trabzon Liman İşletmeciliği | O40: TLMAN
A41: =VLOOKUP(C41,$N$2:$O$48,2,) -> TLMAN | C41: Trabzon Liman İşletmeciliği | D41: -0.0036 | E41: -0.0103 | F41: -0.0026 | G41: 0.1292 | H41: 0.1292 | I41: 2.0493 | N41: Tapdi Oksijen Özel Sağlık ve Eğitim Hiz. | O41: TNZTP
A42: =VLOOKUP(C42,$N$2:$O$48,2,) -> TUPRS | C42: Tüpraş | D42: 0.0035 | E42: -0.0089 | F42: -0.0204 | G42: 0.1526 | H42: 0.1526 | I42: 6.4638 | N42: Türk İlaç | O42: TRILC
A43: =VLOOKUP(C43,$N$2:$O$48,2,) -> TRILC | C43: Türk İlaç | D43: 0.0262 | E43: 0.0049 | F43: -0.1203 | G43: 0.4392 | H43: 0.4392 | I43: 0.3789 | N43: Türk Telekomunikasyon | O43: TTKOM
A44: =VLOOKUP(C44,$N$2:$O$48,2,) -> TTKOM | C44: Türk Telekomunikasyon | D44: 0.0004 | E44: 0.0261 | F44: -0.0083 | G44: 0.8744 | H44: 0.8744 | I44: 4.2677 | N44: Tüpraş | O44: TUPRS
A45: =VLOOKUP(C45,$N$2:$O$48,2,) -> VBTYZ | C45: VBT Yazılım | D45: 0.005 | E45: -0.0114 | F45: -0.0539 | G45: -0.0732 | H45: -0.0732 | I45: 4.455 | N45: VBT Yazılım | O45: VBTYZ
A46: =VLOOKUP(C46,$N$2:$O$48,2,) -> VESBE | C46: Vestel Beyaz | D46: 0.0058 | E46: 0.007 | F46: 0.0111 | G46: 0.1139 | H46: 0.1139 | I46: 1.2663 | N46: Vestel Beyaz | O46: VESBE
A47: =VLOOKUP(C47,$N$2:$O$48,2,) -> VESTL | C47: Vestel Elektronik | D47: 0.028 | E47: 0.0426 | F47: 0.0924 | G47: 0.5084 | H47: 0.5084 | I47: 1.8942 | N47: Vestel Elektronik | O47: VESTL
A48: =VLOOKUP(C48,$N$2:$O$48,2,) -> YEOTK | C48: YEO Teknoloji Enerji | D48: 0.0618 | E48: 0.0389 | F48: -0.0655 | G48: 0.1702 | H48: 0.1702 | I48: 13.4583 | N48: YEO Teknoloji Enerji | O48: YEOTK

Sheet Sayfa2
D4: Adel | E4: Adel | F4: Adel
I5: Adel | J5: 0.0087 | K5: -0.0126 | L5: -0.0159 | M5: 0.1499 | N5: 0.1499 | O5: 11.0139
I6: Alcatel Lucent | J6: 0.0041 | K6: 0.0033 | L6: 0.0134 | M6: 0.59 | N6: 0.59 | O6: 4.0923
I7: Astor Enerji | J7: 0.0249 | K7: 0.0776 | L7: 0.2175 | M7: 0.2396 | N7: 0.2396 | O7: -
I8: Bayrak | J8: -0.0034 | K8: -0.0262 | L8: -0.0141 | M8: 0.0381 | N8: 0.0381 | O8: 4.1751
I9: Birleşim Mühendislik Isıtma Soğutma | J9: 0.0142 | K9: -0.0125 | L9: -0.0007 | M9: -0.3585 | N9: -0.3585 | O9: 3.0895
I10: Bosch Fren | J10: 0.0291 | K10: 0.0389 | L10: -0.0112 | M10: -0.1972 | N10: -0.1972 | O10: 7.5604
I11: Bülbüloğlu Vinç | J11: 0.0084 | K11: -0.0093 | L11: -0.0152 | M11: 0.1624 | N11: 0.1624 | O11: -
I12: Burçelik Vana San. Ve Tic. A.Ş. | J12: 0.0061 | K12: 0.0599 | L12: -0.0726 | M12: 0.6028 | N12: 0.6028 | O12: 3.877
I13: CEO Event Medya | J13: -0.0172 | K13: -0.0404 | L13: 0.0447 | M13: 0.4759 | N13: 0.4759 | O13: 1.1603
I14: Çimsa Çimento | J14: 0.0297 | K14: 0.038 | L14: 0.1472 | M14: 0.636 | N14: 0.636 | O14: 10.3873
I15: Desa | J15: 0.0409 | K15: 0.022 | L15: 0.021 | M15: 0.2347 | N15: 0.2347 | O15: 11.4766
I16: Doğu Aras Enerji | J16: 0.0163 | K16: 0.0143 | L16: 0.0212 | M16: -0.1318 | N16: -0.1318 | O16: 1.3683
I17: Doğuş Otomotiv Servis | J17: 0.0101 | K17: -0.004 | L17: -0.0636 | M17: -0.0905 | N17: -0.0905 | O17: 4.0415
I18: E-Data Teknoloji | J18: 0.0101 | K18: -0.0114 | L18: -0.0504 | M18: -0.2005 | N18: -0.2005 | O18: 1.0559
I19: Emlak Konut GYO | J19: 0.0393 | K19: 0.0769 | L19: 0.1058 | M19: 1.0349 | N19: 1.0349 | O19: 5.8527
I20: Erdemir | J20: 0.0065 | K20: -0.0064 | L20: -0.0326 | M20: 0.2315 | N20: 0.2315 | O20: 1.0293
I21: Federal Mogul | J21: -0.0214 | K21: -0.0154 | L21: 0.0458 | M21: 0.1647 | N21: 0.1647 | O21: 1.9528
I22: Ford Otomotiv San. A.Ş. | J22: 0.0063 | K22: 0.0063 | L22: -0.0119 | M22: 0.3397 | N22: 0.3397 | O22: 3.3167
I23: Girişim Elektrik | J23: 0.0171 | K23: 0.0295 | L23: 0.0495 | M23: -0.2673 | N23: -0.2673 | O23: 10.5846
I24: Gübretaş | J24: 0.0282 | K24: 0.0053 | L24: 0.1345 | M24: 0.8368 | N24: 0.8368 | O24: 2.5987
I25: Hun Yenilenebilir Enerji | J25: 0.0569 | K25: 0.0665 | L25: 0.0828 | M25: -0.0788 | N25: -0.0788 | O25: -
I26: İndeks Bilgisayar Sistemleri | J26: 0.004 | K26: 0.0389 | L26: 0.0953 | M26: 0.3059 | N26: 0.3059 | O26: 3.1431
I27: İskenderun Demir Çelik | J27: 0.0078 | K27: -0.0077 | L27: 0.0728 | M27: 0.2095 | N27: 0.2095 | O27: 0.9959
I28: Kartal Yenilenebilir Enerji | J28: 0.0282 | K28: -0.0021 | L28: 0.0526 | M28: 0.2622 | N28: 0.2622 | O28: 0.8323
I29: Kontrolmatik Teknoloji | J29: 0.0055 | K29: -0.0005 | L29: -0.1674 | M29: -0.4042 | N29: -0.4042 | O29: 9.5767
I30: Kristal Kola | J30: 0.0246 | K30: 0.0139 | L30: 0.0052 | M30: -0.4886 | N30: -0.4886 | O30: 1.4915
I31: Kuzey Boru | J31: 0.0554 | K31: 0.0568 | L31: 0.0068 | M31: 0.9339 | N31: 0.9339 | O31: -
I32: Marka Yatırım | J32: -0.0019 | K32: -0.0562 | L32: -0.0147 | M32: 0.6432 | N32: 0.6432 | O32: 13.0209
I33: Matriks Bilgi | J33: -0.0336 | K33: -0.0065 | L33: 0.0458 | M33: 0.4751 | N33: 0.4751 | O33: 2.7002
I34: Mega Polietilen Köpük | J34: -0.0129 | K34: -0.0129 | L34: -0.0697 | M34: -0.2585 | N34: -0.2585 | O34: 1.3192
I35: Nasmed Özel Sağlık Hizmetleri | J35: -0.0262 | K35: -0.0966 | L35: 0.0068 | M35: 0.1821 | N35: 0.1821 | O35: 2.2863
I36: Obase Bilgisayar ve Danışmanlık | J36: 0.0045 | K36: -0.0026 | L36: -0.0215 | M36: -0.206 | N36: -0.206 | O36: -
I37: Ostim | J37: 0.0025 | K37: 0.0555 | L37: -0.0373 | M37: 0.2784 | N37: 0.2784 | O37: 3.9937
I38: Pardus Girişim Sermayesi Yatırım | J38: 0.0159 | K38: 0.025 | L38: -0.0271 | M38: -0.0889 | N38: -0.0889 | O38: -
I39: Park Elektrik | J39: 0.0994 | K39: 0.2094 | L39: 0.2413 | M39: 0.2291 | N39: 0.2291 | O39: 2.5563
I40: Penta Teknoloji | J40: 0.0099 | K40: -0.0142 | L40: 0.016 | M40: -0.1534 | N40: -0.1534 | O40: -0.6364
I41: Sanica Isı Sanayi | J41: 0.0097 | K41: 0.0155 | L41: -0.0132 | M41: -0.2931 | N41: -0.2931 | O41: -
I42: Tapdi Oksijen Özel Sağlık ve Eğitim Hiz. | J42: -0.0069 | K42: -0.0231 | L42: -0.1261 | M42: -0.0623 | N42: -0.0623 | O42: -
I43: TAV Havalimanları | J43: -0.0104 | K43: -0.0052 | L43: 0.0365 | M43: 1.6442 | N43: 1.6442 | O43: 8.1458
I44: Trabzon Liman İşletmeciliği | J44: -0.0036 | K44: -0.0103 | L44: -0.0026 | M44: 0.1292 | N44: 0.1292 | O44: 2.0493
I45: Tüpraş | J45: 0.0035 | K45: -0.0089 | L45: -0.0204 | M45: 0.1526 | N45: 0.1526 | O45: 6.4638
I46: Türk İlaç | J46: 0.0262 | K46: 0.0049 | L46: -0.1203 | M46: 0.4392 | N46: 0.4392 | O46: 0.3789
I47: Türk Telekomunikasyon | J47: 0.0004 | K47: 0.0261 | L47: -0.0083 | M47: 0.8744 | N47: 0.8744 | O47: 4.2677
I48: VBT Yazılım | J48: 0.005 | K48: -0.0114 | L48: -0.0539 | M48: -0.0732 | N48: -0.0732 | O48: 4.455
I49: Vestel Beyaz | J49: 0.0058 | K49: 0.007 | L49: 0.0111 | M49: 0.1139 | N49: 0.1139 | O49: 1.2663
I50: Vestel Elektronik | J50: 0.028 | K50: 0.0426 | L50: 0.0924 | M50: 0.5084 | N50: 0.5084 | O50: 1.8942
I51: YEO Teknoloji Enerji | J51: 0.0618 | K51: 0.0389 | L51: -0.0655 | M51: 0.1702 | N51: 0.1702 | O51: 13.4583

Sheet Sayfa3
B1: Sütun1 | C1: SMA5-20 | D1: MINI RALLI | E1: DAHI | F1: TK | G1: ICH | H1: BYB | I1: ZKN İYİ ALIM Y. | J1: PU | K1: SAR DÜZELTMESİ | L1: FLAMA ÜÇG | M1: DİBİNİ SIY. | N1: ZKN HO | O1: VOL K. S. | P1: BOLLING | Q1: GÖST | R1: DAHI 2 | S1: SWING TR 3 | T1: TT2 | U1: PSAR+ADX | V1: ADX20 | W1: MACD + S | X1: DRI MOM | Y1: DKA | Z1: MFI50 | AA1: EMA5-20 | AB1: EMA20-50 | AC1: MACD 0 Y | AD1: EMALAR S. | AE1: P.SAR + EMA | AF1: HULL | AG1: TOPLAM | AH1: Hafta Başı | AI1: Fiyat | AJ1: Prim
B2: ADEL | AG2: =SUM(C2:AF2) -> 0 | AH2: 32 | AI2: =SUMIFS(Tablo2[Son Fiyat],Tablo2[Şirket],Tablo3[[#This Row],[Sütun1]]) -> 32 | AJ2: =+(Tablo3[[#This Row],[Fiyat]]-Tablo3[[#This Row],[Hafta Başı]])/Tablo3[[#This Row],[Hafta Başı]] -> 0
B3: ADESE | AG3: =SUM(C3:AF3) -> 0 | AH3: 2.06 | AI3: =SUMIFS(Tablo2[Son Fiyat],Tablo2[Şirket],Tablo3[[#This Row],[Sütun1]]) -> 2.06 | AJ3: =+(Tablo3[[#This Row],[Fiyat]]-Tablo3[[#This Row],[Hafta Başı]])/Tablo3[[#This Row],[Hafta Başı]] -> 0
B4: AFYON | AG4: =SUM(C4:AF4) -> 0 | AH4: 15.62 | AI4: =SUMIFS(Tablo2[Son Fiyat],Tablo2[Şirket],Tablo3[[#This Row],[Sütun1]]) -> 15.62 | AJ4: =+(Tablo3[[#This Row],[Fiyat]]-Tablo3[[#This Row],[Hafta Başı]])/Tablo3[[#This Row],[Hafta Başı]] -> 0
B5: AHGAZ | AG5: =SUM(C5:AF5) -> 0 | AH5: 19.23 | AI5: =SUMIFS(Tablo2[Son Fiyat],Tablo2[Şirket],Tablo3[[#This Row],[Sütun1]]) -> 19.23 | AJ5: =+(Tablo3[[#This Row],[Fiyat]]-Tablo3[[#This Row],[Hafta Başı]])/Tablo3[[#This Row],[Hafta Başı]] -> 0
B6: AKCNS | AG6: =SUM(C6:AF6) -> 0 | AH6: 208.2 | AI6: =SUMIFS(Tablo2[Son Fiyat],Tablo2[Şirket],Tablo3[[#This Row],[Sütun1]]) -> 208.2 | AJ6: =+(Tablo3[[#This Row],[Fiyat]]-Tablo3[[#This Row],[Hafta Başı]])/Tablo3[[#This Row],[Hafta Başı]] -> 0
B7: AKGRT | AG7: =SUM(C7:AF7) -> 0 | AH7: 8.04 | AI7: =SUMIFS(Tablo2[Son Fiyat],Tablo2[Şirket],Tablo3[[#This Row],[Sütun1]]) -> 8.04 | AJ7: =+(Tablo3[[#This Row],[Fiyat]]-Tablo3[[#This Row],[Hafta Başı]])/Tablo3[[#This Row],[Hafta Başı]] -> 0
B8: AKSA | AA8: 1 | AG8: =SUM(C8:AF8) -> 1 | AH8: 11.54 | AI8: =SUMIFS(Tablo2[Son Fiyat],Tablo2[Şirket],Tablo3[[#This Row],[Sütun1]]) -> 11.54 | AJ8: =+(Tablo3[[#This Row],[Fiyat]]-Tablo3[[#This Row],[Hafta Başı]])/Tablo3[[#This Row],[Hafta Başı]] -> 0
B9: AKSEN | V9: 1 | AG9: =SUM(C9:AF9) -> 1 | AH9: 41.1 | AI9: =SUMIFS(Tablo2[Son Fiyat],Tablo2[Şirket],Tablo3[[#This Row],[Sütun1]]) -> 41.1 | AJ9: =+(Tablo3[[#This Row],[Fiyat]]-Tablo3[[#This Row],[Hafta Başı]])/Tablo3[[#This Row],[Hafta Başı]] -> 0
B10: ALARK | AG10: =SUM(C10:AF10) -> 0 | AH10: 86.05 | AI10: =SUMIFS(Tablo2[Son Fiyat],Tablo2[Şirket],Tablo3[[#This Row],[Sütun1]]) -> 86.05 | AJ10: =+(Tablo3[[#This Row],[Fiyat]]-Tablo3[[#This Row],[Hafta Başı]])/Tablo3[[#This Row],[Hafta Başı]] -> 0
B11: ALBRK | AG11: =SUM(C11:AF11) -> 0 | AH11: 7.16 | AI11: =SUMIFS(Tablo2[Son Fiyat],Tablo2[Şirket],Tablo3[[#This Row],[Sütun1]]) -> 7.16 | AJ11: =+(Tablo3[[#This Row],[Fiyat]]-Tablo3[[#This Row],[Hafta Başı]])/Tablo3[[#This Row],[Hafta Başı]] -> 0
B12: ALFAS | AG12: =SUM(C12:AF12) -> 0 | AH12: 73.35 | AI12: =SUMIFS(Tablo2[Son Fiyat],Tablo2[Şirket],Tablo3[[#This Row],[Sütun1]]) -> 73.35 | AJ12: =+(Tablo3[[#This Row],[Fiyat]]-Tablo3[[#This Row],[Hafta Başı]])/Tablo3[[#This Row],[Hafta Başı]] -> 0
B13: ALVES | AG13: =SUM(C13:AF13) -> 0 | AH13: 35.3 | AI13: =SUMIFS(Tablo2[Son Fiyat],Tablo2[Şirket],Tablo3[[#This Row],[Sütun1]]) -> 35.3 | AJ13: =+(Tablo3[[#This Row],[Fiyat]]-Tablo3[[#This Row],[Hafta Başı]])/Tablo3[[#This Row],[Hafta Başı]] -> 0
B14: ANHYT | AG14: =SUM(C14:AF14) -> 0 | AH14: 99.5 | AI14: =SUMIFS(Tablo2[Son Fiyat],Tablo2[Şirket],Tablo3[[#This Row],[Sütun1]]) -> 99.5 | AJ14: =+(Tablo3[[#This Row],[Fiyat]]-Tablo3[[#This Row],[Hafta Başı]])/Tablo3[[#This Row],[Hafta Başı]] -> 0
B15: ANSGR | AG15: =SUM(C15:AF15) -> 0 | AH15: 110.5 | AI15: =SUMIFS(Tablo2[Son Fiyat],Tablo2[Şirket],Tablo3[[#This Row],[Sütun1]]) -> 110.5 | AJ15: =+(Tablo3[[#This Row],[Fiyat]]-Tablo3[[#This Row],[Hafta Başı]])/Tablo3[[#This Row],[Hafta Başı]] -> 0
B16: ARTMS | AG16: =SUM(C16:AF16) -> 0 | AH16: 29 | AI16: =SUMIFS(Tablo2[Son Fiyat],Tablo2[Şirket],Tablo3[[#This Row],[Sütun1]]) -> 29 | AJ16: =+(Tablo3[[#This Row],[Fiyat]]-Tablo3[[#This Row],[Hafta Başı]])/Tablo3[[#This Row],[Hafta Başı]] -> 0
B17: ARZUM | AG17: =SUM(C17:AF17) -> 0 | AH17: 36.52 | AI17: =SUMIFS(Tablo2[Son Fiyat],Tablo2[Şirket],Tablo3[[#This Row],[Sütun1]]) -> 36.52 | AJ17: =+(Tablo3[[#This Row],[Fiyat]]-Tablo3[[#This Row],[Hafta Başı]])/Tablo3[[#This Row],[Hafta Başı]] -> 0
B18: ASELS | AG18: =SUM(C18:AF18) -> 0 | AH18: 88.7 | AI18: =SUMIFS(Tablo2[Son Fiyat],Tablo2[Şirket],Tablo3[[#This Row],[Sütun1]]) -> 88.7 | AJ18: =+(Tablo3[[#This Row],[Fiyat]]-Tablo3[[#This Row],[Hafta Başı]])/Tablo3[[#This Row],[Hafta Başı]] -> 0
B19: ASTOR | AG19: =SUM(C19:AF19) -> 0 | AH19: 117.6 | AI19: =SUMIFS(Tablo2[Son Fiyat],Tablo2[Şirket],Tablo3[[#This Row],[Sütun1]]) -> 117.6 | AJ19: =+(Tablo3[[#This Row],[Fiyat]]-Tablo3[[#This Row],[Hafta Başı]])/Tablo3[[#This Row],[Hafta Başı]] -> 0
B20: ATAKP | M20: 1 | AG20: =SUM(C20:AF20) -> 1 | AH20: 40.6 | AI20: =SUMIFS(Tablo2[Son Fiyat],Tablo2[Şirket],Tablo3[[#This Row],[Sütun1]]) -> 40.6 | AJ20: =+(Tablo3[[#This Row],[Fiyat]]-Tablo3[[#This Row],[Hafta Başı]])/Tablo3[[#This Row],[Hafta Başı]] -> 0
B21: AVOD | AG21: =SUM(C21:AF21) -> 0 | AH21: 2.86 | AI21: =SUMIFS(Tablo2[Son Fiyat],Tablo2[Şirket],Tablo3[[#This Row],[Sütun1]]) -> 2.86 | AJ21: =+(Tablo3[[#This Row],[Fiyat]]-Tablo3[[#This Row],[Hafta Başı]])/Tablo3[[#This Row],[Hafta Başı]] -> 0
B22: AYDEM | AG22: =SUM(C22:AF22) -> 0 | AH22: 22.16 | AI22: =SUMIFS(Tablo2[Son Fiyat],Tablo2[Şirket],Tablo3[[#This Row],[Sütun1]]) -> 22.16 | AJ22: =+(Tablo3[[#This Row],[Fiyat]]-Tablo3[[#This Row],[Hafta Başı]])/Tablo3[[#This Row],[Hafta Başı]] -> 0
B23: AZTEK | AG23: =SUM(C23:AF23) -> 0 | AH23: 47.46 | AI23: =SUMIFS(Tablo2[Son Fiyat],Tablo2[Şirket],Tablo3[[#This Row],[Sütun1]]) -> 47.46 | AJ23: =+(Tablo3[[#This Row],[Fiyat]]-Tablo3[[#This Row],[Hafta Başı]])/Tablo3[[#This Row],[Hafta Başı]] -> 0
B24: BANVT | C24: 1 | AG24: =SUM(C24:AF24) -> 1 | AH24: 301 | AI24: =SUMIFS(Tablo2[Son Fiyat],Tablo2[Şirket],Tablo3[[#This Row],[Sütun1]]) -> 301 | AJ24: =+(Tablo3[[#This Row],[Fiyat]]-Tablo3[[#This Row],[Hafta Başı]])/Tablo3[[#This Row],[Hafta Başı]] -> 0
B25: BERA | N25: 1 | T25: 1 | AG25: =SUM(C25:AF25) -> 2 | AH25: 17.09 | AI25: =SUMIFS(Tablo2[Son Fiyat],Tablo2[Şirket],Tablo3[[#This Row],[Sütun1]]) -> 17.09 | AJ25: =+(Tablo3[[#This Row],[Fiyat]]-Tablo3[[#This Row],[Hafta Başı]])/Tablo3[[#This Row],[Hafta Başı]] -> 0
B26: BIENY | AG26: =SUM(C26:AF26) -> 0 | AH26: 30.76 | AI26: =SUMIFS(Tablo2[Son Fiyat],Tablo2[Şirket],Tablo3[[#This Row],[Sütun1]]) -> 30.76 | AJ26: =+(Tablo3[[#This Row],[Fiyat]]-Tablo3[[#This Row],[Hafta Başı]])/Tablo3[[#This Row],[Hafta Başı]] -> 0
B27: BINBN | AG27: =SUM(C27:AF27) -> 0 | AH27: 100.6 | AI27: =SUMIFS(Tablo2[Son Fiyat],Tablo2[Şirket],Tablo3[[#This Row],[Sütun1]]) -> 100.6 | AJ27: =+(Tablo3[[#This Row],[Fiyat]]-Tablo3[[#This Row],[Hafta Başı]])/Tablo3[[#This Row],[Hafta Başı]] -> 0
B28: BJKAS | D28: 1 | AA28: 1 | AC28: 1 | AD28: 1 | AE28: 1 | AG28: =SUM(C28:AF28) -> 5 | AH28: 5.15 | AI28: =SUMIFS(Tablo2[Son Fiyat],Tablo2[Şirket],Tablo3[[#This Row],[Sütun1]]) -> 5.15 | AJ28: =+(Tablo3[[#This Row],[Fiyat]]-Tablo3[[#This Row],[Hafta Başı]])/Tablo3[[#This Row],[Hafta Başı]] -> 0
B29: BLCYT | AG29: =SUM(C29:AF29) -> 0 | AH29: 16.23 | AI29: =SUMIFS(Tablo2[Son Fiyat],Tablo2[Şirket],Tablo3[[#This Row],[Sütun1]]) -> 16.23 | AJ29: =+(Tablo3[[#This Row],[Fiyat]]-Tablo3[[#This Row],[Hafta Başı]])/Tablo3[[#This Row],[Hafta Başı]] -> 0
B30: BNTAS | AG30: =SUM(C30:AF30) -> 0 | AH30: 11.02 | AI30: =SUMIFS(Tablo2[Son Fiyat],Tablo2[Şirket],Tablo3[[#This Row],[Sütun1]]) -> 11.02 | AJ30: =+(Tablo3[[#This Row],[Fiyat]]-Tablo3[[#This Row],[Hafta Başı]])/Tablo3[[#This Row],[Hafta Başı]] -> 0
B31: BORLS | AG31: =SUM(C31:AF31) -> 0 | AH31: 76.5 | AI31: =SUMIFS(Tablo2[Son Fiyat],Tablo2[Şirket],Tablo3[[#This Row],[Sütun1]]) -> 76.5 | AJ31: =+(Tablo3[[#This Row],[Fiyat]]-Tablo3[[#This Row],[Hafta Başı]])/Tablo3[[#This Row],[Hafta Başı]] -> 0
B32: BRKSN | AG32: =SUM(C32:AF32) -> 0 | AH32: 24.52 | AI32: =SUMIFS(Tablo2[Son Fiyat],Tablo2[Şirket],Tablo3[[#This Row],[Sütun1]]) -> 24.52 | AJ32: =+(Tablo3[[#This Row],[Fiyat]]-Tablo3[[#This Row],[Hafta Başı]])/Tablo3[[#This Row],[Hafta Başı]] -> 0
B33: BRKVY | AG33: =SUM(C33:AF33) -> 0 | AH33: 54.6 | AI33: =SUMIFS(Tablo2[Son Fiyat],Tablo2[Şirket],Tablo3[[#This Row],[Sütun1]]) -> 54.6 | AJ33: =+(Tablo3[[#This Row],[Fiyat]]-Tablo3[[#This Row],[Hafta Başı]])/Tablo3[[#This Row],[Hafta Başı]] -> 0
B34: BURCE | AG34: =SUM(C34:AF34) -> 0 | AH34: 17.43 | AI34: =SUMIFS(Tablo2[Son Fiyat],Tablo2[Şirket],Tablo3[[#This Row],[Sütun1]]) -> 17.43 | AJ34: =+(Tablo3[[#This Row],[Fiyat]]-Tablo3[[#This Row],[Hafta Başı]])/Tablo3[[#This Row],[Hafta Başı]] -> 0
B35: CCOLA | AG35: =SUM(C35:AF35) -> 0 | AH35: 57.05 | AI35: =SUMIFS(Tablo2[Son Fiyat],Tablo2[Şirket],Tablo3[[#This Row],[Sütun1]]) -> 57.05 | AJ35: =+(Tablo3[[#This Row],[Fiyat]]-Tablo3[[#This Row],[Hafta Başı]])/Tablo3[[#This Row],[Hafta Başı]] -> 0
B36: CELHA | AG36: =SUM(C36:AF36) -> 0 | AH36: 22.06 | AI36: =SUMIFS(Tablo2[Son Fiyat],Tablo2[Şirket],Tablo3[[#This Row],[Sütun1]]) -> 22.06 | AJ36: =+(Tablo3[[#This Row],[Fiyat]]-Tablo3[[#This Row],[Hafta Başı]])/Tablo3[[#This Row],[Hafta Başı]] -> 0
B37: CEMTS | AG37: =SUM(C37:AF37) -> 0 | AH37: 8.98 | AI37: =SUMIFS(Tablo2[Son Fiyat],Tablo2[Şirket],Tablo3[[#This Row],[Sütun1]]) -> 8.98 | AJ37: =+(Tablo3[[#This Row],[Fiyat]]-Tablo3[[#This Row],[Hafta Başı]])/Tablo3[[#This Row],[Hafta Başı]] -> 0
B38: CIMSA | AG38: =SUM(C38:AF38) -> 0 | AH38: 53.35 | AI38: =SUMIFS(Tablo2[Son Fiyat],Tablo2[Şirket],Tablo3[[#This Row],[Sütun1]]) -> 53.35 | AJ38: =+(Tablo3[[#This Row],[Fiyat]]-Tablo3[[#This Row],[Hafta Başı]])/Tablo3[[#This Row],[Hafta Başı]] -> 0
B39: CLEBI | AG39: =SUM(C39:AF39) -> 0 | AH39: 1923 | AI39: =SUMIFS(Tablo2[Son Fiyat],Tablo2[Şirket],Tablo3[[#This Row],[Sütun1]]) -> 1923 | AJ39: =+(Tablo3[[#This Row],[Fiyat]]-Tablo3[[#This Row],[Hafta Başı]])/Tablo3[[#This Row],[Hafta Başı]] -> 0
B40: CVKMD | E40: 1 | U40: 1 | AD40: 1 | AG40: =SUM(C40:AF40) -> 3 | AH40: 337.75 | AI40: =SUMIFS(Tablo2[Son Fiyat],Tablo2[Şirket],Tablo3[[#This Row],[Sütun1]]) -> 337.75 | AJ40: =+(Tablo3[[#This Row],[Fiyat]]-Tablo3[[#This Row],[Hafta Başı]])/Tablo3[[#This Row],[Hafta Başı]] -> 0
B41: DESPC | AG41: =SUM(C41:AF41) -> 0 | AH41: 47.42 | AI41: =SUMIFS(Tablo2[Son Fiyat],Tablo2[Şirket],Tablo3[[#This Row],[Sütun1]]) -> 47.42 | AJ41: =+(Tablo3[[#This Row],[Fiyat]]-Tablo3[[#This Row],[Hafta Başı]])/Tablo3[[#This Row],[Hafta Başı]] -> 0
B42: DEVA | AG42: =SUM(C42:AF42) -> 0 | AH42: 71.4 | AI42: =SUMIFS(Tablo2[Son Fiyat],Tablo2[Şirket],Tablo3[[#This Row],[Sütun1]]) -> 71.4 | AJ42: =+(Tablo3[[#This Row],[Fiyat]]-Tablo3[[#This Row],[Hafta Başı]])/Tablo3[[#This Row],[Hafta Başı]] -> 0
B43: DGATE | AG43: =SUM(C43:AF43) -> 0 | AH43: 55.4 | AI43: =SUMIFS(Tablo2[Son Fiyat],Tablo2[Şirket],Tablo3[[#This Row],[Sütun1]]) -> 55.4 | AJ43: =+(Tablo3[[#This Row],[Fiyat]]-Tablo3[[#This Row],[Hafta Başı]])/Tablo3[[#This Row],[Hafta Başı]] -> 0
B44: DMSAS | AG44: =SUM(C44:AF44) -> 0 | AH44: 9.5 | AI44: =SUMIFS(Tablo2[Son Fiyat],Tablo2[Şirket],Tablo3[[#This Row],[Sütun1]]) -> 9.5 | AJ44: =+(Tablo3[[#This Row],[Fiyat]]-Tablo3[[#This Row],[Hafta Başı]])/Tablo3[[#This Row],[Hafta Başı]] -> 0
B45: DNISI | J45: 1 | AG45: =SUM(C45:AF45) -> 1 | AH45: 25.94 | AI45: =SUMIFS(Tablo2[Son Fiyat],Tablo2[Şirket],Tablo3[[#This Row],[Sütun1]]) -> 25.94 | AJ45: =+(Tablo3[[#This Row],[Fiyat]]-Tablo3[[#This Row],[Hafta Başı]])/Tablo3[[#This Row],[Hafta Başı]] -> 0
B46: DOBUR | AG46: =SUM(C46:AF46) -> 0 | AH46: 180.4 | AI46: =SUMIFS(Tablo2[Son Fiyat],Tablo2[Şirket],Tablo3[[#This Row],[Sütun1]]) -> 180.4 | AJ46: =+(Tablo3[[#This Row],[Fiyat]]-Tablo3[[#This Row],[Hafta Başı]])/Tablo3[[#This Row],[Hafta Başı]] -> 0
B47: DOHOL | AG47: =SUM(C47:AF47) -> 0 | AH47: 13.59 | AI47: =SUMIFS(Tablo2[Son Fiyat],Tablo2[Şirket],Tablo3[[#This Row],[Sütun1]]) -> 13.59 | AJ47: =+(Tablo3[[#This Row],[Fiyat]]-Tablo3[[#This Row],[Hafta Başı]])/Tablo3[[#This Row],[Hafta Başı]] -> 0
B48: DURKN | AG48: =SUM(C48:AF48) -> 0 | AH48: 15 | AI48: =SUMIFS(Tablo2[Son Fiyat],Tablo2[Şirket],Tablo3[[#This Row],[Sütun1]]) -> 15 | AJ48: =+(Tablo3[[#This Row],[Fiyat]]-Tablo3[[#This Row],[Hafta Başı]])/Tablo3[[#This Row],[Hafta Başı]] -> 0
B49: DYOBY | AG49: =SUM(C49:AF49) -> 0 | AH49: 22.5 | AI49: =SUMIFS(Tablo2[Son Fiyat],Tablo2[Şirket],Tablo3[[#This Row],[Sütun1]]) -> 22.5 | AJ49: =+(Tablo3[[#This Row],[Fiyat]]-Tablo3[[#This Row],[Hafta Başı]])/Tablo3[[#This Row],[Hafta Başı]] -> 0
B50: EBEBK | C50: 1 | AG50: =SUM(C50:AF50) -> 1 | AH50: 60.1 | AI50: =SUMIFS(Tablo2[Son Fiyat],Tablo2[Şirket],Tablo3[[#This Row],[Sütun1]]) -> 60.1 | AJ50: =+(Tablo3[[#This Row],[Fiyat]]-Tablo3[[#This Row],[Hafta Başı]])/Tablo3[[#This Row],[Hafta Başı]] -> 0
B51: ECILC | AG51: =SUM(C51:AF51) -> 0 | AH51: 44.8 | AI51: =SUMIFS(Tablo2[Son Fiyat],Tablo2[Şirket],Tablo3[[#This Row],[Sütun1]]) -> 44.8 | AJ51: =+(Tablo3[[#This Row],[Fiyat]]-Tablo3[[#This Row],[Hafta Başı]])/Tablo3[[#This Row],[Hafta Başı]] -> 0
B52: ECZYT | AG52: =SUM(C52:AF52) -> 0 | AH52: 188.8 | AI52: =SUMIFS(Tablo2[Son Fiyat],Tablo2[Şirket],Tablo3[[#This Row],[Sütun1]]) -> 188.8 | AJ52: =+(Tablo3[[#This Row],[Fiyat]]-Tablo3[[#This Row],[Hafta Başı]])/Tablo3[[#This Row],[Hafta Başı]] -> 0
B53: EGEEN | AG53: =SUM(C53:AF53) -> 0 | AH53: 9470 | AI53: =SUMIFS(Tablo2[Son Fiyat],Tablo2[Şirket],Tablo3[[#This Row],[Sütun1]]) -> 9470 | AJ53: =+(Tablo3[[#This Row],[Fiyat]]-Tablo3[[#This Row],[Hafta Başı]])/Tablo3[[#This Row],[Hafta Başı]] -> 0
B54: EGEPO | AG54: =SUM(C54:AF54) -> 0 | AH54: 24.4 | AI54: =SUMIFS(Tablo2[Son Fiyat],Tablo2[Şirket],Tablo3[[#This Row],[Sütun1]]) -> 24.4 | AJ54: =+(Tablo3[[#This Row],[Fiyat]]-Tablo3[[#This Row],[Hafta Başı]])/Tablo3[[#This Row],[Hafta Başı]] -> 0
B55: EGPRO | AG55: =SUM(C55:AF55) -> 0 | AH55: 24.8 | AI55: =SUMIFS(Tablo2[Son Fiyat],Tablo2[Şirket],Tablo3[[#This Row],[Sütun1]]) -> 24.8 | AJ55: =+(Tablo3[[#This Row],[Fiyat]]-Tablo3[[#This Row],[Hafta Başı]])/Tablo3[[#This Row],[Hafta Başı]] -> 0
B56: ELITE | AG56: =SUM(C56:AF56) -> 0 | AH56: 35.56 | AI56: =SUMIFS(Tablo2[Son Fiyat],Tablo2[Şirket],Tablo3[[#This Row],[Sütun1]]) -> 35.56 | AJ56: =+(Tablo3[[#This Row],[Fiyat]]-Tablo3[[#This Row],[Hafta Başı]])/Tablo3[[#This Row],[Hafta Başı]] -> 0
B57: EMKEL | AG57: =SUM(C57:AF57) -> 0 | AH57: 16.74 | AI57: =SUMIFS(Tablo2[Son Fiyat],Tablo2[Şirket],Tablo3[[#This Row],[Sütun1]]) -> 16.74 | AJ57: =+(Tablo3[[#This Row],[Fiyat]]-Tablo3[[#This Row],[Hafta Başı]])/Tablo3[[#This Row],[Hafta Başı]] -> 0
B58: ENTRA | AG58: =SUM(C58:AF58) -> 0 | AH58: 7.74 | AI58: =SUMIFS(Tablo2[Son Fiyat],Tablo2[Şirket],Tablo3[[#This Row],[Sütun1]]) -> 7.74 | AJ58: =+(Tablo3[[#This Row],[Fiyat]]-Tablo3[[#This Row],[Hafta Başı]])/Tablo3[[#This Row],[Hafta Başı]] -> 0
B59: ESCOM | AG59: =SUM(C59:AF59) -> 0 | AH59: 50.75 | AI59: =SUMIFS(Tablo2[Son Fiyat],Tablo2[Şirket],Tablo3[[#This Row],[Sütun1]]) -> 50.75 | AJ59: =+(Tablo3[[#This Row],[Fiyat]]-Tablo3[[#This Row],[Hafta Başı]])/Tablo3[[#This Row],[Hafta Başı]] -> 0
B60: EUREN | K60: 1 | AG60: =SUM(C60:AF60) -> 1 | AH60: 4.27 | AI60: =SUMIFS(Tablo2[Son Fiyat],Tablo2[Şirket],Tablo3[[#This Row],[Sütun1]]) -> 4.27 | AJ60: =+(Tablo3[[#This Row],[Fiyat]]-Tablo3[[#This Row],[Hafta Başı]])/Tablo3[[#This Row],[Hafta Başı]] -> 0
B61: EYGYO | AG61: =SUM(C61:AF61) -> 0 | AH61: 7.36 | AI61: =SUMIFS(Tablo2[Son Fiyat],Tablo2[Şirket],Tablo3[[#This Row],[Sütun1]]) -> 7.36 | AJ61: =+(Tablo3[[#This Row],[Fiyat]]-Tablo3[[#This Row],[Hafta Başı]])/Tablo3[[#This Row],[Hafta Başı]] -> 0
B62: FENER | X62: 1 | AG62: =SUM(C62:AF62) -> 1 | AH62: 52.5 | AI62: =SUMIFS(Tablo2[Son Fiyat],Tablo2[Şirket],Tablo3[[#This Row],[Sütun1]]) -> 52.5 | AJ62: =+(Tablo3[[#This Row],[Fiyat]]-Tablo3[[#This Row],[Hafta Başı]])/Tablo3[[#This Row],[Hafta Başı]] -> 0
B63: FORMT | Z63: 1 | AF63: 1 | AG63: =SUM(C63:AF63) -> 2 | AH63: 5.65 | AI63: =SUMIFS(Tablo2[Son Fiyat],Tablo2[Şirket],Tablo3[[#This Row],[Sütun1]]) -> 5.65 | AJ63: =+(Tablo3[[#This Row],[Fiyat]]-Tablo3[[#This Row],[Hafta Başı]])/Tablo3[[#This Row],[Hafta Başı]] -> 0
B64: GARAN | AG64: =SUM(C64:AF64) -> 0 | AH64: 127.3 | AI64: =SUMIFS(Tablo2[Son Fiyat],Tablo2[Şirket],Tablo3[[#This Row],[Sütun1]]) -> 127.3 | AJ64: =+(Tablo3[[#This Row],[Fiyat]]-Tablo3[[#This Row],[Hafta Başı]])/Tablo3[[#This Row],[Hafta Başı]] -> 0
B65: GENIL | AG65: =SUM(C65:AF65) -> 0 | AH65: 117.7 | AI65: =SUMIFS(Tablo2[Son Fiyat],Tablo2[Şirket],Tablo3[[#This Row],[Sütun1]]) -> 117.7 | AJ65: =+(Tablo3[[#This Row],[Fiyat]]-Tablo3[[#This Row],[Hafta Başı]])/Tablo3[[#This Row],[Hafta Başı]] -> 0
B66: GENTS | AG66: =SUM(C66:AF66) -> 0 | AH66: 11 | AI66: =SUMIFS(Tablo2[Son Fiyat],Tablo2[Şirket],Tablo3[[#This Row],[Sütun1]]) -> 11 | AJ66: =+(Tablo3[[#This Row],[Fiyat]]-Tablo3[[#This Row],[Hafta Başı]])/Tablo3[[#This Row],[Hafta Başı]] -> 0
B67: GIPTA | AG67: =SUM(C67:AF67) -> 0 | AH67: 42.38 | AI67: =SUMIFS(Tablo2[Son Fiyat],Tablo2[Şirket],Tablo3[[#This Row],[Sütun1]]) -> 42.38 | AJ67: =+(Tablo3[[#This Row],[Fiyat]]-Tablo3[[#This Row],[Hafta Başı]])/Tablo3[[#This Row],[Hafta Başı]] -> 0
B68: GLCVY | AG68: =SUM(C68:AF68) -> 0 | AH68: 50.1 | AI68: =SUMIFS(Tablo2[Son Fiyat],Tablo2[Şirket],Tablo3[[#This Row],[Sütun1]]) -> 50.1 | AJ68: =+(Tablo3[[#This Row],[Fiyat]]-Tablo3[[#This Row],[Hafta Başı]])/Tablo3[[#This Row],[Hafta Başı]] -> 0
B69: GLRYH | AG69: =SUM(C69:AF69) -> 0 | AH69: 3.24 | AI69: =SUMIFS(Tablo2[Son Fiyat],Tablo2[Şirket],Tablo3[[#This Row],[Sütun1]]) -> 3.24 | AJ69: =+(Tablo3[[#This Row],[Fiyat]]-Tablo3[[#This Row],[Hafta Başı]])/Tablo3[[#This Row],[Hafta Başı]] -> 0
B70: GLYHO | AG70: =SUM(C70:AF70) -> 0 | AH70: 17.6 | AI70: =SUMIFS(Tablo2[Son Fiyat],Tablo2[Şirket],Tablo3[[#This Row],[Sütun1]]) -> 17.6 | AJ70: =+(Tablo3[[#This Row],[Fiyat]]-Tablo3[[#This Row],[Hafta Başı]])/Tablo3[[#This Row],[Hafta Başı]] -> 0
B71: GRSEL | AG71: =SUM(C71:AF71) -> 0 | AH71: 193.5 | AI71: =SUMIFS(Tablo2[Son Fiyat],Tablo2[Şirket],Tablo3[[#This Row],[Sütun1]]) -> 193.5 | AJ71: =+(Tablo3[[#This Row],[Fiyat]]-Tablo3[[#This Row],[Hafta Başı]])/Tablo3[[#This Row],[Hafta Başı]] -> 0
B72: GRTHO | AG72: =SUM(C72:AF72) -> 0 | AH72: 158.6 | AI72: =SUMIFS(Tablo2[Son Fiyat],Tablo2[Şirket],Tablo3[[#This Row],[Sütun1]]) -> 158.6 | AJ72: =+(Tablo3[[#This Row],[Fiyat]]-Tablo3[[#This Row],[Hafta Başı]])/Tablo3[[#This Row],[Hafta Başı]] -> 0
B73: GZNMI | AG73: =SUM(C73:AF73) -> 0 | AH73: 71.3 | AI73: =SUMIFS(Tablo2[Son Fiyat],Tablo2[Şirket],Tablo3[[#This Row],[Sütun1]]) -> 71.3 | AJ73: =+(Tablo3[[#This Row],[Fiyat]]-Tablo3[[#This Row],[Hafta Başı]])/Tablo3[[#This Row],[Hafta Başı]] -> 0
B74: HALKB | V74: 1 | AG74: =SUM(C74:AF74) -> 1 | AH74: 20.38 | AI74: =SUMIFS(Tablo2[Son Fiyat],Tablo2[Şirket],Tablo3[[#This Row],[Sütun1]]) -> 20.38 | AJ74: =+(Tablo3[[#This Row],[Fiyat]]-Tablo3[[#This Row],[Hafta Başı]])/Tablo3[[#This Row],[Hafta Başı]] -> 0
B75: HATSN | AG75: =SUM(C75:AF75) -> 0 | AH75: 43.44 | AI75: =SUMIFS(Tablo2[Son Fiyat],Tablo2[Şirket],Tablo3[[#This Row],[Sütun1]]) -> 43.44 | AJ75: =+(Tablo3[[#This Row],[Fiyat]]-Tablo3[[#This Row],[Hafta Başı]])/Tablo3[[#This Row],[Hafta Başı]] -> 0
B76: HDFGS | AG76: =SUM(C76:AF76) -> 0 | AH76: 1.54 | AI76: =SUMIFS(Tablo2[Son Fiyat],Tablo2[Şirket],Tablo3[[#This Row],[Sütun1]]) -> 1.54 | AJ76: =+(Tablo3[[#This Row],[Fiyat]]-Tablo3[[#This Row],[Hafta Başı]])/Tablo3[[#This Row],[Hafta Başı]] -> 0
B77: HEKTS | AG77: =SUM(C77:AF77) -> 0 | AH77: 3.61 | AI77: =SUMIFS(Tablo2[Son Fiyat],Tablo2[Şirket],Tablo3[[#This Row],[Sütun1]]) -> 3.61 | AJ77: =+(Tablo3[[#This Row],[Fiyat]]-Tablo3[[#This Row],[Hafta Başı]])/Tablo3[[#This Row],[Hafta Başı]] -> 0
B78: HKTM | AG78: =SUM(C78:AF78) -> 0 | AH78: 17.46 | AI78: =SUMIFS(Tablo2[Son Fiyat],Tablo2[Şirket],Tablo3[[#This Row],[Sütun1]]) -> 17.46 | AJ78: =+(Tablo3[[#This Row],[Fiyat]]-Tablo3[[#This Row],[Hafta Başı]])/Tablo3[[#This Row],[Hafta Başı]] -> 0
B79: HURGZ | AG79: =SUM(C79:AF79) -> 0 | AH79: 4.64 | AI79: =SUMIFS(Tablo2[Son Fiyat],Tablo2[Şirket],Tablo3[[#This Row],[Sütun1]]) -> 4.64 | AJ79: =+(Tablo3[[#This Row],[Fiyat]]-Tablo3[[#This Row],[Hafta Başı]])/Tablo3[[#This Row],[Hafta Başı]] -> 0
B80: IHAAS | AG80: =SUM(C80:AF80) -> 0 | AH80: 19.1 | AI80: =SUMIFS(Tablo2[Son Fiyat],Tablo2[Şirket],Tablo3[[#This Row],[Sütun1]]) -> 19.1 | AJ80: =+(Tablo3[[#This Row],[Fiyat]]-Tablo3[[#This Row],[Hafta Başı]])/Tablo3[[#This Row],[Hafta Başı]] -> 0
B81: IHLAS | AG81: =SUM(C81:AF81) -> 0 | AH81: 2.91 | AI81: =SUMIFS(Tablo2[Son Fiyat],Tablo2[Şirket],Tablo3[[#This Row],[Sütun1]]) -> 2.91 | AJ81: =+(Tablo3[[#This Row],[Fiyat]]-Tablo3[[#This Row],[Hafta Başı]])/Tablo3[[#This Row],[Hafta Başı]] -> 0
B82: INDES | AG82: =SUM(C82:AF82) -> 0 | AH82: 7.68 | AI82: =SUMIFS(Tablo2[Son Fiyat],Tablo2[Şirket],Tablo3[[#This Row],[Sütun1]]) -> 7.68 | AJ82: =+(Tablo3[[#This Row],[Fiyat]]-Tablo3[[#This Row],[Hafta Başı]])/Tablo3[[#This Row],[Hafta Başı]] -> 0
B83: INFO | AG83: =SUM(C83:AF83) -> 0 | AH83: 2.48 | AI83: =SUMIFS(Tablo2[Son Fiyat],Tablo2[Şirket],Tablo3[[#This Row],[Sütun1]]) -> 2.48 | AJ83: =+(Tablo3[[#This Row],[Fiyat]]-Tablo3[[#This Row],[Hafta Başı]])/Tablo3[[#This Row],[Hafta Başı]] -> 0
B84: INGRM | AG84: =SUM(C84:AF84) -> 0 | AH84: 417.25 | AI84: =SUMIFS(Tablo2[Son Fiyat],Tablo2[Şirket],Tablo3[[#This Row],[Sütun1]]) -> 417.25 | AJ84: =+(Tablo3[[#This Row],[Fiyat]]-Tablo3[[#This Row],[Hafta Başı]])/Tablo3[[#This Row],[Hafta Başı]] -> 0
B85: INVEO | AG85: =SUM(C85:AF85) -> 0 | AH85: 7.18 | AI85: =SUMIFS(Tablo2[Son Fiyat],Tablo2[Şirket],Tablo3[[#This Row],[Sütun1]]) -> 7.18 | AJ85: =+(Tablo3[[#This Row],[Fiyat]]-Tablo3[[#This Row],[Hafta Başı]])/Tablo3[[#This Row],[Hafta Başı]] -> 0
B86: INVES | M86: 1 | AF86: 1 | AG86: =SUM(C86:AF86) -> 2 | AH86: 211 | AI86: =SUMIFS(Tablo2[Son Fiyat],Tablo2[Şirket],Tablo3[[#This Row],[Sütun1]]) -> 211 | AJ86: =+(Tablo3[[#This Row],[Fiyat]]-Tablo3[[#This Row],[Hafta Başı]])/Tablo3[[#This Row],[Hafta Başı]] -> 0
B87: IPEKE | AG87: =SUM(C87:AF87) -> 0 | AH87: 55.55 | AI87: =SUMIFS(Tablo2[Son Fiyat],Tablo2[Şirket],Tablo3[[#This Row],[Sütun1]]) -> 55.55 | AJ87: =+(Tablo3[[#This Row],[Fiyat]]-Tablo3[[#This Row],[Hafta Başı]])/Tablo3[[#This Row],[Hafta Başı]] -> 0
B88: ISKPL | AG88: =SUM(C88:AF88) -> 0 | AH88: 20.1 | AI88: =SUMIFS(Tablo2[Son Fiyat],Tablo2[Şirket],Tablo3[[#This Row],[Sütun1]]) -> 20.1 | AJ88: =+(Tablo3[[#This Row],[Fiyat]]-Tablo3[[#This Row],[Hafta Başı]])/Tablo3[[#This Row],[Hafta Başı]] -> 0
B89: IZENR | J89: 1 | AG89: =SUM(C89:AF89) -> 1 | AH89: 4.44 | AI89: =SUMIFS(Tablo2[Son Fiyat],Tablo2[Şirket],Tablo3[[#This Row],[Sütun1]]) -> 4.44 | AJ89: =+(Tablo3[[#This Row],[Fiyat]]-Tablo3[[#This Row],[Hafta Başı]])/Tablo3[[#This Row],[Hafta Başı]] -> 0
B90: KARSN | AG90: =SUM(C90:AF90) -> 0 | AH90: 12.04 | AI90: =SUMIFS(Tablo2[Son Fiyat],Tablo2[Şirket],Tablo3[[#This Row],[Sütun1]]) -> 12.04 | AJ90: =+(Tablo3[[#This Row],[Fiyat]]-Tablo3[[#This Row],[Hafta Başı]])/Tablo3[[#This Row],[Hafta Başı]] -> 0
B91: KGYO | AG91: =SUM(C91:AF91) -> 0 | AH91: 42.88 | AI91: =SUMIFS(Tablo2[Son Fiyat],Tablo2[Şirket],Tablo3[[#This Row],[Sütun1]]) -> 42.88 | AJ91: =+(Tablo3[[#This Row],[Fiyat]]-Tablo3[[#This Row],[Hafta Başı]])/Tablo3[[#This Row],[Hafta Başı]] -> 0
B92: KLRHO | Z92: 1 | AG92: =SUM(C92:AF92) -> 1 | AH92: 29.04 | AI92: =SUMIFS(Tablo2[Son Fiyat],Tablo2[Şirket],Tablo3[[#This Row],[Sütun1]]) -> 29.04 | AJ92: =+(Tablo3[[#This Row],[Fiyat]]-Tablo3[[#This Row],[Hafta Başı]])/Tablo3[[#This Row],[Hafta Başı]] -> 0
B93: KLSER | AG93: =SUM(C93:AF93) -> 0 | AH93: 34.02 | AI93: =SUMIFS(Tablo2[Son Fiyat],Tablo2[Şirket],Tablo3[[#This Row],[Sütun1]]) -> 34.02 | AJ93: =+(Tablo3[[#This Row],[Fiyat]]-Tablo3[[#This Row],[Hafta Başı]])/Tablo3[[#This Row],[Hafta Başı]] -> 0
B94: KONKA | C94: 1 | P94: 1 | AG94: =SUM(C94:AF94) -> 2 | AH94: 40.22 | AI94: =SUMIFS(Tablo2[Son Fiyat],Tablo2[Şirket],Tablo3[[#This Row],[Sütun1]]) -> 40.22 | AJ94: =+(Tablo3[[#This Row],[Fiyat]]-Tablo3[[#This Row],[Hafta Başı]])/Tablo3[[#This Row],[Hafta Başı]] -> 0
B95: KONTR | AG95: =SUM(C95:AF95) -> 0 | AH95: 35.86 | AI95: =SUMIFS(Tablo2[Son Fiyat],Tablo2[Şirket],Tablo3[[#This Row],[Sütun1]]) -> 35.86 | AJ95: =+(Tablo3[[#This Row],[Fiyat]]-Tablo3[[#This Row],[Hafta Başı]])/Tablo3[[#This Row],[Hafta Başı]] -> 0
B96: KRDMB | O96: 1 | AA96: 1 | AG96: =SUM(C96:AF96) -> 2 | AH96: 24.5 | AI96: =SUMIFS(Tablo2[Son Fiyat],Tablo2[Şirket],Tablo3[[#This Row],[Sütun1]]) -> 24.5 | AJ96: =+(Tablo3[[#This Row],[Fiyat]]-Tablo3[[#This Row],[Hafta Başı]])/Tablo3[[#This Row],[Hafta Başı]] -> 0
B97: KRGYO | AG97: =SUM(C97:AF97) -> 0 | AH97: 9.5 | AI97: =SUMIFS(Tablo2[Son Fiyat],Tablo2[Şirket],Tablo3[[#This Row],[Sütun1]]) -> 9.5 | AJ97: =+(Tablo3[[#This Row],[Fiyat]]-Tablo3[[#This Row],[Hafta Başı]])/Tablo3[[#This Row],[Hafta Başı]] -> 0
B98: KRSTL | AG98: =SUM(C98:AF98) -> 0 | AH98: 5.8 | AI98: =SUMIFS(Tablo2[Son Fiyat],Tablo2[Şirket],Tablo3[[#This Row],[Sütun1]]) -> 5.8 | AJ98: =+(Tablo3[[#This Row],[Fiyat]]-Tablo3[[#This Row],[Hafta Başı]])/Tablo3[[#This Row],[Hafta Başı]] -> 0
B99: KRTEK | AG99: =SUM(C99:AF99) -> 0 | AH99: 32 | AI99: =SUMIFS(Tablo2[Son Fiyat],Tablo2[Şirket],Tablo3[[#This Row],[Sütun1]]) -> 32 | AJ99: =+(Tablo3[[#This Row],[Fiyat]]-Tablo3[[#This Row],[Hafta Başı]])/Tablo3[[#This Row],[Hafta Başı]] -> 0
B100: LIDER | N100: 1 | AG100: =SUM(C100:AF100) -> 1 | AH100: 154 | AI100: =SUMIFS(Tablo2[Son Fiyat],Tablo2[Şirket],Tablo3[[#This Row],[Sütun1]]) -> 154 | AJ100: =+(Tablo3[[#This Row],[Fiyat]]-Tablo3[[#This Row],[Hafta Başı]])/Tablo3[[#This Row],[Hafta Başı]] -> 0
...
