Workbook

Sheet İcmal
B2: HİSSE | C2: ADET | D2: MALİYET | E2: FİYAT | F2: GÜNCEL TUTAT | G2: KAR/ZARAR
B3: AAPL | C3: =+AAPL!C1 -> 0 | D3: =+AAPL!F1 | E3: 41.66 | F3: =E3*C3 -> 0 | G3: =+AAPL!G1 -> 45.06 | I3: Toplam Yatırım | K3: =50600-15000 -> 35600
B4: ADD | C4: =+ADD!C1 -> 0 | D4: =+ADD!F1 | E4: 70.15 | F4: =E4*C4 -> 0 | G4: =+ADD!G1 -> 1.55 | I4: Anlık Değer | K4: =SUM(Tablo2[GÜNCEL TUTAT]) -> 19918.894
B5: AMD | C5: =+AMD!C1 -> 10 | D5: =+AMD!F1 -> 125.848 | E5: 205.13 | F5: =E5*C5 -> 2051.3 | G5: =+AMD!G1 -> 792.82 | I5: Nakit | K5: 20198.03
B6: AMTX | C6: =+AMTX!C1 -> 0 | D6: =+AMTX!F1 | E6: 52.4 | F6: =E6*C6 -> 0 | G6: =+AMTX!G1 -> -74 | I6: Kar | K6: =+K4+K5-K3 -> 4516.9241
B7: AMZN | C7: =+AMZN!C1 -> 0 | D7: =+AMZN!F1 | E7: 51.2 | F7: =E7*C7 -> 0 | G7: =+AMZN!G1 -> 19.63
B8: ASAP | C8: =+ASAP!C1 -> 0 | D8: =+ASAP!F1 | E8: 0.08 | F8: =E8*C8 -> 0 | G8: =+ASAP!G1 -> -24.828
B9: BBIO | C9: =+BBIO!C1 -> 156 | D9: =+BBIO!F1 -> 30.131026 | E9: 29.6 | F9: =E9*C9 -> 4617.6 | G9: =+BBIO!G1 -> -82.84 | I9: USD
B10: BKCH | C10: =+BKCH!C1 -> 40 | D10: =+BKCH!F1 -> 36.03775 | E10: 44.12 | F10: =E10*C10 -> 1764.8 | G10: =+BKCH!G1 -> 323.29 | I10: TL
B11: CAH | C11: =+CAH!C1 -> 0.75 | D11: =+CAH!F1 -> -67.55 | E11: 112.92 | F11: =E11*C11 -> 84.69 | G11: =+CAH!G1 -> 135.3525 | I11: MIDAS
B12: CLM | C12: =+CLM!C1 -> 0 | D12: =+CLM!F1 | E12: 142.1 | F12: =E12*C12 -> 0 | G12: =+CLM!G1 -> 9.95
B13: COIN | C13: =+COIN!C1 -> 5 | D13: =+COIN!F1 -> -161.41375 | E13: 216.77 | F13: =E13*C13 -> 1083.85 | G13: =+COIN!G1 -> 1890.9187
B14: FANG | C14: =+FANG!C1 -> 0 | D14: =+FANG!F1 | E14: 325 | F14: =E14*C14 -> 0 | G14: =+FANG!G1 -> 2
B15: FNGS | C15: =+FNGS!C1 -> 15 | D15: =+FNGS!F1 -> 38.043333 | E15: 42.21 | F15: =E15*C15 -> 633.15 | G15: =+FNGS!G1 -> 62.5
B16: FORD | C16: =+FORD!C1 -> 0 | D16: =+FORD!F1 | E16: 271.25 | F16: =E16*C16 -> 0 | G16: =+FORD!G1 -> 10.35
B17: GDRX | C17: =+GDRX!C1 -> 0 | D17: =+GDRX!F1 | F17: =E17*C17 -> 0 | G17: =+GDRX!$G$1 -> -2.2
B18: GE | C18: =+GE!$C$1 -> 2 | D18: =+GE!$F$1 -> 80.6 | E18: 157.86 | F18: =E18*C18 -> 315.72 | G18: =+GE!$G$1 -> 154.52
B19: GNLN | C19: =+GNLN!$C$1 -> 0 | D19: =+GNLN!$F$1 | F19: =E19*C19 -> 0 | G19: =+GNLN!$G$1 -> 3.25
B20: GOOGL | C20: =+GOOGL!$C$1 -> 28 | D20: =+GOOGL!$F$1 -> 148.55679 | E20: 132.67 | F20: =E20*C20 -> 3714.76 | G20: =+GOOGL!$G$1 -> -444.83
B21: JEPI | C21: =+JEPI!$C$1 -> 0 | D21: =+JEPI!$F$1 | E21: 56.77 | F21: =E21*C21 -> 0 | G21: =+JEPI!$G$1 -> 15.54
B22: HEPS | C22: =+HEPS!$C$1 -> 1 | D22: =+HEPS!$F$1 -> -0.451 | E22: 1.45 | F22: =E22*C22 -> 1.45 | G22: =+HEPS!$G$1 -> 1.901
B23: KHC | C23: =+KHC!$C$1 -> 0 | D23: =+KHC!$F$1 | F23: =E23*C23 -> 0 | G23: =+KHC!$G$1 -> 5.31
B24: MDT | C24: =+MDT!$C$1 -> 0 | D24: =+MDT!$F$1 | F24: =E24*C24 -> 0 | G24: =+MDT!$G$1 -> 22.46
B25: NAMS | C25: =+NAMS!$C$1 -> 0 | D25: =+NAMS!$F$1 | F25: =E25*C25 -> 0 | G25: =+NAMS!$G$1 -> 20.55
B26: NIO | C26: =+NIO!$C$1 -> 55 | D26: =+NIO!$F$1 -> 6.2981818 | E26: 5.48 | F26: =E26*C26 -> 301.4 | G26: =+NIO!$G$1 -> -45
B27: NKLA | C27: =+NKLA!$C$1 -> 313 | D27: =+NKLA!$F$1 -> 0.76578275 | E27: 0.6757 | F27: =E27*C27 -> 211.4941 | G27: =+NKLA!$G$1 -> -28.1959
B28: NVDA | C28: =+NVDA!$C$1 -> 1 | D28: =+NVDA!$F$1 -> -694.43 | E28: 859.64 | F28: =E28*C28 -> 859.64 | G28: =+NVDA!$G$1 -> 1554.07
B29: ORCL | C29: =+ORCL!$C$1 -> 0 | D29: =+ORCL!$F$1 | F29: =E29*C29 -> 0 | G29: =+ORCL!$G$1 -> 16.53
B30: PTRCY | C30: =+PTRCY!$C$1 -> 0 | D30: =+PTRCY!$F$1 | F30: =E30*C30 -> 0 | G30: =+PTRCY!$G$1 -> 2
B31: SCDH | C31: =+SCDH!$C$1 -> 8 | D31: =+SCDH!$F$1 -> 75.91125 | E31: 78.12 | F31: =E31*C31 -> 624.96 | G31: =+SCDH!$G$1 -> 17.67
B32: SPYI | C32: =+SPYI!$C$1 -> 11 | D32: =+SPYI!$F$1 -> 48.957273 | E32: 49.58 | F32: =E32*C32 -> 545.38 | G32: =+SPYI!$G$1 -> 6.85
B33: SQ | C33: =+SQ!$C$1 -> 0 | D33: =+SQ!$F$1 | F33: =E33*C33 -> 0 | G33: =+SQ!$G$1 -> -34.5
B34: TSLA | C34: =+TSLA!$C$1 -> 5 | D34: =+TSLA!$F$1 -> 219.012 | E34: 180.74 | F34: =E34*C34 -> 903.7 | G34: =+TSLA!$G$1 -> -191.36
B35: TUR | C35: =+TUR!$C$1 -> 25 | D35: =+TUR!$F$1 -> 35.52 | E35: 35.84 | F35: =E35*C35 -> 896 | G35: =+TUR!$G$1 -> 8
B36: UAL | C36: =+UAL!$C$1 -> 0 | D36: =+UAL!$F$1 | F36: =E36*C36 -> 0 | G36: =+UAL!$G$1 -> 4.74
B37: UPS | C37: =+UPS!$C$1 -> 2 | D37: =+UPS!$F$1 -> 181.1 | E37: 149.66 | F37: =E37*C37 -> 299.32 | G37: =+UPS!$G$1 -> -62.88
B38: VIG | C38: =+VIG!$C$1 -> 0 | D38: =+VIG!$F$1 | E38: 177.73 | F38: =E38*C38 -> 0 | G38: =+VIG!$G$1 -> 28.02
B39: VUG | C39: =+VUG!$C$1 -> 3 | D39: =+VUG!$F$1 -> 328.35667 | E39: 336.56 | F39: =E39*C39 -> 1009.68 | G39: =+VUG!$G$1 -> 24.61

Sheet AAPL
B1: ANA SAYFA | C1: =SUMIF(Tablo1[KAR],"Açık",Tablo1[ADET]) -> 0 | E1: =C1*D1 -> 0 | F1: =IFERROR(((SUM(Tablo1[ALIŞ TUTAR])-SUM(Tablo1[SATIŞ TUTAR]))/C1),"") | G1: =IF(M3=0,L3,C1*(D1-F1)) -> 45.06 | J1: 0.02 | L1: =M1*(1-$J$1) -> #VALUE! | M1: =F1 | N1: =M1*(1+$J$1) -> #VALUE! | P1: =Q1*(1-$J$1) -> 0 | Q1: =+D1 -> 0 | R1: =Q1*(1+$J$1) -> 0
B3: TARİH | C3: ADET | D3: ALIŞ | E3: SATIŞ | F3: KAR | G3: ALIŞ TUTAR | H3: SATIŞ TUTAR | L3: =SUM(Tablo1[KAR]) -> 45.06 | M3: =C1 -> 0
B4: 44725 | C4: 2 | D4: 135.02 | E4: 142.5 | F4: =IF(Tablo1[[#This Row],[SATIŞ]]=0,"Açık",(E4-D4)*C4-3) -> 11.96 | G4: =IF(Tablo1[[#This Row],[ALIŞ]]>0,Tablo1[[#This Row],[ADET]]*Tablo1[[#This Row],[ALIŞ]]+1.5,0) -> 271.54 | H4: =IF(Tablo1[[#This Row],[SATIŞ]]>0,(Tablo1[[#This Row],[ADET]]*Tablo1[[#This Row],[SATIŞ]]-1.5),0) -> 283.5
B5: 45487 | C5: 3 | D5: 145 | E5: 148 | F5: =IF(Tablo1[[#This Row],[SATIŞ]]=0,"Açık",(E5-D5)*C5-3) -> 6 | G5: =IF(Tablo1[[#This Row],[ALIŞ]]>0,Tablo1[[#This Row],[ADET]]*Tablo1[[#This Row],[ALIŞ]]+1.5,0) -> 436.5 | H5: =IF(Tablo1[[#This Row],[SATIŞ]]>0,(Tablo1[[#This Row],[ADET]]*Tablo1[[#This Row],[SATIŞ]]-1.5),0) -> 442.5
B6: 44760 | C6: 4 | D6: 149.5 | E6: 150.5 | F6: =IF(Tablo1[[#This Row],[SATIŞ]]=0,"Açık",(E6-D6)*C6-3) -> 1 | G6: =IF(Tablo1[[#This Row],[ALIŞ]]>0,Tablo1[[#This Row],[ADET]]*Tablo1[[#This Row],[ALIŞ]]+1.5,0) -> 599.5 | H6: =IF(Tablo1[[#This Row],[SATIŞ]]>0,(Tablo1[[#This Row],[ADET]]*Tablo1[[#This Row],[SATIŞ]]-1.5),0) -> 600.5
B7: 44770 | C7: 3 | D7: 155 | E7: 159 | F7: =IF(Tablo1[[#This Row],[SATIŞ]]=0,"Açık",(E7-D7)*C7-3) -> 9 | G7: =IF(Tablo1[[#This Row],[ALIŞ]]>0,Tablo1[[#This Row],[ADET]]*Tablo1[[#This Row],[ALIŞ]]+1.5,0) -> 466.5 | H7: =IF(Tablo1[[#This Row],[SATIŞ]]>0,(Tablo1[[#This Row],[ADET]]*Tablo1[[#This Row],[SATIŞ]]-1.5),0) -> 475.5
B8: 44774 | C8: 3 | D8: 161.5 | E8: 162.5 | F8: =IF(Tablo1[[#This Row],[SATIŞ]]=0,"Açık",(E8-D8)*C8-3) -> 0 | G8: =IF(Tablo1[[#This Row],[ALIŞ]]>0,Tablo1[[#This Row],[ADET]]*Tablo1[[#This Row],[ALIŞ]]+1.5,0) -> 486 | H8: =IF(Tablo1[[#This Row],[SATIŞ]]>0,(Tablo1[[#This Row],[ADET]]*Tablo1[[#This Row],[SATIŞ]]-1.5),0) -> 486
B9: 44789 | C9: 6 | D9: 172 | E9: 174.5 | F9: =IF(Tablo1[[#This Row],[SATIŞ]]=0,"Açık",(E9-D9)*C9-3) -> 12 | G9: =IF(Tablo1[[#This Row],[ALIŞ]]>0,Tablo1[[#This Row],[ADET]]*Tablo1[[#This Row],[ALIŞ]]+1.5,0) -> 1033.5 | H9: =IF(Tablo1[[#This Row],[SATIŞ]]>0,(Tablo1[[#This Row],[ADET]]*Tablo1[[#This Row],[SATIŞ]]-1.5),0) -> 1045.5
B10: 45063 | C10: 2 | D10: 170.95 | E10: 175 | F10: =IF(Tablo1[[#This Row],[SATIŞ]]=0,"Açık",(E10-D10)*C10-3) -> 5.1 | G10: =IF(Tablo1[[#This Row],[ALIŞ]]>0,Tablo1[[#This Row],[ADET]]*Tablo1[[#This Row],[ALIŞ]]+1.5,0) -> 343.4 | H10: =IF(Tablo1[[#This Row],[SATIŞ]]>0,(Tablo1[[#This Row],[ADET]]*Tablo1[[#This Row],[SATIŞ]]-1.5),0) -> 348.5
F11: =IF(Tablo1[[#This Row],[SATIŞ]]=0,"Açık",(E11-D11)*C11-3) -> Açık | G11: =IF(Tablo1[[#This Row],[ALIŞ]]>0,Tablo1[[#This Row],[ADET]]*Tablo1[[#This Row],[ALIŞ]]+1.5,0) -> 0 | H11: =IF(Tablo1[[#This Row],[SATIŞ]]>0,(Tablo1[[#This Row],[ADET]]*Tablo1[[#This Row],[SATIŞ]]-1.5),0) -> 0 | J11: =+Tablo1[[#This Row],[ALIŞ]]*1.02 -> 0
F12: =IF(Tablo1[[#This Row],[SATIŞ]]=0,"Açık",(E12-D12)*C12-3) -> Açık | G12: =IF(Tablo1[[#This Row],[ALIŞ]]>0,Tablo1[[#This Row],[ADET]]*Tablo1[[#This Row],[ALIŞ]]+1.5,0) -> 0 | H12: =IF(Tablo1[[#This Row],[SATIŞ]]>0,(Tablo1[[#This Row],[ADET]]*Tablo1[[#This Row],[SATIŞ]]-1.5),0) -> 0
F13: =IF(Tablo1[[#This Row],[SATIŞ]]=0,"Açık",(E13-D13)*C13-3) -> Açık | G13: =IF(Tablo1[[#This Row],[ALIŞ]]>0,Tablo1[[#This Row],[ADET]]*Tablo1[[#This Row],[ALIŞ]]+1.5,0) -> 0 | H13: =IF(Tablo1[[#This Row],[SATIŞ]]>0,(Tablo1[[#This Row],[ADET]]*Tablo1[[#This Row],[SATIŞ]]-1.5),0) -> 0
F14: =IF(Tablo1[[#This Row],[SATIŞ]]=0,"Açık",(E14-D14)*C14-3) -> Açık | G14: =IF(Tablo1[[#This Row],[ALIŞ]]>0,Tablo1[[#This Row],[ADET]]*Tablo1[[#This Row],[ALIŞ]]+1.5,0) -> 0 | H14: =IF(Tablo1[[#This Row],[SATIŞ]]>0,(Tablo1[[#This Row],[ADET]]*Tablo1[[#This Row],[SATIŞ]]-1.5),0) -> 0
F15: =IF(Tablo1[[#This Row],[SATIŞ]]=0,"Açık",(E15-D15)*C15-3) -> Açık | G15: =IF(Tablo1[[#This Row],[ALIŞ]]>0,Tablo1[[#This Row],[ADET]]*Tablo1[[#This Row],[ALIŞ]]+1.5,0) -> 0 | H15: =IF(Tablo1[[#This Row],[SATIŞ]]>0,(Tablo1[[#This Row],[ADET]]*Tablo1[[#This Row],[SATIŞ]]-1.5),0) -> 0
F16: =IF(Tablo1[[#This Row],[SATIŞ]]=0,"Açık",(E16-D16)*C16-3) -> Açık | G16: =IF(Tablo1[[#This Row],[ALIŞ]]>0,Tablo1[[#This Row],[ADET]]*Tablo1[[#This Row],[ALIŞ]]+1.5,0) -> 0 | H16: =IF(Tablo1[[#This Row],[SATIŞ]]>0,(Tablo1[[#This Row],[ADET]]*Tablo1[[#This Row],[SATIŞ]]-1.5),0) -> 0
F17: =IF(Tablo1[[#This Row],[SATIŞ]]=0,"Açık",(E17-D17)*C17-3) -> Açık | G17: =IF(Tablo1[[#This Row],[ALIŞ]]>0,Tablo1[[#This Row],[ADET]]*Tablo1[[#This Row],[ALIŞ]]+1.5,0) -> 0 | H17: =IF(Tablo1[[#This Row],[SATIŞ]]>0,(Tablo1[[#This Row],[ADET]]*Tablo1[[#This Row],[SATIŞ]]-1.5),0) -> 0
F18: =IF(Tablo1[[#This Row],[SATIŞ]]=0,"Açık",(E18-D18)*C18-3) -> Açık | G18: =IF(Tablo1[[#This Row],[ALIŞ]]>0,Tablo1[[#This Row],[ADET]]*Tablo1[[#This Row],[ALIŞ]]+1.5,0) -> 0 | H18: =IF(Tablo1[[#This Row],[SATIŞ]]>0,(Tablo1[[#This Row],[ADET]]*Tablo1[[#This Row],[SATIŞ]]-1.5),0) -> 0
F19: =IF(Tablo1[[#This Row],[SATIŞ]]=0,"Açık",(E19-D19)*C19-3) -> Açık | G19: =IF(Tablo1[[#This Row],[ALIŞ]]>0,Tablo1[[#This Row],[ADET]]*Tablo1[[#This Row],[ALIŞ]]+1.5,0) -> 0 | H19: =IF(Tablo1[[#This Row],[SATIŞ]]>0,(Tablo1[[#This Row],[ADET]]*Tablo1[[#This Row],[SATIŞ]]-1.5),0) -> 0
F20: =IF(Tablo1[[#This Row],[SATIŞ]]=0,"Açık",(E20-D20)*C20-3) -> Açık | G20: =IF(Tablo1[[#This Row],[ALIŞ]]>0,Tablo1[[#This Row],[ADET]]*Tablo1[[#This Row],[ALIŞ]]+1.5,0) -> 0 | H20: =IF(Tablo1[[#This Row],[SATIŞ]]>0,(Tablo1[[#This Row],[ADET]]*Tablo1[[#This Row],[SATIŞ]]-1.5),0) -> 0
F21: =IF(Tablo1[[#This Row],[SATIŞ]]=0,"Açık",(E21-D21)*C21-3) -> Açık | G21: =IF(Tablo1[[#This Row],[ALIŞ]]>0,Tablo1[[#This Row],[ADET]]*Tablo1[[#This Row],[ALIŞ]]+1.5,0) -> 0 | H21: =IF(Tablo1[[#This Row],[SATIŞ]]>0,(Tablo1[[#This Row],[ADET]]*Tablo1[[#This Row],[SATIŞ]]-1.5),0) -> 0
F22: =IF(Tablo1[[#This Row],[SATIŞ]]=0,"Açık",(E22-D22)*C22-3) -> Açık | G22: =IF(Tablo1[[#This Row],[ALIŞ]]>0,Tablo1[[#This Row],[ADET]]*Tablo1[[#This Row],[ALIŞ]]+1.5,0) -> 0 | H22: =IF(Tablo1[[#This Row],[SATIŞ]]>0,(Tablo1[[#This Row],[ADET]]*Tablo1[[#This Row],[SATIŞ]]-1.5),0) -> 0
F23: =IF(Tablo1[[#This Row],[SATIŞ]]=0,"Açık",(E23-D23)*C23-3) -> Açık | G23: =IF(Tablo1[[#This Row],[ALIŞ]]>0,Tablo1[[#This Row],[ADET]]*Tablo1[[#This Row],[ALIŞ]]+1.5,0) -> 0 | H23: =IF(Tablo1[[#This Row],[SATIŞ]]>0,(Tablo1[[#This Row],[ADET]]*Tablo1[[#This Row],[SATIŞ]]-1.5),0) -> 0
... F27: =IF(Tablo1[[#This Row],[SATIŞ]]=0,"Açık",(E27-D27)*C27-3) -> Açık | G27: =IF(Tablo1[[#This Row],[ALIŞ]]>0,Tablo1[[#This Row],[ADET]]*Tablo1[[#This Row],[ALIŞ]]+1.5,0) -> 0 | H27: =IF(Tablo1[[#This Row],[SATIŞ]]>0,(Tablo1[[#This Row],[ADET]]*Tablo1[[#This Row],[SATIŞ]]-1.5),0) -> 0

Sheet ADD
B1: ANA SAYFA | C1: =SUMIF(Tablo13489[KAR],"Açık",Tablo13489[ADET]) -> 0 | E1: =C1*D1 -> 0 | F1: =IFERROR(((SUM(Tablo13489[ALIŞ TUTAR])-SUM(Tablo13489[SATIŞ TUTAR]))/C1),"") | G1: =IF(M3=0,L3,C1*(D1-F1)) -> 1.55 | J1: 0.02 | L1: =M1*(1-$J$1) -> #VALUE! | M1: =F1 | N1: =M1*(1+$J$1) -> #VALUE! | P1: =Q1*(1-$J$1) -> 0 | Q1: =+D1 -> 0 | R1: =Q1*(1+$J$1) -> 0
B3: TARİH | C3: ADET | D3: ALIŞ | E3: SATIŞ | F3: KAR | G3: ALIŞ TUTAR | H3: SATIŞ TUTAR | L3: =SUM(Tablo13489[KAR]) -> 1.55 | M3: =C1 -> 0
B4: 44743 | C4: 350 | D4: 0.12 | E4: 0.133 | F4: =IF(Tablo13489[[#This Row],[SATIŞ]]=0,"Açık",(E4-D4)*C4-3) -> 1.55 | G4: =IF(Tablo13489[[#This Row],[ALIŞ]]>0,Tablo13489[[#This Row],[ADET]]*Tablo13489[[#This Row],[ALIŞ]]+1.5,0) -> 43.5 | H4: =IF(Tablo13489[[#This Row],[SATIŞ]]>0,(Tablo13489[[#This Row],[ADET]]*Tablo13489[[#This Row],[SATIŞ]]-1.5),0) -> 45.05
F5: =IF(Tablo13489[[#This Row],[SATIŞ]]=0,"Açık",(E5-D5)*C5-3) -> Açık | G5: =IF(Tablo13489[[#This Row],[ALIŞ]]>0,Tablo13489[[#This Row],[ADET]]*Tablo13489[[#This Row],[ALIŞ]]+1.5,0) -> 0 | H5: =IF(Tablo13489[[#This Row],[SATIŞ]]>0,(Tablo13489[[#This Row],[ADET]]*Tablo13489[[#This Row],[SATIŞ]]-1.5),0) -> 0
F6: =IF(Tablo13489[[#This Row],[SATIŞ]]=0,"Açık",(E6-D6)*C6-3) -> Açık | G6: =IF(Tablo13489[[#This Row],[ALIŞ]]>0,Tablo13489[[#This Row],[ADET]]*Tablo13489[[#This Row],[ALIŞ]]+1.5,0) -> 0 | H6: =IF(Tablo13489[[#This Row],[SATIŞ]]>0,(Tablo13489[[#This Row],[ADET]]*Tablo13489[[#This Row],[SATIŞ]]-1.5),0) -> 0
F7: =IF(Tablo13489[[#This Row],[SATIŞ]]=0,"Açık",(E7-D7)*C7-3) -> Açık | G7: =IF(Tablo13489[[#This Row],[ALIŞ]]>0,Tablo13489[[#This Row],[ADET]]*Tablo13489[[#This Row],[ALIŞ]]+1.5,0) -> 0 | H7: =IF(Tablo13489[[#This Row],[SATIŞ]]>0,(Tablo13489[[#This Row],[ADET]]*Tablo13489[[#This Row],[SATIŞ]]-1.5),0) -> 0
F8: =IF(Tablo13489[[#This Row],[SATIŞ]]=0,"Açık",(E8-D8)*C8-3) -> Açık | G8: =IF(Tablo13489[[#This Row],[ALIŞ]]>0,Tablo13489[[#This Row],[ADET]]*Tablo13489[[#This Row],[ALIŞ]]+1.5,0) -> 0 | H8: =IF(Tablo13489[[#This Row],[SATIŞ]]>0,(Tablo13489[[#This Row],[ADET]]*Tablo13489[[#This Row],[SATIŞ]]-1.5),0) -> 0
F9: =IF(Tablo13489[[#This Row],[SATIŞ]]=0,"Açık",(E9-D9)*C9-3) -> Açık | G9: =IF(Tablo13489[[#This Row],[ALIŞ]]>0,Tablo13489[[#This Row],[ADET]]*Tablo13489[[#This Row],[ALIŞ]]+1.5,0) -> 0 | H9: =IF(Tablo13489[[#This Row],[SATIŞ]]>0,(Tablo13489[[#This Row],[ADET]]*Tablo13489[[#This Row],[SATIŞ]]-1.5),0) -> 0
F10: =IF(Tablo13489[[#This Row],[SATIŞ]]=0,"Açık",(E10-D10)*C10-3) -> Açık | G10: =IF(Tablo13489[[#This Row],[ALIŞ]]>0,Tablo13489[[#This Row],[ADET]]*Tablo13489[[#This Row],[ALIŞ]]+1.5,0) -> 0 | H10: =IF(Tablo13489[[#This Row],[SATIŞ]]>0,(Tablo13489[[#This Row],[ADET]]*Tablo13489[[#This Row],[SATIŞ]]-1.5),0) -> 0
F11: =IF(Tablo13489[[#This Row],[SATIŞ]]=0,"Açık",(E11-D11)*C11-3) -> Açık | G11: =IF(Tablo13489[[#This Row],[ALIŞ]]>0,Tablo13489[[#This Row],[ADET]]*Tablo13489[[#This Row],[ALIŞ]]+1.5,0) -> 0 | H11: =IF(Tablo13489[[#This Row],[SATIŞ]]>0,(Tablo13489[[#This Row],[ADET]]*Tablo13489[[#This Row],[SATIŞ]]-1.5),0) -> 0 | J11: =+Tablo13489[[#This Row],[ALIŞ]]*1.02 -> 0
F12: =IF(Tablo13489[[#This Row],[SATIŞ]]=0,"Açık",(E12-D12)*C12-3) -> Açık | G12: =IF(Tablo13489[[#This Row],[ALIŞ]]>0,Tablo13489[[#This Row],[ADET]]*Tablo13489[[#This Row],[ALIŞ]]+1.5,0) -> 0 | H12: =IF(Tablo13489[[#This Row],[SATIŞ]]>0,(Tablo13489[[#This Row],[ADET]]*Tablo13489[[#This Row],[SATIŞ]]-1.5),0) -> 0
F13: =IF(Tablo13489[[#This Row],[SATIŞ]]=0,"Açık",(E13-D13)*C13-3) -> Açık | G13: =IF(Tablo13489[[#This Row],[ALIŞ]]>0,Tablo13489[[#This Row],[ADET]]*Tablo13489[[#This Row],[ALIŞ]]+1.5,0) -> 0 | H13: =IF(Tablo13489[[#This Row],[SATIŞ]]>0,(Tablo13489[[#This Row],[ADET]]*Tablo13489[[#This Row],[SATIŞ]]-1.5),0) -> 0
F14: =IF(Tablo13489[[#This Row],[SATIŞ]]=0,"Açık",(E14-D14)*C14-3) -> Açık | G14: =IF(Tablo13489[[#This Row],[ALIŞ]]>0,Tablo13489[[#This Row],[ADET]]*Tablo13489[[#This Row],[ALIŞ]]+1.5,0) -> 0 | H14: =IF(Tablo13489[[#This Row],[SATIŞ]]>0,(Tablo13489[[#This Row],[ADET]]*Tablo13489[[#This Row],[SATIŞ]]-1.5),0) -> 0
F15: =IF(Tablo13489[[#This Row],[SATIŞ]]=0,"Açık",(E15-D15)*C15-3) -> Açık | G15: =IF(Tablo13489[[#This Row],[ALIŞ]]>0,Tablo13489[[#This Row],[ADET]]*Tablo13489[[#This Row],[ALIŞ]]+1.5,0) -> 0 | H15: =IF(Tablo13489[[#This Row],[SATIŞ]]>0,(Tablo13489[[#This Row],[ADET]]*Tablo13489[[#This Row],[SATIŞ]]-1.5),0) -> 0
F16: =IF(Tablo13489[[#This Row],[SATIŞ]]=0,"Açık",(E16-D16)*C16-3) -> Açık | G16: =IF(Tablo13489[[#This Row],[ALIŞ]]>0,Tablo13489[[#This Row],[ADET]]*Tablo13489[[#This Row],[ALIŞ]]+1.5,0) -> 0 | H16: =IF(Tablo13489[[#This Row],[SATIŞ]]>0,(Tablo13489[[#This Row],[ADET]]*Tablo13489[[#This Row],[SATIŞ]]-1.5),0) -> 0
F17: =IF(Tablo13489[[#This Row],[SATIŞ]]=0,"Açık",(E17-D17)*C17-3) -> Açık | G17: =IF(Tablo13489[[#This Row],[ALIŞ]]>0,Tablo13489[[#This Row],[ADET]]*Tablo13489[[#This Row],[ALIŞ]]+1.5,0) -> 0 | H17: =IF(Tablo13489[[#This Row],[SATIŞ]]>0,(Tablo13489[[#This Row],[ADET]]*Tablo13489[[#This Row],[SATIŞ]]-1.5),0) -> 0
F18: =IF(Tablo13489[[#This Row],[SATIŞ]]=0,"Açık",(E18-D18)*C18-3) -> Açık | G18: =IF(Tablo13489[[#This Row],[ALIŞ]]>0,Tablo13489[[#This Row],[ADET]]*Tablo13489[[#This Row],[ALIŞ]]+1.5,0) -> 0 | H18: =IF(Tablo13489[[#This Row],[SATIŞ]]>0,(Tablo13489[[#This Row],[ADET]]*Tablo13489[[#This Row],[SATIŞ]]-1.5),0) -> 0
F19: =IF(Tablo13489[[#This Row],[SATIŞ]]=0,"Açık",(E19-D19)*C19-3) -> Açık | G19: =IF(Tablo13489[[#This Row],[ALIŞ]]>0,Tablo13489[[#This Row],[ADET]]*Tablo13489[[#This Row],[ALIŞ]]+1.5,0) -> 0 | H19: =IF(Tablo13489[[#This Row],[SATIŞ]]>0,(Tablo13489[[#This Row],[ADET]]*Tablo13489[[#This Row],[SATIŞ]]-1.5),0) -> 0
F20: =IF(Tablo13489[[#This Row],[SATIŞ]]=0,"Açık",(E20-D20)*C20-3) -> Açık | G20: =IF(Tablo13489[[#This Row],[ALIŞ]]>0,Tablo13489[[#This Row],[ADET]]*Tablo13489[[#This Row],[ALIŞ]]+1.5,0) -> 0 | H20: =IF(Tablo13489[[#This Row],[SATIŞ]]>0,(Tablo13489[[#This Row],[ADET]]*Tablo13489[[#This Row],[SATIŞ]]-1.5),0) -> 0
F21: =IF(Tablo13489[[#This Row],[SATIŞ]]=0,"Açık",(E21-D21)*C21-3) -> Açık | G21: =IF(Tablo13489[[#This Row],[ALIŞ]]>0,Tablo13489[[#This Row],[ADET]]*Tablo13489[[#This Row],[ALIŞ]]+1.5,0) -> 0 | H21: =IF(Tablo13489[[#This Row],[SATIŞ]]>0,(Tablo13489[[#This Row],[ADET]]*Tablo13489[[#This Row],[SATIŞ]]-1.5),0) -> 0
F22: =IF(Tablo13489[[#This Row],[SATIŞ]]=0,"Açık",(E22-D22)*C22-3) -> Açık | G22: =IF(Tablo13489[[#This Row],[ALIŞ]]>0,Tablo13489[[#This Row],[ADET]]*Tablo13489[[#This Row],[ALIŞ]]+1.5,0) -> 0 | H22: =IF(Tablo13489[[#This Row],[SATIŞ]]>0,(Tablo13489[[#This Row],[ADET]]*Tablo13489[[#This Row],[SATIŞ]]-1.5),0) -> 0
F23: =IF(Tablo13489[[#This Row],[SATIŞ]]=0,"Açık",(E23-D23)*C23-3) -> Açık | G23: =IF(Tablo13489[[#This Row],[ALIŞ]]>0,Tablo13489[[#This Row],[ADET]]*Tablo13489[[#This Row],[ALIŞ]]+1.5,0) -> 0 | H23: =IF(Tablo13489[[#This Row],[SATIŞ]]>0,(Tablo13489[[#This Row],[ADET]]*Tablo13489[[#This Row],[SATIŞ]]-1.5),0) -> 0
... F27: =IF(Tablo13489[[#This Row],[SATIŞ]]=0,"Açık",(E27-D27)*C27-3) -> Açık | G27: =IF(Tablo13489[[#This Row],[ALIŞ]]>0,Tablo13489[[#This Row],[ADET]]*Tablo13489[[#This Row],[ALIŞ]]+1.5,0) -> 0 | H27: =IF(Tablo13489[[#This Row],[SATIŞ]]>0,(Tablo13489[[#This Row],[ADET]]*Tablo13489[[#This Row],[SATIŞ]]-1.5),0) -> 0

Sheet AMD
B1: ANA SAYFA | C1: =SUMIF(Tablo134262728293031353637[KAR],"Açık",Tablo134262728293031353637[ADET]) -> 10 | D1: =+İcmal!E5 -> 205.13 | E1: =C1*D1 -> 2051.3 | F1: =IFERROR(((SUM(Tablo134262728293031353637[ALIŞ TUTAR])-SUM(Tablo134262728293031353637[SATIŞ TUTAR]))/C1),"") -> 125.848 | G1: =IF(M3=0,L3,C1*(D1-F1)) -> 792.82 | J1: 0.02 | L1: =M1*(1-$J$1) -> 123.33104 | M1: =F1 -> 125.848 | N1: =M1*(1+$J$1) -> 128.36496 | P1: =Q1*(1-$J$1) -> 201.0274 | Q1: =+D1 -> 205.13 | R1: =Q1*(1+$J$1) -> 209.2326
B3: TARİH | C3: ADET | D3: ALIŞ | E3: SATIŞ | F3: KAR | G3: ALIŞ TUTAR | H3: SATIŞ TUTAR | L3: =SUM(Tablo134262728293031353637[KAR]) -> 819.52 | M3: =C1 -> 10
B4: 45328 | C4: 4 | D4: 171.05 | E4: 176 | F4: =IF(Tablo134262728293031353637[[#This Row],[SATIŞ]]=0,"Açık",(E4-D4)*C4-3) -> 16.8 | G4: =IF(Tablo134262728293031353637[[#This Row],[ALIŞ]]>0,Tablo134262728293031353637[[#This Row],[ADET]]*Tablo134262728293031353637[[#This Row],[ALIŞ]]+1.5,0) -> 685.7 | H4: =IF(Tablo134262728293031353637[[#This Row],[SATIŞ]]>0,(Tablo134262728293031353637[[#This Row],[ADET]]*Tablo134262728293031353637[[#This Row],[SATIŞ]]-1.5),0) -> 702.5
B5: 45328 | C5: 6 | D5: 171.05 | E5: 166 | F5: =IF(Tablo134262728293031353637[[#This Row],[SATIŞ]]=0,"Açık",(E5-D5)*C5-3) -> -33.3 | G5: =IF(Tablo134262728293031353637[[#This Row],[ALIŞ]]>0,Tablo134262728293031353637[[#This Row],[ADET]]*Tablo134262728293031353637[[#This Row],[ALIŞ]]+1.5,0) -> 1027.8 | H5: =IF(Tablo134262728293031353637[[#This Row],[SATIŞ]]>0,(Tablo134262728293031353637[[#This Row],[ADET]]*Tablo134262728293031353637[[#This Row],[SATIŞ]]-1.5),0) -> 994.5
B6: 45328 | C6: 2 | D6: 167.43 | E6: 166 | F6: =IF(Tablo134262728293031353637[[#This Row],[SATIŞ]]=0,"Açık",(E6-D6)*C6-3) -> -5.86 | G6: =IF(Tablo134262728293031353637[[#This Row],[ALIŞ]]>0,Tablo134262728293031353637[[#This Row],[ADET]]*Tablo134262728293031353637[[#This Row],[ALIŞ]]+1.5,0) -> 336.36 | H6: =IF(Tablo134262728293031353637[[#This Row],[SATIŞ]]>0,(Tablo134262728293031353637[[#This Row],[ADET]]*Tablo134262728293031353637[[#This Row],[SATIŞ]]-1.5),0) -> 330.5
B7: 45342 | C7: 2 | D7: 166.71 | E7: 166 | F7: =IF(Tablo134262728293031353637[[#This Row],[SATIŞ]]=0,"Açık",(E7-D7)*C7-3) -> -4.42 | G7: =IF(Tablo134262728293031353637[[#This Row],[ALIŞ]]>0,Tablo134262728293031353637[[#This Row],[ADET]]*Tablo134262728293031353637[[#This Row],[ALIŞ]]+1.5,0) -> 334.92 | H7: =IF(Tablo134262728293031353637[[#This Row],[SATIŞ]]>0,(Tablo134262728293031353637[[#This Row],[ADET]]*Tablo134262728293031353637[[#This Row],[SATIŞ]]-1.5),0) -> 330.5
B8: 45342 | C8: 20 | D8: 163.91 | E8: 166 | F8: =IF(Tablo134262728293031353637[[#This Row],[SATIŞ]]=0,"Açık",(E8-D8)*C8-3) -> 38.8 | G8: =IF(Tablo134262728293031353637[[#This Row],[ALIŞ]]>0,Tablo134262728293031353637[[#This Row],[ADET]]*Tablo134262728293031353637[[#This Row],[ALIŞ]]+1.5,0) -> 3279.7 | H8: =IF(Tablo134262728293031353637[[#This Row],[SATIŞ]]>0,(Tablo134262728293031353637[[#This Row],[ADET]]*Tablo134262728293031353637[[#This Row],[SATIŞ]]-1.5),0) -> 3318.5
B9: 45342 | C9: 10 | D9: 163.91 | E9: 175 | F9: =IF(Tablo134262728293031353637[[#This Row],[SATIŞ]]=0,"Açık",(E9-D9)*C9-3) -> 107.9 | G9: =IF(Tablo134262728293031353637[[#This Row],[ALIŞ]]>0,Tablo134262728293031353637[[#This Row],[ADET]]*Tablo134262728293031353637[[#This Row],[ALIŞ]]+1.5,0) -> 1640.6 | H9: =IF(Tablo134262728293031353637[[#This Row],[SATIŞ]]>0,(Tablo134262728293031353637[[#This Row],[ADET]]*Tablo134262728293031353637[[#This Row],[SATIŞ]]-1.5),0) -> 1748.5
B10: 45342 | C10: 5 | D10: 163.91 | E10: 183 | F10: =IF(Tablo134262728293031353637[[#This Row],[SATIŞ]]=0,"Açık",(E10-D10)*C10-3) -> 92.45 | G10: =IF(Tablo134262728293031353637[[#This Row],[ALIŞ]]>0,Tablo134262728293031353637[[#This Row],[ADET]]*Tablo134262728293031353637[[#This Row],[ALIŞ]]+1.5,0) -> 821.05 | H10: =IF(Tablo134262728293031353637[[#This Row],[SATIŞ]]>0,(Tablo134262728293031353637[[#This Row],[ADET]]*Tablo134262728293031353637[[#This Row],[SATIŞ]]-1.5),0) -> 913.5
B11: 45342 | C11: 5 | D11: 163.91 | E11: 177 | F11: =IF(Tablo134262728293031353637[[#This Row],[SATIŞ]]=0,"Açık",(E11-D11)*C11-3) -> 62.45 | G11: =IF(Tablo134262728293031353637[[#This Row],[ALIŞ]]>0,Tablo134262728293031353637[[#This Row],[ADET]]*Tablo134262728293031353637[[#This Row],[ALIŞ]]+1.5,0) -> 821.05 | H11: =IF(Tablo134262728293031353637[[#This Row],[SATIŞ]]>0,(Tablo134262728293031353637[[#This Row],[ADET]]*Tablo134262728293031353637[[#This Row],[SATIŞ]]-1.5),0) -> 883.5
B12: 45343 | C12: 10 | D12: 162 | E12: 168 | F12: =IF(Tablo134262728293031353637[[#This Row],[SATIŞ]]=0,"Açık",(E12-D12)*C12-3) -> 57 | G12: =IF(Tablo134262728293031353637[[#This Row],[ALIŞ]]>0,Tablo134262728293031353637[[#This Row],[ADET]]*Tablo134262728293031353637[[#This Row],[ALIŞ]]+1.5,0) -> 1621.5 | H12: =IF(Tablo134262728293031353637[[#This Row],[SATIŞ]]>0,(Tablo134262728293031353637[[#This Row],[ADET]]*Tablo134262728293031353637[[#This Row],[SATIŞ]]-1.5),0) -> 1678.5
B13: 45345 | C13: 5 | D13: 180 | E13: 190 | F13: =IF(Tablo134262728293031353637[[#This Row],[SATIŞ]]=0,"Açık",(E13-D13)*C13-3) -> 47 | G13: =IF(Tablo134262728293031353637[[#This Row],[ALIŞ]]>0,Tablo134262728293031353637[[#This Row],[ADET]]*Tablo134262728293031353637[[#This Row],[ALIŞ]]+1.5,0) -> 901.5 | H13: =IF(Tablo134262728293031353637[[#This Row],[SATIŞ]]>0,(Tablo134262728293031353637[[#This Row],[ADET]]*Tablo134262728293031353637[[#This Row],[SATIŞ]]-1.5),0) -> 948.5 | J13: =+Tablo134262728293031353637[[#This Row],[ALIŞ]]*1.02 -> 183.6
B14: 45345 | C14: 5 | D14: 178 | E14: 195 | F14: =IF(Tablo134262728293031353637[[#This Row],[SATIŞ]]=0,"Açık",(E14-D14)*C14-3) -> 82 | G14: =IF(Tablo134262728293031353637[[#This Row],[ALIŞ]]>0,Tablo134262728293031353637[[#This Row],[ADET]]*Tablo134262728293031353637[[#This Row],[ALIŞ]]+1.5,0) -> 891.5 | H14: =IF(Tablo134262728293031353637[[#This Row],[SATIŞ]]>0,(Tablo134262728293031353637[[#This Row],[ADET]]*Tablo134262728293031353637[[#This Row],[SATIŞ]]-1.5),0) -> 973.5
B15: 45345 | C15: 5 | D15: 178 | E15: 210 | F15: =IF(Tablo134262728293031353637[[#This Row],[SATIŞ]]=0,"Açık",(E15-D15)*C15-3) -> 157 | G15: =IF(Tablo134262728293031353637[[#This Row],[ALIŞ]]>0,Tablo134262728293031353637[[#This Row],[ADET]]*Tablo134262728293031353637[[#This Row],[ALIŞ]]+1.5,0) -> 891.5 | H15: =IF(Tablo134262728293031353637[[#This Row],[SATIŞ]]>0,(Tablo134262728293031353637[[#This Row],[ADET]]*Tablo134262728293031353637[[#This Row],[SATIŞ]]-1.5),0) -> 1048.5
B16: 45349 | C16: 10 | D16: 173 | E16: 185.37 | F16: =IF(Tablo134262728293031353637[[#This Row],[SATIŞ]]=0,"Açık",(E16-D16)*C16-3) -> 120.7 | G16: =IF(Tablo134262728293031353637[[#This Row],[ALIŞ]]>0,Tablo134262728293031353637[[#This Row],[ADET]]*Tablo134262728293031353637[[#This Row],[ALIŞ]]+1.5,0) -> 1731.5 | H16: =IF(Tablo134262728293031353637[[#This Row],[SATIŞ]]>0,(Tablo134262728293031353637[[#This Row],[ADET]]*Tablo134262728293031353637[[#This Row],[SATIŞ]]-1.5),0) -> 1852.2
B17: 45355 | C17: 5 | D17: 205 | E17: 204 | F17: =IF(Tablo134262728293031353637[[#This Row],[SATIŞ]]=0,"Açık",(E17-D17)*C17-3) -> -8 | G17: =IF(Tablo134262728293031353637[[#This Row],[ALIŞ]]>0,Tablo134262728293031353637[[#This Row],[ADET]]*Tablo134262728293031353637[[#This Row],[ALIŞ]]+1.5,0) -> 1026.5 | H17: =IF(Tablo134262728293031353637[[#This Row],[SATIŞ]]>0,(Tablo134262728293031353637[[#This Row],[ADET]]*Tablo134262728293031353637[[#This Row],[SATIŞ]]-1.5),0) -> 1018.5
B18: 45355 | C18: 5 | D18: 205 | E18: 220 | F18: =IF(Tablo134262728293031353637[[#This Row],[SATIŞ]]=0,"Açık",(E18-D18)*C18-3) -> 72 | G18: =IF(Tablo134262728293031353637[[#This Row],[ALIŞ]]>0,Tablo134262728293031353637[[#This Row],[ADET]]*Tablo134262728293031353637[[#This Row],[ALIŞ]]+1.5,0) -> 1026.5 | H18: =IF(Tablo134262728293031353637[[#This Row],[SATIŞ]]>0,(Tablo134262728293031353637[[#This Row],[ADET]]*Tablo134262728293031353637[[#This Row],[SATIŞ]]-1.5),0) -> 1098.5
B19: 45356 | C19: 10 | D19: 200 | E19: 202 | F19: =IF(Tablo134262728293031353637[[#This Row],[SATIŞ]]=0,"Açık",(E19-D19)*C19-3) -> 17 | G19: =IF(Tablo134262728293031353637[[#This Row],[ALIŞ]]>0,Tablo134262728293031353637[[#This Row],[ADET]]*Tablo134262728293031353637[[#This Row],[ALIŞ]]+1.5,0) -> 2001.5 | H19: =IF(Tablo134262728293031353637[[#This Row],[SATIŞ]]>0,(Tablo134262728293031353637[[#This Row],[ADET]]*Tablo134262728293031353637[[#This Row],[SATIŞ]]-1.5),0) -> 2018.5
B20: 45359 | C20: 5 | D20: 205 | F20: =IF(Tablo134262728293031353637[[#This Row],[SATIŞ]]=0,"Açık",(E20-D20)*C20-3) -> Açık | G20: =IF(Tablo134262728293031353637[[#This Row],[ALIŞ]]>0,Tablo134262728293031353637[[#This Row],[ADET]]*Tablo134262728293031353637[[#This Row],[ALIŞ]]+1.5,0) -> 1026.5 | H20: =IF(Tablo134262728293031353637[[#This Row],[SATIŞ]]>0,(Tablo134262728293031353637[[#This Row],[ADET]]*Tablo134262728293031353637[[#This Row],[SATIŞ]]-1.5),0) -> 0
B21: 45359 | C21: 5 | D21: 210 | F21: =IF(Tablo134262728293031353637[[#This Row],[SATIŞ]]=0,"Açık",(E21-D21)*C21-3) -> Açık | G21: =IF(Tablo134262728293031353637[[#This Row],[ALIŞ]]>0,Tablo134262728293031353637[[#This Row],[ADET]]*Tablo134262728293031353637[[#This Row],[ALIŞ]]+1.5,0) -> 1051.5 | H21: =IF(Tablo134262728293031353637[[#This Row],[SATIŞ]]>0,(Tablo134262728293031353637[[#This Row],[ADET]]*Tablo134262728293031353637[[#This Row],[SATIŞ]]-1.5),0) -> 0
F22: =IF(Tablo134262728293031353637[[#This Row],[SATIŞ]]=0,"Açık",(E22-D22)*C22-3) -> Açık | G22: =IF(Tablo134262728293031353637[[#This Row],[ALIŞ]]>0,Tablo134262728293031353637[[#This Row],[ADET]]*Tablo134262728293031353637[[#This Row],[ALIŞ]]+1.5,0) -> 0 | H22: =IF(Tablo134262728293031353637[[#This Row],[SATIŞ]]>0,(Tablo134262728293031353637[[#This Row],[ADET]]*Tablo134262728293031353637[[#This Row],[SATIŞ]]-1.5),0) -> 0
F23: =IF(Tablo134262728293031353637[[#This Row],[SATIŞ]]=0,"Açık",(E23-D23)*C23-3) -> Açık | G23: =IF(Tablo134262728293031353637[[#This Row],[ALIŞ]]>0,Tablo134262728293031353637[[#This Row],[ADET]]*Tablo134262728293031353637[[#This Row],[ALIŞ]]+1.5,0) -> 0 | H23: =IF(Tablo134262728293031353637[[#This Row],[SATIŞ]]>0,(Tablo134262728293031353637[[#This Row],[ADET]]*Tablo134262728293031353637[[#This Row],[SATIŞ]]-1.5),0) -> 0
F24: =IF(Tablo134262728293031353637[[#This Row],[SATIŞ]]=0,"Açık",(E24-D24)*C24-3) -> Açık | G24: =IF(Tablo134262728293031353637[[#This Row],[ALIŞ]]>0,Tablo134262728293031353637[[#This Row],[ADET]]*Tablo134262728293031353637[[#This Row],[ALIŞ]]+1.5,0) -> 0 | H24: =IF(Tablo134262728293031353637[[#This Row],[SATIŞ]]>0,(Tablo134262728293031353637[[#This Row],[ADET]]*Tablo134262728293031353637[[#This Row],[SATIŞ]]-1.5),0) -> 0
F25: =IF(Tablo134262728293031353637[[#This Row],[SATIŞ]]=0,"Açık",(E25-D25)*C25-3) -> Açık | G25: =IF(Tablo134262728293031353637[[#This Row],[ALIŞ]]>0,Tablo134262728293031353637[[#This Row],[ADET]]*Tablo134262728293031353637[[#This Row],[ALIŞ]]+1.5,0) -> 0 | H25: =IF(Tablo134262728293031353637[[#This Row],[SATIŞ]]>0,(Tablo134262728293031353637[[#This Row],[ADET]]*Tablo134262728293031353637[[#This Row],[SATIŞ]]-1.5),0) -> 0
F26: =IF(Tablo134262728293031353637[[#This Row],[SATIŞ]]=0,"Açık",(E26-D26)*C26-3) -> Açık | G26: =IF(Tablo134262728293031353637[[#This Row],[ALIŞ]]>0,Tablo134262728293031353637[[#This Row],[ADET]]*Tablo134262728293031353637[[#This Row],[ALIŞ]]+1.5,0) -> 0 | H26: =IF(Tablo134262728293031353637[[#This Row],[SATIŞ]]>0,(Tablo134262728293031353637[[#This Row],[ADET]]*Tablo134262728293031353637[[#This Row],[SATIŞ]]-1.5),0) -> 0
F27: =IF(Tablo134262728293031353637[[#This Row],[SATIŞ]]=0,"Açık",(E27-D27)*C27-3) -> Açık | G27: =IF(Tablo134262728293031353637[[#This Row],[ALIŞ]]>0,Tablo134262728293031353637[[#This Row],[ADET]]*Tablo134262728293031353637[[#This Row],[ALIŞ]]+1.5,0) -> 0 | H27: =IF(Tablo134262728293031353637[[#This Row],[SATIŞ]]>0,(Tablo134262728293031353637[[#This Row],[ADET]]*Tablo134262728293031353637[[#This Row],[SATIŞ]]-1.5),0) -> 0
F28: =IF(Tablo134262728293031353637[[#This Row],[SATIŞ]]=0,"Açık",(E28-D28)*C28-3) -> Açık | G28: =IF(Tablo134262728293031353637[[#This Row],[ALIŞ]]>0,Tablo134262728293031353637[[#This Row],[ADET]]*Tablo134262728293031353637[[#This Row],[ALIŞ]]+1.5,0) -> 0 | H28: =IF(Tablo134262728293031353637[[#This Row],[SATIŞ]]>0,(Tablo134262728293031353637[[#This Row],[ADET]]*Tablo134262728293031353637[[#This Row],[SATIŞ]]-1.5),0) -> 0
F29: =IF(Tablo134262728293031353637[[#This Row],[SATIŞ]]=0,"Açık",(E29-D29)*C29-3) -> Açık | G29: =IF(Tablo134262728293031353637[[#This Row],[ALIŞ]]>0,Tablo134262728293031353637[[#This Row],[ADET]]*Tablo134262728293031353637[[#This Row],[ALIŞ]]+1.5,0) -> 0 | H29: =IF(Tablo134262728293031353637[[#This Row],[SATIŞ]]>0,(Tablo134262728293031353637[[#This Row],[ADET]]*Tablo134262728293031353637[[#This Row],[SATIŞ]]-1.5),0) -> 0

Sheet AMTX
B1: ANA SAYFA | C1: =SUMIF(Tablo1348913141516171819[KAR],"Açık",Tablo1348913141516171819[ADET]) -> 0 | E1: =C1*D1 -> 0 | F1: =IFERROR(((SUM(Tablo1348913141516171819[ALIŞ TUTAR])-SUM(Tablo1348913141516171819[SATIŞ TUTAR]))/C1),"") | G1: =IF(M3=0,L3,C1*(D1-F1)) -> -74 | J1: 0.02 | L1: =M1*(1-$J$1) -> #VALUE! | M1: =F1 | N1: =M1*(1+$J$1) -> #VALUE! | P1: =Q1*(1-$J$1) -> 0 | Q1: =+D1 -> 0 | R1: =Q1*(1+$J$1) -> 0
B3: TARİH | C3: ADET | D3: ALIŞ | E3: SATIŞ | F3: KAR | G3: ALIŞ TUTAR | H3: SATIŞ TUTAR | L3: =SUM(Tablo1348913141516171819[KAR]) -> -74 | M3: =C1 -> 0
B4: 44897 | C4: 20 | D4: 5.53 | E4: 1.98 | F4: =IF(Tablo1348913141516171819[[#This Row],[SATIŞ]]=0,"Açık",(E4-D4)*C4-3) -> -74 | G4: =IF(Tablo1348913141516171819[[#This Row],[ALIŞ]]>0,Tablo1348913141516171819[[#This Row],[ADET]]*Tablo1348913141516171819[[#This Row],[ALIŞ]]+1.5,0) -> 112.1 | H4: =IF(Tablo1348913141516171819[[#This Row],[SATIŞ]]>0,(Tablo1348913141516171819[[#This Row],[ADET]]*Tablo1348913141516171819[[#This Row],[SATIŞ]]-1.5),0) -> 38.1
F5: =IF(Tablo1348913141516171819[[#This Row],[SATIŞ]]=0,"Açık",(E5-D5)*C5-3) -> Açık | G5: =IF(Tablo1348913141516171819[[#This Row],[ALIŞ]]>0,Tablo1348913141516171819[[#This Row],[ADET]]*Tablo1348913141516171819[[#This Row],[ALIŞ]]+1.5,0) -> 0 | H5: =IF(Tablo1348913141516171819[[#This Row],[SATIŞ]]>0,(Tablo1348913141516171819[[#This Row],[ADET]]*Tablo1348913141516171819[[#This Row],[SATIŞ]]-1.5),0) -> 0
F6: =IF(Tablo1348913141516171819[[#This Row],[SATIŞ]]=0,"Açık",(E6-D6)*C6-3) -> Açık | G6: =IF(Tablo1348913141516171819[[#This Row],[ALIŞ]]>0,Tablo1348913141516171819[[#This Row],[ADET]]*Tablo1348913141516171819[[#This Row],[ALIŞ]]+1.5,0) -> 0 | H6: =IF(Tablo1348913141516171819[[#This Row],[SATIŞ]]>0,(Tablo1348913141516171819[[#This Row],[ADET]]*Tablo1348913141516171819[[#This Row],[SATIŞ]]-1.5),0) -> 0
F7: =IF(Tablo1348913141516171819[[#This Row],[SATIŞ]]=0,"Açık",(E7-D7)*C7-3) -> Açık | G7: =IF(Tablo1348913141516171819[[#This Row],[ALIŞ]]>0,Tablo1348913141516171819[[#This Row],[ADET]]*Tablo1348913141516171819[[#This Row],[ALIŞ]]+1.5,0) -> 0 | H7: =IF(Tablo1348913141516171819[[#This Row],[SATIŞ]]>0,(Tablo1348913141516171819[[#This Row],[ADET]]*Tablo1348913141516171819[[#This Row],[SATIŞ]]-1.5),0) -> 0
F8: =IF(Tablo1348913141516171819[[#This Row],[SATIŞ]]=0,"Açık",(E8-D8)*C8-3) -> Açık | G8: =IF(Tablo1348913141516171819[[#This Row],[ALIŞ]]>0,Tablo1348913141516171819[[#This Row],[ADET]]*Tablo1348913141516171819[[#This Row],[ALIŞ]]+1.5,0) -> 0 | H8: =IF(Tablo1348913141516171819[[#This Row],[SATIŞ]]>0,(Tablo1348913141516171819[[#This Row],[ADET]]*Tablo1348913141516171819[[#This Row],[SATIŞ]]-1.5),0) -> 0
F9: =IF(Tablo1348913141516171819[[#This Row],[SATIŞ]]=0,"Açık",(E9-D9)*C9-3) -> Açık | G9: =IF(Tablo1348913141516171819[[#This Row],[ALIŞ]]>0,Tablo1348913141516171819[[#This Row],[ADET]]*Tablo1348913141516171819[[#This Row],[ALIŞ]]+1.5,0) -> 0 | H9: =IF(Tablo1348913141516171819[[#This Row],[SATIŞ]]>0,(Tablo1348913141516171819[[#This Row],[ADET]]*Tablo1348913141516171819[[#This Row],[SATIŞ]]-1.5),0) -> 0
F10: =IF(Tablo1348913141516171819[[#This Row],[SATIŞ]]=0,"Açık",(E10-D10)*C10-3) -> Açık | G10: =IF(Tablo1348913141516171819[[#This Row],[ALIŞ]]>0,Tablo1348913141516171819[[#This Row],[ADET]]*Tablo1348913141516171819[[#This Row],[ALIŞ]]+1.5,0) -> 0 | H10: =IF(Tablo1348913141516171819[[#This Row],[SATIŞ]]>0,(Tablo1348913141516171819[[#This Row],[ADET]]*Tablo1348913141516171819[[#This Row],[SATIŞ]]-1.5),0) -> 0
F11: =IF(Tablo1348913141516171819[[#This Row],[SATIŞ]]=0,"Açık",(E11-D11)*C11-3) -> Açık | G11: =IF(Tablo1348913141516171819[[#This Row],[ALIŞ]]>0,Tablo1348913141516171819[[#This Row],[ADET]]*Tablo1348913141516171819[[#This Row],[ALIŞ]]+1.5,0) -> 0 | H11: =IF(Tablo1348913141516171819[[#This Row],[SATIŞ]]>0,(Tablo1348913141516171819[[#This Row],[ADET]]*Tablo1348913141516171819[[#This Row],[SATIŞ]]-1.5),0) -> 0 | J11: =+Tablo1348913141516171819[[#This Row],[ALIŞ]]*1.02 -> 0
F12: =IF(Tablo1348913141516171819[[#This Row],[SATIŞ]]=0,"Açık",(E12-D12)*C12-3) -> Açık | G12: =IF(Tablo1348913141516171819[[#This Row],[ALIŞ]]>0,Tablo1348913141516171819[[#This Row],[ADET]]*Tablo1348913141516171819[[#This Row],[ALIŞ]]+1.5,0) -> 0 | H12: =IF(Tablo1348913141516171819[[#This Row],[SATIŞ]]>0,(Tablo1348913141516171819[[#This Row],[ADET]]*Tablo1348913141516171819[[#This Row],[SATIŞ]]-1.5),0) -> 0
F13: =IF(Tablo1348913141516171819[[#This Row],[SATIŞ]]=0,"Açık",(E13-D13)*C13-3) -> Açık | G13: =IF(Tablo1348913141516171819[[#This Row],[ALIŞ]]>0,Tablo1348913141516171819[[#This Row],[ADET]]*Tablo1348913141516171819[[#This Row],[ALIŞ]]+1.5,0) -> 0 | H13: =IF(Tablo1348913141516171819[[#This Row],[SATIŞ]]>0,(Tablo1348913141516171819[[#This Row],[ADET]]*Tablo1348913141516171819[[#This Row],[SATIŞ]]-1.5),0) -> 0
F14: =IF(Tablo1348913141516171819[[#This Row],[SATIŞ]]=0,"Açık",(E14-D14)*C14-3) -> Açık | G14: =IF(Tablo1348913141516171819[[#This Row],[ALIŞ]]>0,Tablo1348913141516171819[[#This Row],[ADET]]*Tablo1348913141516171819[[#This Row],[ALIŞ]]+1.5,0) -> 0 | H14: =IF(Tablo1348913141516171819[[#This Row],[SATIŞ]]>0,(Tablo1348913141516171819[[#This Row],[ADET]]*Tablo1348913141516171819[[#This Row],[SATIŞ]]-1.5),0) -> 0
F15: =IF(Tablo1348913141516171819[[#This Row],[SATIŞ]]=0,"Açık",(E15-D15)*C15-3) -> Açık | G15: =IF(Tablo1348913141516171819[[#This Row],[ALIŞ]]>0,Tablo1348913141516171819[[#This Row],[ADET]]*Tablo1348913141516171819[[#This Row],[ALIŞ]]+1.5,0) -> 0 | H15: =IF(Tablo1348913141516171819[[#This Row],[SATIŞ]]>0,(Tablo1348913141516171819[[#This Row],[ADET]]*Tablo1348913141516171819[[#This Row],[SATIŞ]]-1.5),0) -> 0
F16: =IF(Tablo1348913141516171819[[#This Row],[SATIŞ]]=0,"Açık",(E16-D16)*C16-3) -> Açık | G16: =IF(Tablo1348913141516171819[[#This Row],[ALIŞ]]>0,Tablo1348913141516171819[[#This Row],[ADET]]*Tablo1348913141516171819[[#This Row],[ALIŞ]]+1.5,0) -> 0 | H16: =IF(Tablo1348913141516171819[[#This Row],[SATIŞ]]>0,(Tablo1348913141516171819[[#This Row],[ADET]]*Tablo1348913141516171819[[#This Row],[SATIŞ]]-1.5),0) -> 0
F17: =IF(Tablo1348913141516171819[[#This Row],[SATIŞ]]=0,"Açık",(E17-D17)*C17-3) -> Açık | G17: =IF(Tablo1348913141516171819[[#This Row],[ALIŞ]]>0,Tablo1348913141516171819[[#This Row],[ADET]]*Tablo1348913141516171819[[#This Row],[ALIŞ]]+1.5,0) -> 0 | H17: =IF(Tablo1348913141516171819[[#This Row],[SATIŞ]]>0,(Tablo1348913141516171819[[#This Row],[ADET]]*Tablo1348913141516171819[[#This Row],[SATIŞ]]-1.5),0) -> 0
F18: =IF(Tablo1348913141516171819[[#This Row],[SATIŞ]]=0,"Açık",(E18-D18)*C18-3) -> Açık | G18: =IF(Tablo1348913141516171819[[#This Row],[ALIŞ]]>0,Tablo1348913141516171819[[#This Row],[ADET]]*Tablo1348913141516171819[[#This Row],[ALIŞ]]+1.5,0) -> 0 | H18: =IF(Tablo1348913141516171819[[#This Row],[SATIŞ]]>0,(Tablo1348913141516171819[[#This Row],[ADET]]*Tablo1348913141516171819[[#This Row],[SATIŞ]]-1.5),0) -> 0
F19: =IF(Tablo1348913141516171819[[#This Row],[SATIŞ]]=0,"Açık",(E19-D19)*C19-3) -> Açık | G19: =IF(Tablo1348913141516171819[[#This Row],[ALIŞ]]>0,Tablo1348913141516171819[[#This Row],[ADET]]*Tablo1348913141516171819[[#This Row],[ALIŞ]]+1.5,0) -> 0 | H19: =IF(Tablo1348913141516171819[[#This Row],[SATIŞ]]>0,(Tablo1348913141516171819[[#This Row],[ADET]]*Tablo1348913141516171819[[#This Row],[SATIŞ]]-1.5),0) -> 0
F20: =IF(Tablo1348913141516171819[[#This Row],[SATIŞ]]=0,"Açık",(E20-D20)*C20-3) -> Açık | G20: =IF(Tablo1348913141516171819[[#This Row],[ALIŞ]]>0,Tablo1348913141516171819[[#This Row],[ADET]]*Tablo1348913141516171819[[#This Row],[ALIŞ]]+1.5,0) -> 0 | H20: =IF(Tablo1348913141516171819[[#This Row],[SATIŞ]]>0,(Tablo1348913141516171819[[#This Row],[ADET]]*Tablo1348913141516171819[[#This Row],[SATIŞ]]-1.5),0) -> 0
F21: =IF(Tablo1348913141516171819[[#This Row],[SATIŞ]]=0,"Açık",(E21-D21)*C21-3) -> Açık | G21: =IF(Tablo1348913141516171819[[#This Row],[ALIŞ]]>0,Tablo1348913141516171819[[#This Row],[ADET]]*Tablo1348913141516171819[[#This Row],[ALIŞ]]+1.5,0) -> 0 | H21: =IF(Tablo1348913141516171819[[#This Row],[SATIŞ]]>0,(Tablo1348913141516171819[[#This Row],[ADET]]*Tablo1348913141516171819[[#This Row],[SATIŞ]]-1.5),0) -> 0
F22: =IF(Tablo1348913141516171819[[#This Row],[SATIŞ]]=0,"Açık",(E22-D22)*C22-3) -> Açık | G22: =IF(Tablo1348913141516171819[[#This Row],[ALIŞ]]>0,Tablo1348913141516171819[[#This Row],[ADET]]*Tablo1348913141516171819[[#This Row],[ALIŞ]]+1.5,0) -> 0 | H22: =IF(Tablo1348913141516171819[[#This Row],[SATIŞ]]>0,(Tablo1348913141516171819[[#This Row],[ADET]]*Tablo1348913141516171819[[#This Row],[SATIŞ]]-1.5),0) -> 0
F23: =IF(Tablo1348913141516171819[[#This Row],[SATIŞ]]=0,"Açık",(E23-D23)*C23-3) -> Açık | G23: =IF(Tablo1348913141516171819[[#This Row],[ALIŞ]]>0,Tablo1348913141516171819[[#This Row],[ADET]]*Tablo1348913141516171819[[#This Row],[ALIŞ]]+1.5,0) -> 0 | H23: =IF(Tablo1348913141516171819[[#This Row],[SATIŞ]]>0,(Tablo1348913141516171819[[#This Row],[ADET]]*Tablo1348913141516171819[[#This Row],[SATIŞ]]-1.5),0) -> 0
... F27: =IF(Tablo1348913141516171819[[#This Row],[SATIŞ]]=0,"Açık",(E27-D27)*C27-3) -> Açık | G27: =IF(Tablo1348913141516171819[[#This Row],[ALIŞ]]>0,Tablo1348913141516171819[[#This Row],[ADET]]*Tablo1348913141516171819[[#This Row],[ALIŞ]]+1.5,0) -> 0 | H27: =IF(Tablo1348913141516171819[[#This Row],[SATIŞ]]>0,(Tablo1348913141516171819[[#This Row],[ADET]]*Tablo1348913141516171819[[#This Row],[SATIŞ]]-1.5),0) -> 0

Sheet AMZN
B1: ANA SAYFA | C1: =SUMIF(Tablo13456[KAR],"Açık",Tablo13456[ADET]) -> 0 | E1: =C1*D1 -> 0 | F1: =IFERROR(((SUM(Tablo13456[ALIŞ TUTAR])-SUM(Tablo13456[SATIŞ TUTAR]))/C1),"") | G1: =IF(M3=0,L3,C1*(D1-F1)) -> 19.63 | J1: 0.02 | L1: =M1*(1-$J$1) -> #VALUE! | M1: =F1 | N1: =M1*(1+$J$1) -> #VALUE! | P1: =Q1*(1-$J$1) -> 0 | Q1: =+D1 -> 0 | R1: =Q1*(1+$J$1) -> 0
B3: TARİH | C3: ADET | D3: ALIŞ | E3: SATIŞ | F3: KAR | G3: ALIŞ TUTAR | H3: SATIŞ TUTAR | L3: =SUM(Tablo13456[KAR]) -> 19.63 | M3: =C1 -> 0
B4: 44725 | C4: 3 | D4: 104.78 | E4: 111.03 | F4: =IF(Tablo13456[[#This Row],[SATIŞ]]=0,"Açık",(E4-D4)*C4-3) -> 15.75 | G4: =IF(Tablo13456[[#This Row],[ALIŞ]]>0,Tablo13456[[#This Row],[ADET]]*Tablo13456[[#This Row],[ALIŞ]]+1.5,0) -> 315.84 | H4: =IF(Tablo13456[[#This Row],[SATIŞ]]>0,(Tablo13456[[#This Row],[ADET]]*Tablo13456[[#This Row],[SATIŞ]]-1.5),0) -> 331.59
B5: 44742 | C5: 2 | D5: 102.7 | E5: 107.5 | F5: =IF(Tablo13456[[#This Row],[SATIŞ]]=0,"Açık",(E5-D5)*C5-3) -> 6.6 | G5: =IF(Tablo13456[[#This Row],[ALIŞ]]>0,Tablo13456[[#This Row],[ADET]]*Tablo13456[[#This Row],[ALIŞ]]+1.5,0) -> 206.9 | H5: =IF(Tablo13456[[#This Row],[SATIŞ]]>0,(Tablo13456[[#This Row],[ADET]]*Tablo13456[[#This Row],[SATIŞ]]-1.5),0) -> 213.5
B6: 44742 | C6: 2 | D6: 106 | E6: 109.1 | F6: =IF(Tablo13456[[#This Row],[SATIŞ]]=0,"Açık",(E6-D6)*C6-3) -> 3.2 | G6: =IF(Tablo13456[[#This Row],[ALIŞ]]>0,Tablo13456[[#This Row],[ADET]]*Tablo13456[[#This Row],[ALIŞ]]+1.5,0) -> 213.5 | H6: =IF(Tablo13456[[#This Row],[SATIŞ]]>0,(Tablo13456[[#This Row],[ADET]]*Tablo13456[[#This Row],[SATIŞ]]-1.5),0) -> 216.7
B7: 44749 | C7: 3 | D7: 113.8 | E7: 110 | F7: =IF(Tablo13456[[#This Row],[SATIŞ]]=0,"Açık",(E7-D7)*C7-3) -> -14.4 | G7: =IF(Tablo13456[[#This Row],[ALIŞ]]>0,Tablo13456[[#This Row],[ADET]]*Tablo13456[[#This Row],[ALIŞ]]+1.5,0) -> 342.9 | H7: =IF(Tablo13456[[#This Row],[SATIŞ]]>0,(Tablo13456[[#This Row],[ADET]]*Tablo13456[[#This Row],[SATIŞ]]-1.5),0) -> 328.5
B8: 44750 | C8: 1 | D8: 115 | E8: 100 | F8: =IF(Tablo13456[[#This Row],[SATIŞ]]=0,"Açık",(E8-D8)*C8-3) -> -18 | G8: =IF(Tablo13456[[#This Row],[ALIŞ]]>0,Tablo13456[[#This Row],[ADET]]*Tablo13456[[#This Row],[ALIŞ]]+1.5,0) -> 116.5 | H8: =IF(Tablo13456[[#This Row],[SATIŞ]]>0,(Tablo13456[[#This Row],[ADET]]*Tablo13456[[#This Row],[SATIŞ]]-1.5),0) -> 98.5
B9: 44750 | C9: 4 | D9: 115 | E9: 115 | F9: =IF(Tablo13456[[#This Row],[SATIŞ]]=0,"Açık",(E9-D9)*C9-3) -> -3 | G9: =IF(Tablo13456[[#This Row],[ALIŞ]]>0,Tablo13456[[#This Row],[ADET]]*Tablo13456[[#This Row],[ALIŞ]]+1.5,0) -> 461.5 | H9: =IF(Tablo13456[[#This Row],[SATIŞ]]>0,(Tablo13456[[#This Row],[ADET]]*Tablo13456[[#This Row],[SATIŞ]]-1.5),0) -> 458.5
B10: 44779 | C10: 3 | D10: 140 | E10: 143 | F10: =IF(Tablo13456[[#This Row],[SATIŞ]]=0,"Açık",(E10-D10)*C10-3) -> 6 | G10: =IF(Tablo13456[[#This Row],[ALIŞ]]>0,Tablo13456[[#This Row],[ADET]]*Tablo13456[[#This Row],[ALIŞ]]+1.5,0) -> 421.5 | H10: =IF(Tablo13456[[#This Row],[SATIŞ]]>0,(Tablo13456[[#This Row],[ADET]]*Tablo13456[[#This Row],[SATIŞ]]-1.5),0) -> 427.5
B11: 44784 | C11: 7 | D11: 141 | E11: 143 | F11: =IF(Tablo13456[[#This Row],[SATIŞ]]=0,"Açık",(E11-D11)*C11-3) -> 11 | G11: =IF(Tablo13456[[#This Row],[ALIŞ]]>0,Tablo13456[[#This Row],[ADET]]*Tablo13456[[#This Row],[ALIŞ]]+1.5,0) -> 988.5 | H11: =IF(Tablo13456[[#This Row],[SATIŞ]]>0,(Tablo13456[[#This Row],[ADET]]*Tablo13456[[#This Row],[SATIŞ]]-1.5),0) -> 999.5
B12: 45065 | C12: 3 | D12: 116.26 | E12: 121.42 | F12: =IF(Tablo13456[[#This Row],[SATIŞ]]=0,"Açık",(E12-D12)*C12-3) -> 12.48 | G12: =IF(Tablo13456[[#This Row],[ALIŞ]]>0,Tablo13456[[#This Row],[ADET]]*Tablo13456[[#This Row],[ALIŞ]]+1.5,0) -> 350.28 | H12: =IF(Tablo13456[[#This Row],[SATIŞ]]>0,(Tablo13456[[#This Row],[ADET]]*Tablo13456[[#This Row],[SATIŞ]]-1.5),0) -> 362.76
F13: =IF(Tablo13456[[#This Row],[SATIŞ]]=0,"Açık",(E13-D13)*C13-3) -> Açık | G13: =IF(Tablo13456[[#This Row],[ALIŞ]]>0,Tablo13456[[#This Row],[ADET]]*Tablo13456[[#This Row],[ALIŞ]]+1.5,0) -> 0 | H13: =IF(Tablo13456[[#This Row],[SATIŞ]]>0,(Tablo13456[[#This Row],[ADET]]*Tablo13456[[#This Row],[SATIŞ]]-1.5),0) -> 0
F14: =IF(Tablo13456[[#This Row],[SATIŞ]]=0,"Açık",(E14-D14)*C14-3) -> Açık | G14: =IF(Tablo13456[[#This Row],[ALIŞ]]>0,Tablo13456[[#This Row],[ADET]]*Tablo13456[[#This Row],[ALIŞ]]+1.5,0) -> 0 | H14: =IF(Tablo13456[[#This Row],[SATIŞ]]>0,(Tablo13456[[#This Row],[ADET]]*Tablo13456[[#This Row],[SATIŞ]]-1.5),0) -> 0
F15: =IF(Tablo13456[[#This Row],[SATIŞ]]=0,"Açık",(E15-D15)*C15-3) -> Açık | G15: =IF(Tablo13456[[#This Row],[ALIŞ]]>0,Tablo13456[[#This Row],[ADET]]*Tablo13456[[#This Row],[ALIŞ]]+1.5,0) -> 0 | H15: =IF(Tablo13456[[#This Row],[SATIŞ]]>0,(Tablo13456[[#This Row],[ADET]]*Tablo13456[[#This Row],[SATIŞ]]-1.5),0) -> 0
F16: =IF(Tablo13456[[#This Row],[SATIŞ]]=0,"Açık",(E16-D16)*C16-3) -> Açık | G16: =IF(Tablo13456[[#This Row],[ALIŞ]]>0,Tablo13456[[#This Row],[ADET]]*Tablo13456[[#This Row],[ALIŞ]]+1.5,0) -> 0 | H16: =IF(Tablo13456[[#This Row],[SATIŞ]]>0,(Tablo13456[[#This Row],[ADET]]*Tablo13456[[#This Row],[SATIŞ]]-1.5),0) -> 0
F17: =IF(Tablo13456[[#This Row],[SATIŞ]]=0,"Açık",(E17-D17)*C17-3) -> Açık | G17: =IF(Tablo13456[[#This Row],[ALIŞ]]>0,Tablo13456[[#This Row],[ADET]]*Tablo13456[[#This Row],[ALIŞ]]+1.5,0) -> 0 | H17: =IF(Tablo13456[[#This Row],[SATIŞ]]>0,(Tablo13456[[#This Row],[ADET]]*Tablo13456[[#This Row],[SATIŞ]]-1.5),0) -> 0
F18: =IF(Tablo13456[[#This Row],[SATIŞ]]=0,"Açık",(E18-D18)*C18-3) -> Açık | G18: =IF(Tablo13456[[#This Row],[ALIŞ]]>0,Tablo13456[[#This Row],[ADET]]*Tablo13456[[#This Row],[ALIŞ]]+1.5,0) -> 0 | H18: =IF(Tablo13456[[#This Row],[SATIŞ]]>0,(Tablo13456[[#This Row],[ADET]]*Tablo13456[[#This Row],[SATIŞ]]-1.5),0) -> 0
F19: =IF(Tablo13456[[#This Row],[SATIŞ]]=0,"Açık",(E19-D19)*C19-3) -> Açık | G19: =IF(Tablo13456[[#This Row],[ALIŞ]]>0,Tablo13456[[#This Row],[ADET]]*Tablo13456[[#This Row],[ALIŞ]]+1.5,0) -> 0 | H19: =IF(Tablo13456[[#This Row],[SATIŞ]]>0,(Tablo13456[[#This Row],[ADET]]*Tablo13456[[#This Row],[SATIŞ]]-1.5),0) -> 0
F20: =IF(Tablo13456[[#This Row],[SATIŞ]]=0,"Açık",(E20-D20)*C20-3) -> Açık | G20: =IF(Tablo13456[[#This Row],[ALIŞ]]>0,Tablo13456[[#This Row],[ADET]]*Tablo13456[[#This Row],[ALIŞ]]+1.5,0) -> 0 | H20: =IF(Tablo13456[[#This Row],[SATIŞ]]>0,(Tablo13456[[#This Row],[ADET]]*Tablo13456[[#This Row],[SATIŞ]]-1.5),0) -> 0
F21: =IF(Tablo13456[[#This Row],[SATIŞ]]=0,"Açık",(E21-D21)*C21-3) -> Açık | G21: =IF(Tablo13456[[#This Row],[ALIŞ]]>0,Tablo13456[[#This Row],[ADET]]*Tablo13456[[#This Row],[ALIŞ]]+1.5,0) -> 0 | H21: =IF(Tablo13456[[#This Row],[SATIŞ]]>0,(Tablo13456[[#This Row],[ADET]]*Tablo13456[[#This Row],[SATIŞ]]-1.5),0) -> 0
F22: =IF(Tablo13456[[#This Row],[SATIŞ]]=0,"Açık",(E22-D22)*C22-3) -> Açık | G22: =IF(Tablo13456[[#This Row],[ALIŞ]]>0,Tablo13456[[#This Row],[ADET]]*Tablo13456[[#This Row],[ALIŞ]]+1.5,0) -> 0 | H22: =IF(Tablo13456[[#This Row],[SATIŞ]]>0,(Tablo13456[[#This Row],[ADET]]*Tablo13456[[#This Row],[SATIŞ]]-1.5),0) -> 0
F23: =IF(Tablo13456[[#This Row],[SATIŞ]]=0,"Açık",(E23-D23)*C23-3) -> Açık | G23: =IF(Tablo13456[[#This Row],[ALIŞ]]>0,Tablo13456[[#This Row],[ADET]]*Tablo13456[[#This Row],[ALIŞ]]+1.5,0) -> 0 | H23: =IF(Tablo13456[[#This Row],[SATIŞ]]>0,(Tablo13456[[#This Row],[ADET]]*Tablo13456[[#This Row],[SATIŞ]]-1.5),0) -> 0
F24: =IF(Tablo13456[[#This Row],[SATIŞ]]=0,"Açık",(E24-D24)*C24-3) -> Açık | G24: =IF(Tablo13456[[#This Row],[ALIŞ]]>0,Tablo13456[[#This Row],[ADET]]*Tablo13456[[#This Row],[ALIŞ]]+1.5,0) -> 0 | H24: =IF(Tablo13456[[#This Row],[SATIŞ]]>0,(Tablo13456[[#This Row],[ADET]]*Tablo13456[[#This Row],[SATIŞ]]-1.5),0) -> 0
... F27: =IF(Tablo13456[[#This Row],[SATIŞ]]=0,"Açık",(E27-D27)*C27-3) -> Açık | G27: =IF(Tablo13456[[#This Row],[ALIŞ]]>0,Tablo13456[[#This Row],[ADET]]*Tablo13456[[#This Row],[ALIŞ]]+1.5,0) -> 0 | H27: =IF(Tablo13456[[#This Row],[SATIŞ]]>0,(Tablo13456[[#This Row],[ADET]]*Tablo13456[[#This Row],[SATIŞ]]-1.5),0) -> 0

Sheet ASAP
B1: ANA SAYFA | C1: =SUMIF(Tablo1348913[KAR],"Açık",Tablo1348913[ADET]) -> 0 | D1: =+İcmal!E8 -> 0.08 | E1: =C1*D1 -> 0 | F1: =IFERROR(((SUM(Tablo1348913[ALIŞ TUTAR])-SUM(Tablo1348913[SATIŞ TUTAR]))/C1),"") | G1: =IF(M3=0,L3,C1*(D1-F1)) -> -24.828 | J1: 0.02 | L1: =M1*(1-$J$1) -> #VALUE! | M1: =F1 | N1: =M1*(1+$J$1) -> #VALUE! | P1: =Q1*(1-$J$1) -> 0.0784 | Q1: =+D1 -> 0.08 | R1: =Q1*(1+$J$1) -> 0.0816
B3: TARİH | C3: ADET | D3: ALIŞ | E3: SATIŞ | F3: KAR | G3: ALIŞ TUTAR | H3: SATIŞ TUTAR | L3: =SUM(Tablo1348913[KAR]) -> -24.828 | M3: =C1 -> 0
B4: 44864 | C4: 30 | D4: 0.8076 | E4: 0.08 | F4: =IF(Tablo1348913[[#This Row],[SATIŞ]]=0,"Açık",(E4-D4)*C4-3) -> -24.828 | G4: =IF(Tablo1348913[[#This Row],[ALIŞ]]>0,Tablo1348913[[#This Row],[ADET]]*Tablo1348913[[#This Row],[ALIŞ]]+1.5,0) -> 25.728 | H4: =IF(Tablo1348913[[#This Row],[SATIŞ]]>0,(Tablo1348913[[#This Row],[ADET]]*Tablo1348913[[#This Row],[SATIŞ]]-1.5),0) -> 0.9
F5: =IF(Tablo1348913[[#This Row],[SATIŞ]]=0,"Açık",(E5-D5)*C5-3) -> Açık | G5: =IF(Tablo1348913[[#This Row],[ALIŞ]]>0,Tablo1348913[[#This Row],[ADET]]*Tablo1348913[[#This Row],[ALIŞ]]+1.5,0) -> 0 | H5: =IF(Tablo1348913[[#This Row],[SATIŞ]]>0,(Tablo1348913[[#This Row],[ADET]]*Tablo1348913[[#This Row],[SATIŞ]]-1.5),0) -> 0
F6: =IF(Tablo1348913[[#This Row],[SATIŞ]]=0,"Açık",(E6-D6)*C6-3) -> Açık | G6: =IF(Tablo1348913[[#This Row],[ALIŞ]]>0,Tablo1348913[[#This Row],[ADET]]*Tablo1348913[[#This Row],[ALIŞ]]+1.5,0) -> 0 | H6: =IF(Tablo1348913[[#This Row],[SATIŞ]]>0,(Tablo1348913[[#This Row],[ADET]]*Tablo1348913[[#This Row],[SATIŞ]]-1.5),0) -> 0
F7: =IF(Tablo1348913[[#This Row],[SATIŞ]]=0,"Açık",(E7-D7)*C7-3) -> Açık | G7: =IF(Tablo1348913[[#This Row],[ALIŞ]]>0,Tablo1348913[[#This Row],[ADET]]*Tablo1348913[[#This Row],[ALIŞ]]+1.5,0) -> 0 | H7: =IF(Tablo1348913[[#This Row],[SATIŞ]]>0,(Tablo1348913[[#This Row],[ADET]]*Tablo1348913[[#This Row],[SATIŞ]]-1.5),0) -> 0
F8: =IF(Tablo1348913[[#This Row],[SATIŞ]]=0,"Açık",(E8-D8)*C8-3) -> Açık | G8: =IF(Tablo1348913[[#This Row],[ALIŞ]]>0,Tablo1348913[[#This Row],[ADET]]*Tablo1348913[[#This Row],[ALIŞ]]+1.5,0) -> 0 | H8: =IF(Tablo1348913[[#This Row],[SATIŞ]]>0,(Tablo1348913[[#This Row],[ADET]]*Tablo1348913[[#This Row],[SATIŞ]]-1.5),0) -> 0
F9: =IF(Tablo1348913[[#This Row],[SATIŞ]]=0,"Açık",(E9-D9)*C9-3) -> Açık | G9: =IF(Tablo1348913[[#This Row],[ALIŞ]]>0,Tablo1348913[[#This Row],[ADET]]*Tablo1348913[[#This Row],[ALIŞ]]+1.5,0) -> 0 | H9: =IF(Tablo1348913[[#This Row],[SATIŞ]]>0,(Tablo1348913[[#This Row],[ADET]]*Tablo1348913[[#This Row],[SATIŞ]]-1.5),0) -> 0
F10: =IF(Tablo1348913[[#This Row],[SATIŞ]]=0,"Açık",(E10-D10)*C10-3) -> Açık | G10: =IF(Tablo1348913[[#This Row],[ALIŞ]]>0,Tablo1348913[[#This Row],[ADET]]*Tablo1348913[[#This Row],[ALIŞ]]+1.5,0) -> 0 | H10: =IF(Tablo1348913[[#This Row],[SATIŞ]]>0,(Tablo1348913[[#This Row],[ADET]]*Tablo1348913[[#This Row],[SATIŞ]]-1.5),0) -> 0
F11: =IF(Tablo1348913[[#This Row],[SATIŞ]]=0,"Açık",(E11-D11)*C11-3) -> Açık | G11: =IF(Tablo1348913[[#This Row],[ALIŞ]]>0,Tablo1348913[[#This Row],[ADET]]*Tablo1348913[[#This Row],[ALIŞ]]+1.5,0) -> 0 | H11: =IF(Tablo1348913[[#This Row],[SATIŞ]]>0,(Tablo1348913[[#This Row],[ADET]]*Tablo1348913[[#This Row],[SATIŞ]]-1.5),0) -> 0 | J11: =+Tablo1348913[[#This Row],[ALIŞ]]*1.02 -> 0
F12: =IF(Tablo1348913[[#This Row],[SATIŞ]]=0,"Açık",(E12-D12)*C12-3) -> Açık | G12: =IF(Tablo1348913[[#This Row],[ALIŞ]]>0,Tablo1348913[[#This Row],[ADET]]*Tablo1348913[[#This Row],[ALIŞ]]+1.5,0) -> 0 | H12: =IF(Tablo1348913[[#This Row],[SATIŞ]]>0,(Tablo1348913[[#This Row],[ADET]]*Tablo1348913[[#This Row],[SATIŞ]]-1.5),0) -> 0
F13: =IF(Tablo1348913[[#This Row],[SATIŞ]]=0,"Açık",(E13-D13)*C13-3) -> Açık | G13: =IF(Tablo1348913[[#This Row],[ALIŞ]]>0,Tablo1348913[[#This Row],[ADET]]*Tablo1348913[[#This Row],[ALIŞ]]+1.5,0) -> 0 | H13: =IF(Tablo1348913[[#This Row],[SATIŞ]]>0,(Tablo1348913[[#This Row],[ADET]]*Tablo1348913[[#This Row],[SATIŞ]]-1.5),0) -> 0
F14: =IF(Tablo1348913[[#This Row],[SATIŞ]]=0,"Açık",(E14-D14)*C14-3) -> Açık | G14: =IF(Tablo1348913[[#This Row],[ALIŞ]]>0,Tablo1348913[[#This Row],[ADET]]*Tablo1348913[[#This Row],[ALIŞ]]+1.5,0) -> 0 | H14: =IF(Tablo1348913[[#This Row],[SATIŞ]]>0,(Tablo1348913[[#This Row],[ADET]]*Tablo1348913[[#This Row],[SATIŞ]]-1.5),0) -> 0
F15: =IF(Tablo1348913[[#This Row],[SATIŞ]]=0,"Açık",(E15-D15)*C15-3) -> Açık | G15: =IF(Tablo1348913[[#This Row],[ALIŞ]]>0,Tablo1348913[[#This Row],[ADET]]*Tablo1348913[[#This Row],[ALIŞ]]+1.5,0) -> 0 | H15: =IF(Tablo1348913[[#This Row],[SATIŞ]]>0,(Tablo1348913[[#This Row],[ADET]]*Tablo1348913[[#This Row],[SATIŞ]]-1.5),0) -> 0
F16: =IF(Tablo1348913[[#This Row],[SATIŞ]]=0,"Açık",(E16-D16)*C16-3) -> Açık | G16: =IF(Tablo1348913[[#This Row],[ALIŞ]]>0,Tablo1348913[[#This Row],[ADET]]*Tablo1348913[[#This Row],[ALIŞ]]+1.5,0) -> 0 | H16: =IF(Tablo1348913[[#This Row],[SATIŞ]]>0,(Tablo1348913[[#This Row],[ADET]]*Tablo1348913[[#This Row],[SATIŞ]]-1.5),0) -> 0
F17: =IF(Tablo1348913[[#This Row],[SATIŞ]]=0,"Açık",(E17-D17)*C17-3) -> Açık | G17: =IF(Tablo1348913[[#This Row],[ALIŞ]]>0,Tablo1348913[[#This Row],[ADET]]*Tablo1348913[[#This Row],[ALIŞ]]+1.5,0) -> 0 | H17: =IF(Tablo1348913[[#This Row],[SATIŞ]]>0,(Tablo1348913[[#This Row],[ADET]]*Tablo1348913[[#This Row],[SATIŞ]]-1.5),0) -> 0
F18: =IF(Tablo1348913[[#This Row],[SATIŞ]]=0,"Açık",(E18-D18)*C18-3) -> Açık | G18: =IF(Tablo1348913[[#This Row],[ALIŞ]]>0,Tablo1348913[[#This Row],[ADET]]*Tablo1348913[[#This Row],[ALIŞ]]+1.5,0) -> 0 | H18: =IF(Tablo1348913[[#This Row],[SATIŞ]]>0,(Tablo1348913[[#This Row],[ADET]]*Tablo1348913[[#This Row],[SATIŞ]]-1.5),0) -> 0
F19: =IF(Tablo1348913[[#This Row],[SATIŞ]]=0,"Açık",(E19-D19)*C19-3) -> Açık | G19: =IF(Tablo1348913[[#This Row],[ALIŞ]]>0,Tablo1348913[[#This Row],[ADET]]*Tablo1348913[[#This Row],[ALIŞ]]+1.5,0) -> 0 | H19: =IF(Tablo1348913[[#This Row],[SATIŞ]]>0,(Tablo1348913[[#This Row],[ADET]]*Tablo1348913[[#This Row],[SATIŞ]]-1.5),0) -> 0
F20: =IF(Tablo1348913[[#This Row],[SATIŞ]]=0,"Açık",(E20-D20)*C20-3) -> Açık | G20: =IF(Tablo1348913[[#This Row],[ALIŞ]]>0,Tablo1348913[[#This Row],[ADET]]*Tablo1348913[[#This Row],[ALIŞ]]+1.5,0) -> 0 | H20: =IF(Tablo1348913[[#This Row],[SATIŞ]]>0,(Tablo1348913[[#This Row],[ADET]]*Tablo1348913[[#This Row],[SATIŞ]]-1.5),0) -> 0
F21: =IF(Tablo1348913[[#This Row],[SATIŞ]]=0,"Açık",(E21-D21)*C21-3) -> Açık | G21: =IF(Tablo1348913[[#This Row],[ALIŞ]]>0,Tablo1348913[[#This Row],[ADET]]*Tablo1348913[[#This Row],[ALIŞ]]+1.5,0) -> 0 | H21: =IF(Tablo1348913[[#This Row],[SATIŞ]]>0,(Tablo1348913[[#This Row],[ADET]]*Tablo1348913[[#This Row],[SATIŞ]]-1.5),0) -> 0
F22: =IF(Tablo1348913[[#This Row],[SATIŞ]]=0,"Açık",(E22-D22)*C22-3) -> Açık | G22: =IF(Tablo1348913[[#This Row],[ALIŞ]]>0,Tablo1348913[[#This Row],[ADET]]*Tablo1348913[[#This Row],[ALIŞ]]+1.5,0) -> 0 | H22: =IF(Tablo1348913[[#This Row],[SATIŞ]]>0,(Tablo1348913[[#This Row],[ADET]]*Tablo1348913[[#This Row],[SATIŞ]]-1.5),0) -> 0
F23: =IF(Tablo1348913[[#This Row],[SATIŞ]]=0,"Açık",(E23-D23)*C23-3) -> Açık | G23: =IF(Tablo1348913[[#This Row],[ALIŞ]]>0,Tablo1348913[[#This Row],[ADET]]*Tablo1348913[[#This Row],[ALIŞ]]+1.5,0) -> 0 | H23: =IF(Tablo1348913[[#This Row],[SATIŞ]]>0,(Tablo1348913[[#This Row],[ADET]]*Tablo1348913[[#This Row],[SATIŞ]]-1.5),0) -> 0
... F27: =IF(Tablo1348913[[#This Row],[SATIŞ]]=0,"Açık",(E27-D27)*C27-3) -> Açık | G27: =IF(Tablo1348913[[#This Row],[ALIŞ]]>0,Tablo1348913[[#This Row],[ADET]]*Tablo1348913[[#This Row],[ALIŞ]]+1.5,0) -> 0 | H27: =IF(Tablo1348913[[#This Row],[SATIŞ]]>0,(Tablo1348913[[#This Row],[ADET]]*Tablo1348913[[#This Row],[SATIŞ]]-1.5),0) -> 0

Sheet BBIO
B1: ANA SAYFA | C1: =SUMIF(Tablo1348222324[KAR],"Açık",Tablo1348222324[ADET]) -> 156 | D1: =+İcmal!E9 -> 29.6 | E1: =C1*D1 -> 4617.6 | F1: =IFERROR(((SUM(Tablo1348222324[ALIŞ TUTAR])-SUM(Tablo1348222324[SATIŞ TUTAR]))/C1),"") -> 30.131026 | G1: =IF(M3=0,L3,C1*(D1-F1)) -> -82.84 | J1: 0.02 | L1: =M1*(1-$J$1) -> 29.528405 | M1: =F1 -> 30.131026 | N1: =M1*(1+$J$1) -> 30.733646 | P1: =Q1*(1-$J$1) -> 29.008 | Q1: =+D1 -> 29.6 | R1: =Q1*(1+$J$1) -> 30.192
B3: TARİH | C3: ADET | D3: ALIŞ | E3: SATIŞ | F3: KAR | G3: ALIŞ TUTAR | H3: SATIŞ TUTAR | L3: =SUM(Tablo1348222324[KAR]) -> 21.1 | M3: =C1 -> 156
B4: 45096 | C4: 14 | D4: 14.86 | F4: =IF(Tablo1348222324[[#This Row],[SATIŞ]]=0,"Açık",(E4-D4)*C4-3) -> Açık | G4: =IF(Tablo1348222324[[#This Row],[ALIŞ]]>0,Tablo1348222324[[#This Row],[ADET]]*Tablo1348222324[[#This Row],[ALIŞ]]+1.5,0) -> 209.54 | H4: =IF(Tablo1348222324[[#This Row],[SATIŞ]]>0,(Tablo1348222324[[#This Row],[ADET]]*Tablo1348222324[[#This Row],[SATIŞ]]-1.5),0) -> 0
B5: 45339 | C5: 10 | D5: 37 | E5: 34.81 | F5: =IF(Tablo1348222324[[#This Row],[SATIŞ]]=0,"Açık",(E5-D5)*C5-3) -> -24.9 | G5: =IF(Tablo1348222324[[#This Row],[ALIŞ]]>0,Tablo1348222324[[#This Row],[ADET]]*Tablo1348222324[[#This Row],[ALIŞ]]+1.5,0) -> 371.5 | H5: =IF(Tablo1348222324[[#This Row],[SATIŞ]]>0,(Tablo1348222324[[#This Row],[ADET]]*Tablo1348222324[[#This Row],[SATIŞ]]-1.5),0) -> 346.6
B6: 45339 | C6: 17 | D6: 37 | F6: =IF(Tablo1348222324[[#This Row],[SATIŞ]]=0,"Açık",(E6-D6)*C6-3) -> Açık | G6: =IF(Tablo1348222324[[#This Row],[ALIŞ]]>0,Tablo1348222324[[#This Row],[ADET]]*Tablo1348222324[[#This Row],[ALIŞ]]+1.5,0) -> 630.5 | H6: =IF(Tablo1348222324[[#This Row],[SATIŞ]]>0,(Tablo1348222324[[#This Row],[ADET]]*Tablo1348222324[[#This Row],[SATIŞ]]-1.5),0) -> 0
B7: 45355 | C7: 20 | D7: 35 | F7: =IF(Tablo1348222324[[#This Row],[SATIŞ]]=0,"Açık",(E7-D7)*C7-3) -> Açık | G7: =IF(Tablo1348222324[[#This Row],[ALIŞ]]>0,Tablo1348222324[[#This Row],[ADET]]*Tablo1348222324[[#This Row],[ALIŞ]]+1.5,0) -> 701.5 | H7: =IF(Tablo1348222324[[#This Row],[SATIŞ]]>0,(Tablo1348222324[[#This Row],[ADET]]*Tablo1348222324[[#This Row],[SATIŞ]]-1.5),0) -> 0
B8: 45355 | C8: 20 | D8: 32 | F8: =IF(Tablo1348222324[[#This Row],[SATIŞ]]=0,"Açık",(E8-D8)*C8-3) -> Açık | G8: =IF(Tablo1348222324[[#This Row],[ALIŞ]]>0,Tablo1348222324[[#This Row],[ADET]]*Tablo1348222324[[#This Row],[ALIŞ]]+1.5,0) -> 641.5 | H8: =IF(Tablo1348222324[[#This Row],[SATIŞ]]>0,(Tablo1348222324[[#This Row],[ADET]]*Tablo1348222324[[#This Row],[SATIŞ]]-1.5),0) -> 0
B9: 45355 | C9: 10 | D9: 32 | F9: =IF(Tablo1348222324[[#This Row],[SATIŞ]]=0,"Açık",(E9-D9)*C9-3) -> Açık | G9: =IF(Tablo1348222324[[#This Row],[ALIŞ]]>0,Tablo1348222324[[#This Row],[ADET]]*Tablo1348222324[[#This Row],[ALIŞ]]+1.5,0) -> 321.5 | H9: =IF(Tablo1348222324[[#This Row],[SATIŞ]]>0,(Tablo1348222324[[#This Row],[ADET]]*Tablo1348222324[[#This Row],[SATIŞ]]-1.5),0) -> 0
B10: 45356 | C10: 30 | D10: 30 | E10: 31 | F10: =IF(Tablo1348222324[[#This Row],[SATIŞ]]=0,"Açık",(E10-D10)*C10-3) -> 27 | G10: =IF(Tablo1348222324[[#This Row],[ALIŞ]]>0,Tablo1348222324[[#This Row],[ADET]]*Tablo1348222324[[#This Row],[ALIŞ]]+1.5,0) -> 901.5 | H10: =IF(Tablo1348222324[[#This Row],[SATIŞ]]>0,(Tablo1348222324[[#This Row],[ADET]]*Tablo1348222324[[#This Row],[SATIŞ]]-1.5),0) -> 928.5
B11: 45356 | C11: 25 | D11: 29.5 | E11: 30 | F11: =IF(Tablo1348222324[[#This Row],[SATIŞ]]=0,"Açık",(E11-D11)*C11-3) -> 9.5 | G11: =IF(Tablo1348222324[[#This Row],[ALIŞ]]>0,Tablo1348222324[[#This Row],[ADET]]*Tablo1348222324[[#This Row],[ALIŞ]]+1.5,0) -> 739 | H11: =IF(Tablo1348222324[[#This Row],[SATIŞ]]>0,(Tablo1348222324[[#This Row],[ADET]]*Tablo1348222324[[#This Row],[SATIŞ]]-1.5),0) -> 748.5 | J11: =+Tablo1348222324[[#This Row],[ALIŞ]]*1.02 -> 30.09
B12: 45356 | C12: 25 | D12: 29.5 | E12: 30 | F12: =IF(Tablo1348222324[[#This Row],[SATIŞ]]=0,"Açık",(E12-D12)*C12-3) -> 9.5 | G12: =IF(Tablo1348222324[[#This Row],[ALIŞ]]>0,Tablo1348222324[[#This Row],[ADET]]*Tablo1348222324[[#This Row],[ALIŞ]]+1.5,0) -> 739 | H12: =IF(Tablo1348222324[[#This Row],[SATIŞ]]>0,(Tablo1348222324[[#This Row],[ADET]]*Tablo1348222324[[#This Row],[SATIŞ]]-1.5),0) -> 748.5
B13: 45357 | C13: 25 | D13: 29.5 | F13: =IF(Tablo1348222324[[#This Row],[SATIŞ]]=0,"Açık",(E13-D13)*C13-3) -> Açık | G13: =IF(Tablo1348222324[[#This Row],[ALIŞ]]>0,Tablo1348222324[[#This Row],[ADET]]*Tablo1348222324[[#This Row],[ALIŞ]]+1.5,0) -> 739 | H13: =IF(Tablo1348222324[[#This Row],[SATIŞ]]>0,(Tablo1348222324[[#This Row],[ADET]]*Tablo1348222324[[#This Row],[SATIŞ]]-1.5),0) -> 0
B14: 45357 | C14: 25 | D14: 30 | F14: =IF(Tablo1348222324[[#This Row],[SATIŞ]]=0,"Açık",(E14-D14)*C14-3) -> Açık | G14: =IF(Tablo1348222324[[#This Row],[ALIŞ]]>0,Tablo1348222324[[#This Row],[ADET]]*Tablo1348222324[[#This Row],[ALIŞ]]+1.5,0) -> 751.5 | H14: =IF(Tablo1348222324[[#This Row],[SATIŞ]]>0,(Tablo1348222324[[#This Row],[ADET]]*Tablo1348222324[[#This Row],[SATIŞ]]-1.5),0) -> 0
B15: 45359 | C15: 25 | D15: 29 | F15: =IF(Tablo1348222324[[#This Row],[SATIŞ]]=0,"Açık",(E15-D15)*C15-3) -> Açık | G15: =IF(Tablo1348222324[[#This Row],[ALIŞ]]>0,Tablo1348222324[[#This Row],[ADET]]*Tablo1348222324[[#This Row],[ALIŞ]]+1.5,0) -> 726.5 | H15: =IF(Tablo1348222324[[#This Row],[SATIŞ]]>0,(Tablo1348222324[[#This Row],[ADET]]*Tablo1348222324[[#This Row],[SATIŞ]]-1.5),0) -> 0
F16: =IF(Tablo1348222324[[#This Row],[SATIŞ]]=0,"Açık",(E16-D16)*C16-3) -> Açık | G16: =IF(Tablo1348222324[[#This Row],[ALIŞ]]>0,Tablo1348222324[[#This Row],[ADET]]*Tablo1348222324[[#This Row],[ALIŞ]]+1.5,0) -> 0 | H16: =IF(Tablo1348222324[[#This Row],[SATIŞ]]>0,(Tablo1348222324[[#This Row],[ADET]]*Tablo1348222324[[#This Row],[SATIŞ]]-1.5),0) -> 0
F17: =IF(Tablo1348222324[[#This Row],[SATIŞ]]=0,"Açık",(E17-D17)*C17-3) -> Açık | G17: =IF(Tablo1348222324[[#This Row],[ALIŞ]]>0,Tablo1348222324[[#This Row],[ADET]]*Tablo1348222324[[#This Row],[ALIŞ]]+1.5,0) -> 0 | H17: =IF(Tablo1348222324[[#This Row],[SATIŞ]]>0,(Tablo1348222324[[#This Row],[ADET]]*Tablo1348222324[[#This Row],[SATIŞ]]-1.5),0) -> 0
F18: =IF(Tablo1348222324[[#This Row],[SATIŞ]]=0,"Açık",(E18-D18)*C18-3) -> Açık | G18: =IF(Tablo1348222324[[#This Row],[ALIŞ]]>0,Tablo1348222324[[#This Row],[ADET]]*Tablo1348222324[[#This Row],[ALIŞ]]+1.5,0) -> 0 | H18: =IF(Tablo1348222324[[#This Row],[SATIŞ]]>0,(Tablo1348222324[[#This Row],[ADET]]*Tablo1348222324[[#This Row],[SATIŞ]]-1.5),0) -> 0
F19: =IF(Tablo1348222324[[#This Row],[SATIŞ]]=0,"Açık",(E19-D19)*C19-3) -> Açık | G19: =IF(Tablo1348222324[[#This Row],[ALIŞ]]>0,Tablo1348222324[[#This Row],[ADET]]*Tablo1348222324[[#This Row],[ALIŞ]]+1.5,0) -> 0 | H19: =IF(Tablo1348222324[[#This Row],[SATIŞ]]>0,(Tablo1348222324[[#This Row],[ADET]]*Tablo1348222324[[#This Row],[SATIŞ]]-1.5),0) -> 0
F20: =IF(Tablo1348222324[[#This Row],[SATIŞ]]=0,"Açık",(E20-D20)*C20-3) -> Açık | G20: =IF(Tablo1348222324[[#This Row],[ALIŞ]]>0,Tablo1348222324[[#This Row],[ADET]]*Tablo1348222324[[#This Row],[ALIŞ]]+1.5,0) -> 0 | H20: =IF(Tablo1348222324[[#This Row],[SATIŞ]]>0,(Tablo1348222324[[#This Row],[ADET]]*Tablo1348222324[[#This Row],[SATIŞ]]-1.5),0) -> 0
F21: =IF(Tablo1348222324[[#This Row],[SATIŞ]]=0,"Açık",(E21-D21)*C21-3) -> Açık | G21: =IF(Tablo1348222324[[#This Row],[ALIŞ]]>0,Tablo1348222324[[#This Row],[ADET]]*Tablo1348222324[[#This Row],[ALIŞ]]+1.5,0) -> 0 | H21: =IF(Tablo1348222324[[#This Row],[SATIŞ]]>0,(Tablo1348222324[[#This Row],[ADET]]*Tablo1348222324[[#This Row],[SATIŞ]]-1.5),0) -> 0
F22: =IF(Tablo1348222324[[#This Row],[SATIŞ]]=0,"Açık",(E22-D22)*C22-3) -> Açık | G22: =IF(Tablo1348222324[[#This Row],[ALIŞ]]>0,Tablo1348222324[[#This Row],[ADET]]*Tablo1348222324[[#This Row],[ALIŞ]]+1.5,0) -> 0 | H22: =IF(Tablo1348222324[[#This Row],[SATIŞ]]>0,(Tablo1348222324[[#This Row],[ADET]]*Tablo1348222324[[#This Row],[SATIŞ]]-1.5),0) -> 0
F23: =IF(Tablo1348222324[[#This Row],[SATIŞ]]=0,"Açık",(E23-D23)*C23-3) -> Açık | G23: =IF(Tablo1348222324[[#This Row],[ALIŞ]]>0,Tablo1348222324[[#This Row],[ADET]]*Tablo1348222324[[#This Row],[ALIŞ]]+1.5,0) -> 0 | H23: =IF(Tablo1348222324[[#This Row],[SATIŞ]]>0,(Tablo1348222324[[#This Row],[ADET]]*Tablo1348222324[[#This Row],[SATIŞ]]-1.5),0) -> 0
F24: =IF(Tablo1348222324[[#This Row],[SATIŞ]]=0,"Açık",(E24-D24)*C24-3) -> Açık | G24: =IF(Tablo1348222324[[#This Row],[ALIŞ]]>0,Tablo1348222324[[#This Row],[ADET]]*Tablo1348222324[[#This Row],[ALIŞ]]+1.5,0) -> 0 | H24: =IF(Tablo1348222324[[#This Row],[SATIŞ]]>0,(Tablo1348222324[[#This Row],[ADET]]*Tablo1348222324[[#This Row],[SATIŞ]]-1.5),0) -> 0
F25: =IF(Tablo1348222324[[#This Row],[SATIŞ]]=0,"Açık",(E25-D25)*C25-3) -> Açık | G25: =IF(Tablo1348222324[[#This Row],[ALIŞ]]>0,Tablo1348222324[[#This Row],[ADET]]*Tablo1348222324[[#This Row],[ALIŞ]]+1.5,0) -> 0 | H25: =IF(Tablo1348222324[[#This Row],[SATIŞ]]>0,(Tablo1348222324[[#This Row],[ADET]]*Tablo1348222324[[#This Row],[SATIŞ]]-1.5),0) -> 0
F26: =IF(Tablo1348222324[[#This Row],[SATIŞ]]=0,"Açık",(E26-D26)*C26-3) -> Açık | G26: =IF(Tablo1348222324[[#This Row],[ALIŞ]]>0,Tablo1348222324[[#This Row],[ADET]]*Tablo1348222324[[#This Row],[ALIŞ]]+1.5,0) -> 0 | H26: =IF(Tablo1348222324[[#This Row],[SATIŞ]]>0,(Tablo1348222324[[#This Row],[ADET]]*Tablo1348222324[[#This Row],[SATIŞ]]-1.5),0) -> 0
F27: =IF(Tablo1348222324[[#This Row],[SATIŞ]]=0,"Açık",(E27-D27)*C27-3) -> Açık | G27: =IF(Tablo1348222324[[#This Row],[ALIŞ]]>0,Tablo1348222324[[#This Row],[ADET]]*Tablo1348222324[[#This Row],[ALIŞ]]+1.5,0) -> 0 | H27: =IF(Tablo1348222324[[#This Row],[SATIŞ]]>0,(Tablo1348222324[[#This Row],[ADET]]*Tablo1348222324[[#This Row],[SATIŞ]]-1.5),0) -> 0

Sheet BKCH
B1: ANA SAYFA | C1: =SUMIF(Tablo13482223[KAR],"Açık",Tablo13482223[ADET]) -> 40 | D1: =+İcmal!E10 -> 44.12 | E1: =C1*D1 -> 1764.8 | F1: =IFERROR(((SUM(Tablo13482223[ALIŞ TUTAR])-SUM(Tablo13482223[SATIŞ TUTAR]))/C1),"") -> 36.03775 | G1: =IF(M3=0,L3,C1*(D1-F1)) -> 323.29 | J1: 0.02 | L1: =M1*(1-$J$1) -> 35.316995 | M1: =F1 -> 36.03775 | N1: =M1*(1+$J$1) -> 36.758505 | P1: =Q1*(1-$J$1) -> 43.2376 | Q1: =+D1 -> 44.12 | R1: =Q1*(1+$J$1) -> 45.0024
B3: TARİH | C3: ADET | D3: ALIŞ | E3: SATIŞ | F3: KAR | G3: ALIŞ TUTAR | H3: SATIŞ TUTAR | L3: =SUM(Tablo13482223[KAR]) -> 421.49 | M3: =C1 -> 40
B4: 45076 | C4: 1 | D4: 26.02 | E4: 52 | F4: =IF(Tablo13482223[[#This Row],[SATIŞ]]=0,"Açık",(E4-D4)*C4-3) -> 22.98 | G4: =IF(Tablo13482223[[#This Row],[ALIŞ]]>0,Tablo13482223[[#This Row],[ADET]]*Tablo13482223[[#This Row],[ALIŞ]]+1.5,0) -> 27.52 | H4: =IF(Tablo13482223[[#This Row],[SATIŞ]]>0,(Tablo13482223[[#This Row],[ADET]]*Tablo13482223[[#This Row],[SATIŞ]]-1.5),0) -> 50.5
B5: 45076 | C5: 7 | D5: 26.02 | E5: 43.3 | F5: =IF(Tablo13482223[[#This Row],[SATIŞ]]=0,"Açık",(E5-D5)*C5-3) -> 117.96 | G5: =IF(Tablo13482223[[#This Row],[ALIŞ]]>0,Tablo13482223[[#This Row],[ADET]]*Tablo13482223[[#This Row],[ALIŞ]]+1.5,0) -> 183.64 | H5: =IF(Tablo13482223[[#This Row],[SATIŞ]]>0,(Tablo13482223[[#This Row],[ADET]]*Tablo13482223[[#This Row],[SATIŞ]]-1.5),0) -> 301.6
B6: 45089 | C6: 9 | D6: 23.79 | E6: 24.5 | F6: =IF(Tablo13482223[[#This Row],[SATIŞ]]=0,"Açık",(E6-D6)*C6-3) -> 3.39 | G6: =IF(Tablo13482223[[#This Row],[ALIŞ]]>0,Tablo13482223[[#This Row],[ADET]]*Tablo13482223[[#This Row],[ALIŞ]]+1.5,0) -> 215.61 | H6: =IF(Tablo13482223[[#This Row],[SATIŞ]]>0,(Tablo13482223[[#This Row],[ADET]]*Tablo13482223[[#This Row],[SATIŞ]]-1.5),0) -> 219
B7: 45092 | C7: 9 | D7: 23.9 | E7: 25.05 | F7: =IF(Tablo13482223[[#This Row],[SATIŞ]]=0,"Açık",(E7-D7)*C7-3) -> 7.35 | G7: =IF(Tablo13482223[[#This Row],[ALIŞ]]>0,Tablo13482223[[#This Row],[ADET]]*Tablo13482223[[#This Row],[ALIŞ]]+1.5,0) -> 216.6 | H7: =IF(Tablo13482223[[#This Row],[SATIŞ]]>0,(Tablo13482223[[#This Row],[ADET]]*Tablo13482223[[#This Row],[SATIŞ]]-1.5),0) -> 223.95
B8: 45121 | C8: 7 | D8: 42 | E8: 58 | F8: =IF(Tablo13482223[[#This Row],[SATIŞ]]=0,"Açık",(E8-D8)*C8-3) -> 109 | G8: =IF(Tablo13482223[[#This Row],[ALIŞ]]>0,Tablo13482223[[#This Row],[ADET]]*Tablo13482223[[#This Row],[ALIŞ]]+1.5,0) -> 295.5 | H8: =IF(Tablo13482223[[#This Row],[SATIŞ]]>0,(Tablo13482223[[#This Row],[ADET]]*Tablo13482223[[#This Row],[SATIŞ]]-1.5),0) -> 404.5
B9: 45139 | C9: 3 | D9: 36.63 | E9: 48 | F9: =IF(Tablo13482223[[#This Row],[SATIŞ]]=0,"Açık",(E9-D9)*C9-3) -> 31.11 | G9: =IF(Tablo13482223[[#This Row],[ALIŞ]]>0,Tablo13482223[[#This Row],[ADET]]*Tablo13482223[[#This Row],[ALIŞ]]+1.5,0) -> 111.39 | H9: =IF(Tablo13482223[[#This Row],[SATIŞ]]>0,(Tablo13482223[[#This Row],[ADET]]*Tablo13482223[[#This Row],[SATIŞ]]-1.5),0) -> 142.5
B10: 45349 | C10: 10 | D10: 56 | E10: 48 | F10: =IF(Tablo13482223[[#This Row],[SATIŞ]]=0,"Açık",(E10-D10)*C10-3) -> -83 | G10: =IF(Tablo13482223[[#This Row],[ALIŞ]]>0,Tablo13482223[[#This Row],[ADET]]*Tablo13482223[[#This Row],[ALIŞ]]+1.5,0) -> 561.5 | H10: =IF(Tablo13482223[[#This Row],[SATIŞ]]>0,(Tablo13482223[[#This Row],[ADET]]*Tablo13482223[[#This Row],[SATIŞ]]-1.5),0) -> 478.5
B11: 45350 | C11: 7 | D11: 50 | E11: 48 | F11: =IF(Tablo13482223[[#This Row],[SATIŞ]]=0,"Açık",(E11-D11)*C11-3) -> -17 | G11: =IF(Tablo13482223[[#This Row],[ALIŞ]]>0,Tablo13482223[[#This Row],[ADET]]*Tablo13482223[[#This Row],[ALIŞ]]+1.5,0) -> 351.5 | H11: =IF(Tablo13482223[[#This Row],[SATIŞ]]>0,(Tablo13482223[[#This Row],[ADET]]*Tablo13482223[[#This Row],[SATIŞ]]-1.5),0) -> 334.5
B12: 45351 | C12: 10 | D12: 47 | E12: 52 | F12: =IF(Tablo13482223[[#This Row],[SATIŞ]]=0,"Açık",(E12-D12)*C12-3) -> 47 | G12: =IF(Tablo13482223[[#This Row],[ALIŞ]]>0,Tablo13482223[[#This Row],[ADET]]*Tablo13482223[[#This Row],[ALIŞ]]+1.5,0) -> 471.5 | H12: =IF(Tablo13482223[[#This Row],[SATIŞ]]>0,(Tablo13482223[[#This Row],[ADET]]*Tablo13482223[[#This Row],[SATIŞ]]-1.5),0) -> 518.5 | J12: =+Tablo13482223[[#This Row],[ALIŞ]]*1.02 -> 47.94
B13: 45351 | C13: 10 | D13: 47 | E13: 50 | F13: =IF(Tablo13482223[[#This Row],[SATIŞ]]=0,"Açık",(E13-D13)*C13-3) -> 27 | G13: =IF(Tablo13482223[[#This Row],[ALIŞ]]>0,Tablo13482223[[#This Row],[ADET]]*Tablo13482223[[#This Row],[ALIŞ]]+1.5,0) -> 471.5 | H13: =IF(Tablo13482223[[#This Row],[SATIŞ]]>0,(Tablo13482223[[#This Row],[ADET]]*Tablo13482223[[#This Row],[SATIŞ]]-1.5),0) -> 498.5
B14: 45355 | C14: 10 | D14: 50 | E14: 50 | F14: =IF(Tablo13482223[[#This Row],[SATIŞ]]=0,"Açık",(E14-D14)*C14-3) -> -3 | G14: =IF(Tablo13482223[[#This Row],[ALIŞ]]>0,Tablo13482223[[#This Row],[ADET]]*Tablo13482223[[#This Row],[ALIŞ]]+1.5,0) -> 501.5 | H14: =IF(Tablo13482223[[#This Row],[SATIŞ]]>0,(Tablo13482223[[#This Row],[ADET]]*Tablo13482223[[#This Row],[SATIŞ]]-1.5),0) -> 498.5
B15: 45355 | C15: 5 | D15: 50 | E15: 49.42 | F15: =IF(Tablo13482223[[#This Row],[SATIŞ]]=0,"Açık",(E15-D15)*C15-3) -> -5.9 | G15: =IF(Tablo13482223[[#This Row],[ALIŞ]]>0,Tablo13482223[[#This Row],[ADET]]*Tablo13482223[[#This Row],[ALIŞ]]+1.5,0) -> 251.5 | H15: =IF(Tablo13482223[[#This Row],[SATIŞ]]>0,(Tablo13482223[[#This Row],[ADET]]*Tablo13482223[[#This Row],[SATIŞ]]-1.5),0) -> 245.6
B16: 45355 | C16: 15 | D16: 47 | E16: 49.42 | F16: =IF(Tablo13482223[[#This Row],[SATIŞ]]=0,"Açık",(E16-D16)*C16-3) -> 33.3 | G16: =IF(Tablo13482223[[#This Row],[ALIŞ]]>0,Tablo13482223[[#This Row],[ADET]]*Tablo13482223[[#This Row],[ALIŞ]]+1.5,0) -> 706.5 | H16: =IF(Tablo13482223[[#This Row],[SATIŞ]]>0,(Tablo13482223[[#This Row],[ADET]]*Tablo13482223[[#This Row],[SATIŞ]]-1.5),0) -> 739.8
B17: 45355 | C17: 15 | D17: 47 | E17: 49.42 | F17: =IF(Tablo13482223[[#This Row],[SATIŞ]]=0,"Açık",(E17-D17)*C17-3) -> 33.3 | G17: =IF(Tablo13482223[[#This Row],[ALIŞ]]>0,Tablo13482223[[#This Row],[ADET]]*Tablo13482223[[#This Row],[ALIŞ]]+1.5,0) -> 706.5 | H17: =IF(Tablo13482223[[#This Row],[SATIŞ]]>0,(Tablo13482223[[#This Row],[ADET]]*Tablo13482223[[#This Row],[SATIŞ]]-1.5),0) -> 739.8
B18: 45356 | C18: 15 | D18: 45 | E18: 47 | F18: =IF(Tablo13482223[[#This Row],[SATIŞ]]=0,"Açık",(E18-D18)*C18-3) -> 27 | G18: =IF(Tablo13482223[[#This Row],[ALIŞ]]>0,Tablo13482223[[#This Row],[ADET]]*Tablo13482223[[#This Row],[ALIŞ]]+1.5,0) -> 676.5 | H18: =IF(Tablo13482223[[#This Row],[SATIŞ]]>0,(Tablo13482223[[#This Row],[ADET]]*Tablo13482223[[#This Row],[SATIŞ]]-1.5),0) -> 703.5
B19: 45356 | C19: 10 | D19: 44 | E19: 45 | F19: =IF(Tablo13482223[[#This Row],[SATIŞ]]=0,"Açık",(E19-D19)*C19-3) -> 7 | G19: =IF(Tablo13482223[[#This Row],[ALIŞ]]>0,Tablo13482223[[#This Row],[ADET]]*Tablo13482223[[#This Row],[ALIŞ]]+1.5,0) -> 441.5 | H19: =IF(Tablo13482223[[#This Row],[SATIŞ]]>0,(Tablo13482223[[#This Row],[ADET]]*Tablo13482223[[#This Row],[SATIŞ]]-1.5),0) -> 448.5
B20: 45356 | C20: 10 | D20: 44 | E20: 47 | F20: =IF(Tablo13482223[[#This Row],[SATIŞ]]=0,"Açık",(E20-D20)*C20-3) -> 27 | G20: =IF(Tablo13482223[[#This Row],[ALIŞ]]>0,Tablo13482223[[#This Row],[ADET]]*Tablo13482223[[#This Row],[ALIŞ]]+1.5,0) -> 441.5 | H20: =IF(Tablo13482223[[#This Row],[SATIŞ]]>0,(Tablo13482223[[#This Row],[ADET]]*Tablo13482223[[#This Row],[SATIŞ]]-1.5),0) -> 468.5
B21: 45356 | C21: 20 | D21: 45 | E21: 47 | F21: =IF(Tablo13482223[[#This Row],[SATIŞ]]=0,"Açık",(E21-D21)*C21-3) -> 37 | G21: =IF(Tablo13482223[[#This Row],[ALIŞ]]>0,Tablo13482223[[#This Row],[ADET]]*Tablo13482223[[#This Row],[ALIŞ]]+1.5,0) -> 901.5 | H21: =IF(Tablo13482223[[#This Row],[SATIŞ]]>0,(Tablo13482223[[#This Row],[ADET]]*Tablo13482223[[#This Row],[SATIŞ]]-1.5),0) -> 938.5
B22: 45358 | C22: 20 | D22: 45 | F22: =IF(Tablo13482223[[#This Row],[SATIŞ]]=0,"Açık",(E22-D22)*C22-3) -> Açık | G22: =IF(Tablo13482223[[#This Row],[ALIŞ]]>0,Tablo13482223[[#This Row],[ADET]]*Tablo13482223[[#This Row],[ALIŞ]]+1.5,0) -> 901.5 | H22: =IF(Tablo13482223[[#This Row],[SATIŞ]]>0,(Tablo13482223[[#This Row],[ADET]]*Tablo13482223[[#This Row],[SATIŞ]]-1.5),0) -> 0
B23: 45359 | C23: 20 | D23: 48 | F23: =IF(Tablo13482223[[#This Row],[SATIŞ]]=0,"Açık",(E23-D23)*C23-3) -> Açık | G23: =IF(Tablo13482223[[#This Row],[ALIŞ]]>0,Tablo13482223[[#This Row],[ADET]]*Tablo13482223[[#This Row],[ALIŞ]]+1.5,0) -> 961.5 | H23: =IF(Tablo13482223[[#This Row],[SATIŞ]]>0,(Tablo13482223[[#This Row],[ADET]]*Tablo13482223[[#This Row],[SATIŞ]]-1.5),0) -> 0
F24: =IF(Tablo13482223[[#This Row],[SATIŞ]]=0,"Açık",(E24-D24)*C24-3) -> Açık | G24: =IF(Tablo13482223[[#This Row],[ALIŞ]]>0,Tablo13482223[[#This Row],[ADET]]*Tablo13482223[[#This Row],[ALIŞ]]+1.5,0) -> 0 | H24: =IF(Tablo13482223[[#This Row],[SATIŞ]]>0,(Tablo13482223[[#This Row],[ADET]]*Tablo13482223[[#This Row],[SATIŞ]]-1.5),0) -> 0
F25: =IF(Tablo13482223[[#This Row],[SATIŞ]]=0,"Açık",(E25-D25)*C25-3) -> Açık | G25: =IF(Tablo13482223[[#This Row],[ALIŞ]]>0,Tablo13482223[[#This Row],[ADET]]*Tablo13482223[[#This Row],[ALIŞ]]+1.5,0) -> 0 | H25: =IF(Tablo13482223[[#This Row],[SATIŞ]]>0,(Tablo13482223[[#This Row],[ADET]]*Tablo13482223[[#This Row],[SATIŞ]]-1.5),0) -> 0
F26: =IF(Tablo13482223[[#This Row],[SATIŞ]]=0,"Açık",(E26-D26)*C26-3) -> Açık | G26: =IF(Tablo13482223[[#This Row],[ALIŞ]]>0,Tablo13482223[[#This Row],[ADET]]*Tablo13482223[[#This Row],[ALIŞ]]+1.5,0) -> 0 | H26: =IF(Tablo13482223[[#This Row],[SATIŞ]]>0,(Tablo13482223[[#This Row],[ADET]]*Tablo13482223[[#This Row],[SATIŞ]]-1.5),0) -> 0
F27: =IF(Tablo13482223[[#This Row],[SATIŞ]]=0,"Açık",(E27-D27)*C27-3) -> Açık | G27: =IF(Tablo13482223[[#This Row],[ALIŞ]]>0,Tablo13482223[[#This Row],[ADET]]*Tablo13482223[[#This Row],[ALIŞ]]+1.5,0) -> 0 | H27: =IF(Tablo13482223[[#This Row],[SATIŞ]]>0,(Tablo13482223[[#This Row],[ADET]]*Tablo13482223[[#This Row],[SATIŞ]]-1.5),0) -> 0
F28: =IF(Tablo13482223[[#This Row],[SATIŞ]]=0,"Açık",(E28-D28)*C28-3) -> Açık | G28: =IF(Tablo13482223[[#This Row],[ALIŞ]]>0,Tablo13482223[[#This Row],[ADET]]*Tablo13482223[[#This Row],[ALIŞ]]+1.5,0) -> 0 | H28: =IF(Tablo13482223[[#This Row],[SATIŞ]]>0,(Tablo13482223[[#This Row],[ADET]]*Tablo13482223[[#This Row],[SATIŞ]]-1.5),0) -> 0
F29: =IF(Tablo13482223[[#This Row],[SATIŞ]]=0,"Açık",(E29-D29)*C29-3) -> Açık | G29: =IF(Tablo13482223[[#This Row],[ALIŞ]]>0,Tablo13482223[[#This Row],[ADET]]*Tablo13482223[[#This Row],[ALIŞ]]+1.5,0) -> 0 | H29: =IF(Tablo13482223[[#This Row],[SATIŞ]]>0,(Tablo13482223[[#This Row],[ADET]]*Tablo13482223[[#This Row],[SATIŞ]]-1.5),0) -> 0

Sheet CAH
B1: ANA SAYFA | C1: =SUMIF(Tablo1342627282930313233[KAR],"Açık",Tablo1342627282930313233[ADET]) -> 0.75 | D1: =+İcmal!E11 -> 112.92 | E1: =C1*D1 -> 84.69 | F1: =IFERROR(((SUM(Tablo1342627282930313233[ALIŞ TUTAR])-SUM(Tablo1342627282930313233[SATIŞ TUTAR]))/C1),"") -> -67.55 | G1: =IF(M3=0,L3,C1*(D1-F1)) -> 135.3525 | J1: 0.02 | L1: =M1*(1-$J$1) -> -66.199 | M1: =F1 -> -67.55 | N1: =M1*(1+$J$1) -> -68.901 | P1: =Q1*(1-$J$1) -> 110.6616 | Q1: =+D1 -> 112.92 | R1: =Q1*(1+$J$1) -> 115.1784
B3: TARİH | C3: ADET | D3: ALIŞ | E3: SATIŞ | F3: KAR | G3: ALIŞ TUTAR | H3: SATIŞ TUTAR | L3: =SUM(Tablo1342627282930313233[KAR]) -> 129.4125 | M3: =C1 -> 0.75
B4: 45328 | C4: 9 | D4: 104.02 | E4: 112 | F4: =IF(Tablo1342627282930313233[[#This Row],[SATIŞ]]=0,"Açık",(E4-D4)*C4-3) -> 68.82 | G4: =IF(Tablo1342627282930313233[[#This Row],[ALIŞ]]>0,Tablo1342627282930313233[[#This Row],[ADET]]*Tablo1342627282930313233[[#This Row],[ALIŞ]]+1.5,0) -> 937.68 | H4: =IF(Tablo1342627282930313233[[#This Row],[SATIŞ]]>0,(Tablo1342627282930313233[[#This Row],[ADET]]*Tablo1342627282930313233[[#This Row],[SATIŞ]]-1.5),0) -> 1006.5
B5: 45330 | C5: 0.75 | D5: 103 | F5: =IF(Tablo1342627282930313233[[#This Row],[SATIŞ]]=0,"Açık",(E5-D5)*C5-3) -> Açık | G5: =IF(Tablo1342627282930313233[[#This Row],[ALIŞ]]>0,Tablo1342627282930313233[[#This Row],[ADET]]*Tablo1342627282930313233[[#This Row],[ALIŞ]]+1.5,0) -> 78.75 | H5: =IF(Tablo1342627282930313233[[#This Row],[SATIŞ]]>0,(Tablo1342627282930313233[[#This Row],[ADET]]*Tablo1342627282930313233[[#This Row],[SATIŞ]]-1.5),0) -> 0
B6: 45330 | C6: 4.25 | D6: 103 | E6: 109.69 | F6: =IF(Tablo1342627282930313233[[#This Row],[SATIŞ]]=0,"Açık",(E6-D6)*C6-3) -> 25.4325 | G6: =IF(Tablo1342627282930313233[[#This Row],[ALIŞ]]>0,Tablo1342627282930313233[[#This Row],[ADET]]*Tablo1342627282930313233[[#This Row],[ALIŞ]]+1.5,0) -> 439.25 | H6: =IF(Tablo1342627282930313233[[#This Row],[SATIŞ]]>0,(Tablo1342627282930313233[[#This Row],[ADET]]*Tablo1342627282930313233[[#This Row],[SATIŞ]]-1.5),0) -> 464.6825
B7: 45330 | C7: 3 | D7: 102.28 | E7: 115 | F7: =IF(Tablo1342627282930313233[[#This Row],[SATIŞ]]=0,"Açık",(E7-D7)*C7-3) -> 35.16 | G7: =IF(Tablo1342627282930313233[[#This Row],[ALIŞ]]>0,Tablo1342627282930313233[[#This Row],[ADET]]*Tablo1342627282930313233[[#This Row],[ALIŞ]]+1.5,0) -> 308.34 | H7: =IF(Tablo1342627282930313233[[#This Row],[SATIŞ]]>0,(Tablo1342627282930313233[[#This Row],[ADET]]*Tablo1342627282930313233[[#This Row],[SATIŞ]]-1.5),0) -> 343.5
F8: =IF(Tablo1342627282930313233[[#This Row],[SATIŞ]]=0,"Açık",(E8-D8)*C8-3) -> Açık | G8: =IF(Tablo1342627282930313233[[#This Row],[ALIŞ]]>0,Tablo1342627282930313233[[#This Row],[ADET]]*Tablo1342627282930313233[[#This Row],[ALIŞ]]+1.5,0) -> 0 | H8: =IF(Tablo1342627282930313233[[#This Row],[SATIŞ]]>0,(Tablo1342627282930313233[[#This Row],[ADET]]*Tablo1342627282930313233[[#This Row],[SATIŞ]]-1.5),0) -> 0
F9: =IF(Tablo1342627282930313233[[#This Row],[SATIŞ]]=0,"Açık",(E9-D9)*C9-3) -> Açık | G9: =IF(Tablo1342627282930313233[[#This Row],[ALIŞ]]>0,Tablo1342627282930313233[[#This Row],[ADET]]*Tablo1342627282930313233[[#This Row],[ALIŞ]]+1.5,0) -> 0 | H9: =IF(Tablo1342627282930313233[[#This Row],[SATIŞ]]>0,(Tablo1342627282930313233[[#This Row],[ADET]]*Tablo1342627282930313233[[#This Row],[SATIŞ]]-1.5),0) -> 0
F10: =IF(Tablo1342627282930313233[[#This Row],[SATIŞ]]=0,"Açık",(E10-D10)*C10-3) -> Açık | G10: =IF(Tablo1342627282930313233[[#This Row],[ALIŞ]]>0,Tablo1342627282930313233[[#This Row],[ADET]]*Tablo1342627282930313233[[#This Row],[ALIŞ]]+1.5,0) -> 0 | H10: =IF(Tablo1342627282930313233[[#This Row],[SATIŞ]]>0,(Tablo1342627282930313233[[#This Row],[ADET]]*Tablo1342627282930313233[[#This Row],[SATIŞ]]-1.5),0) -> 0
F11: =IF(Tablo1342627282930313233[[#This Row],[SATIŞ]]=0,"Açık",(E11-D11)*C11-3) -> Açık | G11: =IF(Tablo1342627282930313233[[#This Row],[ALIŞ]]>0,Tablo1342627282930313233[[#This Row],[ADET]]*Tablo1342627282930313233[[#This Row],[ALIŞ]]+1.5,0) -> 0 | H11: =IF(Tablo1342627282930313233[[#This Row],[SATIŞ]]>0,(Tablo1342627282930313233[[#This Row],[ADET]]*Tablo1342627282930313233[[#This Row],[SATIŞ]]-1.5),0) -> 0
F12: =IF(Tablo1342627282930313233[[#This Row],[SATIŞ]]=0,"Açık",(E12-D12)*C12-3) -> Açık | G12: =IF(Tablo1342627282930313233[[#This Row],[ALIŞ]]>0,Tablo1342627282930313233[[#This Row],[ADET]]*Tablo1342627282930313233[[#This Row],[ALIŞ]]+1.5,0) -> 0 | H12: =IF(Tablo1342627282930313233[[#This Row],[SATIŞ]]>0,(Tablo1342627282930313233[[#This Row],[ADET]]*Tablo1342627282930313233[[#This Row],[SATIŞ]]-1.5),0) -> 0 | J12: =+Tablo1342627282930313233[[#This Row],[ALIŞ]]*1.02 -> 0
F13: =IF(Tablo1342627282930313233[[#This Row],[SATIŞ]]=0,"Açık",(E13-D13)*C13-3) -> Açık | G13: =IF(Tablo1342627282930313233[[#This Row],[ALIŞ]]>0,Tablo1342627282930313233[[#This Row],[ADET]]*Tablo1342627282930313233[[#This Row],[ALIŞ]]+1.5,0) -> 0 | H13: =IF(Tablo1342627282930313233[[#This Row],[SATIŞ]]>0,(Tablo1342627282930313233[[#This Row],[ADET]]*Tablo1342627282930313233[[#This Row],[SATIŞ]]-1.5),0) -> 0
F14: =IF(Tablo1342627282930313233[[#This Row],[SATIŞ]]=0,"Açık",(E14-D14)*C14-3) -> Açık | G14: =IF(Tablo1342627282930313233[[#This Row],[ALIŞ]]>0,Tablo1342627282930313233[[#This Row],[ADET]]*Tablo1342627282930313233[[#This Row],[ALIŞ]]+1.5,0) -> 0 | H14: =IF(Tablo1342627282930313233[[#This Row],[SATIŞ]]>0,(Tablo1342627282930313233[[#This Row],[ADET]]*Tablo1342627282930313233[[#This Row],[SATIŞ]]-1.5),0) -> 0
F15: =IF(Tablo1342627282930313233[[#This Row],[SATIŞ]]=0,"Açık",(E15-D15)*C15-3) -> Açık | G15: =IF(Tablo1342627282930313233[[#This Row],[ALIŞ]]>0,Tablo1342627282930313233[[#This Row],[ADET]]*Tablo1342627282930313233[[#This Row],[ALIŞ]]+1.5,0) -> 0 | H15: =IF(Tablo1342627282930313233[[#This Row],[SATIŞ]]>0,(Tablo1342627282930313233[[#This Row],[ADET]]*Tablo1342627282930313233[[#This Row],[SATIŞ]]-1.5),0) -> 0
F16: =IF(Tablo1342627282930313233[[#This Row],[SATIŞ]]=0,"Açık",(E16-D16)*C16-3) -> Açık | G16: =IF(Tablo1342627282930313233[[#This Row],[ALIŞ]]>0,Tablo1342627282930313233[[#This Row],[ADET]]*Tablo1342627282930313233[[#This Row],[ALIŞ]]+1.5,0) -> 0 | H16: =IF(Tablo1342627282930313233[[#This Row],[SATIŞ]]>0,(Tablo1342627282930313233[[#This Row],[ADET]]*Tablo1342627282930313233[[#This Row],[SATIŞ]]-1.5),0) -> 0
F17: =IF(Tablo1342627282930313233[[#This Row],[SATIŞ]]=0,"Açık",(E17-D17)*C17-3) -> Açık | G17: =IF(Tablo1342627282930313233[[#This Row],[ALIŞ]]>0,Tablo1342627282930313233[[#This Row],[ADET]]*Tablo1342627282930313233[[#This Row],[ALIŞ]]+1.5,0) -> 0 | H17: =IF(Tablo1342627282930313233[[#This Row],[SATIŞ]]>0,(Tablo1342627282930313233[[#This Row],[ADET]]*Tablo1342627282930313233[[#This Row],[SATIŞ]]-1.5),0) -> 0
F18: =IF(Tablo1342627282930313233[[#This Row],[SATIŞ]]=0,"Açık",(E18-D18)*C18-3) -> Açık | G18: =IF(Tablo1342627282930313233[[#This Row],[ALIŞ]]>0,Tablo1342627282930313233[[#This Row],[ADET]]*Tablo1342627282930313233[[#This Row],[ALIŞ]]+1.5,0) -> 0 | H18: =IF(Tablo1342627282930313233[[#This Row],[SATIŞ]]>0,(Tablo1342627282930313233[[#This Row],[ADET]]*Tablo1342627282930313233[[#This Row],[SATIŞ]]-1.5),0) -> 0
F19: =IF(Tablo1342627282930313233[[#This Row],[SATIŞ]]=0,"Açık",(E19-D19)*C19-3) -> Açık | G19: =IF(Tablo1342627282930313233[[#This Row],[ALIŞ]]>0,Tablo1342627282930313233[[#This Row],[ADET]]*Tablo1342627282930313233[[#This Row],[ALIŞ]]+1.5,0) -> 0 | H19: =IF(Tablo1342627282930313233[[#This Row],[SATIŞ]]>0,(Tablo1342627282930313233[[#This Row],[ADET]]*Tablo1342627282930313233[[#This Row],[SATIŞ]]-1.5),0) -> 0
F20: =IF(Tablo1342627282930313233[[#This Row],[SATIŞ]]=0,"Açık",(E20-D20)*C20-3) -> Açık | G20: =IF(Tablo1342627282930313233[[#This Row],[ALIŞ]]>0,Tablo1342627282930313233[[#This Row],[ADET]]*Tablo1342627282930313233[[#This Row],[ALIŞ]]+1.5,0) -> 0 | H20: =IF(Tablo1342627282930313233[[#This Row],[SATIŞ]]>0,(Tablo1342627282930313233[[#This Row],[ADET]]*Tablo1342627282930313233[[#This Row],[SATIŞ]]-1.5),0) -> 0
F21: =IF(Tablo1342627282930313233[[#This Row],[SATIŞ]]=0,"Açık",(E21-D21)*C21-3) -> Açık | G21: =IF(Tablo1342627282930313233[[#This Row],[ALIŞ]]>0,Tablo1342627282930313233[[#This Row],[ADET]]*Tablo1342627282930313233[[#This Row],[ALIŞ]]+1.5,0) -> 0 | H21: =IF(Tablo1342627282930313233[[#This Row],[SATIŞ]]>0,(Tablo1342627282930313233[[#This Row],[ADET]]*Tablo1342627282930313233[[#This Row],[SATIŞ]]-1.5),0) -> 0
F22: =IF(Tablo1342627282930313233[[#This Row],[SATIŞ]]=0,"Açık",(E22-D22)*C22-3) -> Açık | G22: =IF(Tablo1342627282930313233[[#This Row],[ALIŞ]]>0,Tablo1342627282930313233[[#This Row],[ADET]]*Tablo1342627282930313233[[#This Row],[ALIŞ]]+1.5,0) -> 0 | H22: =IF(Tablo1342627282930313233[[#This Row],[SATIŞ]]>0,(Tablo1342627282930313233[[#This Row],[ADET]]*Tablo1342627282930313233[[#This Row],[SATIŞ]]-1.5),0) -> 0
F23: =IF(Tablo1342627282930313233[[#This Row],[SATIŞ]]=0,"Açık",(E23-D23)*C23-3) -> Açık | G23: =IF(Tablo1342627282930313233[[#This Row],[ALIŞ]]>0,Tablo1342627282930313233[[#This Row],[ADET]]*Tablo1342627282930313233[[#This Row],[ALIŞ]]+1.5,0) -> 0 | H23: =IF(Tablo1342627282930313233[[#This Row],[SATIŞ]]>0,(Tablo1342627282930313233[[#This Row],[ADET]]*Tablo1342627282930313233[[#This Row],[SATIŞ]]-1.5),0) -> 0
F24: =IF(Tablo1342627282930313233[[#This Row],[SATIŞ]]=0,"Açık",(E24-D24)*C24-3) -> Açık | G24: =IF(Tablo1342627282930313233[[#This Row],[ALIŞ]]>0,Tablo1342627282930313233[[#This Row],[ADET]]*Tablo1342627282930313233[[#This Row],[ALIŞ]]+1.5,0) -> 0 | H24: =IF(Tablo1342627282930313233[[#This Row],[SATIŞ]]>0,(Tablo1342627282930313233[[#This Row],[ADET]]*Tablo1342627282930313233[[#This Row],[SATIŞ]]-1.5),0) -> 0
... F28: =IF(Tablo1342627282930313233[[#This Row],[SATIŞ]]=0,"Açık",(E28-D28)*C28-3) -> Açık | G28: =IF(Tablo1342627282930313233[[#This Row],[ALIŞ]]>0,Tablo1342627282930313233[[#This Row],[ADET]]*Tablo1342627282930313233[[#This Row],[ALIŞ]]+1.5,0) -> 0 | H28: =IF(Tablo1342627282930313233[[#This Row],[SATIŞ]]>0,(Tablo1342627282930313233[[#This Row],[ADET]]*Tablo1342627282930313233[[#This Row],[SATIŞ]]-1.5),0) -> 0

Sheet CLM
B1: ANA SAYFA | C1: =SUMIF(Tablo134[KAR],"Açık",Tablo134[ADET]) -> 0 | E1: =C1*D1 -> 0 | F1: =IFERROR(((SUM(Tablo134[ALIŞ TUTAR])-SUM(Tablo134[SATIŞ TUTAR]))/C1),"") | G1: =IF(M3=0,L3,C1*(D1-F1)) -> 9.95 | J1: 0.02 | L1: =M1*(1-$J$1) -> #VALUE! | M1: =F1 | N1: =M1*(1+$J$1) -> #VALUE! | P1: =Q1*(1-$J$1) -> 0 | Q1: =+D1 -> 0 | R1: =Q1*(1+$J$1) -> 0
B3: TARİH | C3: ADET | D3: ALIŞ | E3: SATIŞ | F3: KAR | G3: ALIŞ TUTAR | H3: SATIŞ TUTAR | L3: =SUM(Tablo134[KAR]) -> 9.95 | M3: =C1 -> 0
B4: 44725 | C4: 10 | D4: 9.01 | E4: 9.75 | F4: =IF(Tablo134[[#This Row],[SATIŞ]]=0,"Açık",(E4-D4)*C4-3) -> 4.4 | G4: =IF(Tablo134[[#This Row],[ALIŞ]]>0,Tablo134[[#This Row],[ADET]]*Tablo134[[#This Row],[ALIŞ]]+1.5,0) -> 91.6 | H4: =IF(Tablo134[[#This Row],[SATIŞ]]>0,(Tablo134[[#This Row],[ADET]]*Tablo134[[#This Row],[SATIŞ]]-1.5),0) -> 96
B5: 44763 | C5: 15 | D5: 9.18 | E5: 9.75 | F5: =IF(Tablo134[[#This Row],[SATIŞ]]=0,"Açık",(E5-D5)*C5-3) -> 5.55 | G5: =IF(Tablo134[[#This Row],[ALIŞ]]>0,Tablo134[[#This Row],[ADET]]*Tablo134[[#This Row],[ALIŞ]]+1.5,0) -> 139.2 | H5: =IF(Tablo134[[#This Row],[SATIŞ]]>0,(Tablo134[[#This Row],[ADET]]*Tablo134[[#This Row],[SATIŞ]]-1.5),0) -> 144.75
F6: =IF(Tablo134[[#This Row],[SATIŞ]]=0,"Açık",(E6-D6)*C6-3) -> Açık | G6: =IF(Tablo134[[#This Row],[ALIŞ]]>0,Tablo134[[#This Row],[ADET]]*Tablo134[[#This Row],[ALIŞ]]+1.5,0) -> 0 | H6: =IF(Tablo134[[#This Row],[SATIŞ]]>0,(Tablo134[[#This Row],[ADET]]*Tablo134[[#This Row],[SATIŞ]]-1.5),0) -> 0
F7: =IF(Tablo134[[#This Row],[SATIŞ]]=0,"Açık",(E7-D7)*C7-3) -> Açık | G7: =IF(Tablo134[[#This Row],[ALIŞ]]>0,Tablo134[[#This Row],[ADET]]*Tablo134[[#This Row],[ALIŞ]]+1.5,0) -> 0 | H7: =IF(Tablo134[[#This Row],[SATIŞ]]>0,(Tablo134[[#This Row],[ADET]]*Tablo134[[#This Row],[SATIŞ]]-1.5),0) -> 0
F8: =IF(Tablo134[[#This Row],[SATIŞ]]=0,"Açık",(E8-D8)*C8-3) -> Açık | G8: =IF(Tablo134[[#This Row],[ALIŞ]]>0,Tablo134[[#This Row],[ADET]]*Tablo134[[#This Row],[ALIŞ]]+1.5,0) -> 0 | H8: =IF(Tablo134[[#This Row],[SATIŞ]]>0,(Tablo134[[#This Row],[ADET]]*Tablo134[[#This Row],[SATIŞ]]-1.5),0) -> 0
F9: =IF(Tablo134[[#This Row],[SATIŞ]]=0,"Açık",(E9-D9)*C9-3) -> Açık | G9: =IF(Tablo134[[#This Row],[ALIŞ]]>0,Tablo134[[#This Row],[ADET]]*Tablo134[[#This Row],[ALIŞ]]+1.5,0) -> 0 | H9: =IF(Tablo134[[#This Row],[SATIŞ]]>0,(Tablo134[[#This Row],[ADET]]*Tablo134[[#This Row],[SATIŞ]]-1.5),0) -> 0
F10: =IF(Tablo134[[#This Row],[SATIŞ]]=0,"Açık",(E10-D10)*C10-3) -> Açık | G10: =IF(Tablo134[[#This Row],[ALIŞ]]>0,Tablo134[[#This Row],[ADET]]*Tablo134[[#This Row],[ALIŞ]]+1.5,0) -> 0 | H10: =IF(Tablo134[[#This Row],[SATIŞ]]>0,(Tablo134[[#This Row],[ADET]]*Tablo134[[#This Row],[SATIŞ]]-1.5),0) -> 0
F11: =IF(Tablo134[[#This Row],[SATIŞ]]=0,"Açık",(E11-D11)*C11-3) -> Açık | G11: =IF(Tablo134[[#This Row],[ALIŞ]]>0,Tablo134[[#This Row],[ADET]]*Tablo134[[#This Row],[ALIŞ]]+1.5,0) -> 0 | H11: =IF(Tablo134[[#This Row],[SATIŞ]]>0,(Tablo134[[#This Row],[ADET]]*Tablo134[[#This Row],[SATIŞ]]-1.5),0) -> 0 | J11: =+Tablo134[[#This Row],[ALIŞ]]*1.02 -> 0
F12: =IF(Tablo134[[#This Row],[SATIŞ]]=0,"Açık",(E12-D12)*C12-3) -> Açık | G12: =IF(Tablo134[[#This Row],[ALIŞ]]>0,Tablo134[[#This Row],[ADET]]*Tablo134[[#This Row],[ALIŞ]]+1.5,0) -> 0 | H12: =IF(Tablo134[[#This Row],[SATIŞ]]>0,(Tablo134[[#This Row],[ADET]]*Tablo134[[#This Row],[SATIŞ]]-1.5),0) -> 0
F13: =IF(Tablo134[[#This Row],[SATIŞ]]=0,"Açık",(E13-D13)*C13-3) -> Açık | G13: =IF(Tablo134[[#This Row],[ALIŞ]]>0,Tablo134[[#This Row],[ADET]]*Tablo134[[#This Row],[ALIŞ]]+1.5,0) -> 0 | H13: =IF(Tablo134[[#This Row],[SATIŞ]]>0,(Tablo134[[#This Row],[ADET]]*Tablo134[[#This Row],[SATIŞ]]-1.5),0) -> 0
F14: =IF(Tablo134[[#This Row],[SATIŞ]]=0,"Açık",(E14-D14)*C14-3) -> Açık | G14: =IF(Tablo134[[#This Row],[ALIŞ]]>0,Tablo134[[#This Row],[ADET]]*Tablo134[[#This Row],[ALIŞ]]+1.5,0) -> 0 | H14: =IF(Tablo134[[#This Row],[SATIŞ]]>0,(Tablo134[[#This Row],[ADET]]*Tablo134[[#This Row],[SATIŞ]]-1.5),0) -> 0
F15: =IF(Tablo134[[#This Row],[SATIŞ]]=0,"Açık",(E15-D15)*C15-3) -> Açık | G15: =IF(Tablo134[[#This Row],[ALIŞ]]>0,Tablo134[[#This Row],[ADET]]*Tablo134[[#This Row],[ALIŞ]]+1.5,0) -> 0 | H15: =IF(Tablo134[[#This Row],[SATIŞ]]>0,(Tablo134[[#This Row],[ADET]]*Tablo134[[#This Row],[SATIŞ]]-1.5),0) -> 0
F16: =IF(Tablo134[[#This Row],[SATIŞ]]=0,"Açık",(E16-D16)*C16-3) -> Açık | G16: =IF(Tablo134[[#This Row],[ALIŞ]]>0,Tablo134[[#This Row],[ADET]]*Tablo134[[#This Row],[ALIŞ]]+1.5,0) -> 0 | H16: =IF(Tablo134[[#This Row],[SATIŞ]]>0,(Tablo134[[#This Row],[ADET]]*Tablo134[[#This Row],[SATIŞ]]-1.5),0) -> 0
F17: =IF(Tablo134[[#This Row],[SATIŞ]]=0,"Açık",(E17-D17)*C17-3) -> Açık | G17: =IF(Tablo134[[#This Row],[ALIŞ]]>0,Tablo134[[#This Row],[ADET]]*Tablo134[[#This Row],[ALIŞ]]+1.5,0) -> 0 | H17: =IF(Tablo134[[#This Row],[SATIŞ]]>0,(Tablo134[[#This Row],[ADET]]*Tablo134[[#This Row],[SATIŞ]]-1.5),0) -> 0
F18: =IF(Tablo134[[#This Row],[SATIŞ]]=0,"Açık",(E18-D18)*C18-3) -> Açık | G18: =IF(Tablo134[[#This Row],[ALIŞ]]>0,Tablo134[[#This Row],[ADET]]*Tablo134[[#This Row],[ALIŞ]]+1.5,0) -> 0 | H18: =IF(Tablo134[[#This Row],[SATIŞ]]>0,(Tablo134[[#This Row],[ADET]]*Tablo134[[#This Row],[SATIŞ]]-1.5),0) -> 0
F19: =IF(Tablo134[[#This Row],[SATIŞ]]=0,"Açık",(E19-D19)*C19-3) -> Açık | G19: =IF(Tablo134[[#This Row],[ALIŞ]]>0,Tablo134[[#This Row],[ADET]]*Tablo134[[#This Row],[ALIŞ]]+1.5,0) -> 0 | H19: =IF(Tablo134[[#This Row],[SATIŞ]]>0,(Tablo134[[#This Row],[ADET]]*Tablo134[[#This Row],[SATIŞ]]-1.5),0) -> 0
F20: =IF(Tablo134[[#This Row],[SATIŞ]]=0,"Açık",(E20-D20)*C20-3) -> Açık | G20: =IF(Tablo134[[#This Row],[ALIŞ]]>0,Tablo134[[#This Row],[ADET]]*Tablo134[[#This Row],[ALIŞ]]+1.5,0) -> 0 | H20: =IF(Tablo134[[#This Row],[SATIŞ]]>0,(Tablo134[[#This Row],[ADET]]*Tablo134[[#This Row],[SATIŞ]]-1.5),0) -> 0
F21: =IF(Tablo134[[#This Row],[SATIŞ]]=0,"Açık",(E21-D21)*C21-3) -> Açık | G21: =IF(Tablo134[[#This Row],[ALIŞ]]>0,Tablo134[[#This Row],[ADET]]*Tablo134[[#This Row],[ALIŞ]]+1.5,0) -> 0 | H21: =IF(Tablo134[[#This Row],[SATIŞ]]>0,(Tablo134[[#This Row],[ADET]]*Tablo134[[#This Row],[SATIŞ]]-1.5),0) -> 0
F22: =IF(Tablo134[[#This Row],[SATIŞ]]=0,"Açık",(E22-D22)*C22-3) -> Açık | G22: =IF(Tablo134[[#This Row],[ALIŞ]]>0,Tablo134[[#This Row],[ADET]]*Tablo134[[#This Row],[ALIŞ]]+1.5,0) -> 0 | H22: =IF(Tablo134[[#This Row],[SATIŞ]]>0,(Tablo134[[#This Row],[ADET]]*Tablo134[[#This Row],[SATIŞ]]-1.5),0) -> 0
F23: =IF(Tablo134[[#This Row],[SATIŞ]]=0,"Açık",(E23-D23)*C23-3) -> Açık | G23: =IF(Tablo134[[#This Row],[ALIŞ]]>0,Tablo134[[#This Row],[ADET]]*Tablo134[[#This Row],[ALIŞ]]+1.5,0) -> 0 | H23: =IF(Tablo134[[#This Row],[SATIŞ]]>0,(Tablo134[[#This Row],[ADET]]*Tablo134[[#This Row],[SATIŞ]]-1.5),0) -> 0
... F27: =IF(Tablo134[[#This Row],[SATIŞ]]=0,"Açık",(E27-D27)*C27-3) -> Açık | G27: =IF(Tablo134[[#This Row],[ALIŞ]]>0,Tablo134[[#This Row],[ADET]]*Tablo134[[#This Row],[ALIŞ]]+1.5,0) -> 0 | H27: =IF(Tablo134[[#This Row],[SATIŞ]]>0,(Tablo134[[#This Row],[ADET]]*Tablo134[[#This Row],[SATIŞ]]-1.5),0) -> 0

Sheet COIN
B1: ANA SAYFA | C1: =SUMIF(Tablo13426272829303135[KAR],"Açık",Tablo13426272829303135[ADET]) -> 5 | D1: =+İcmal!E13 -> 216.77 | E1: =C1*D1 -> 1083.85 | F1: =IFERROR(((SUM(Tablo13426272829303135[ALIŞ TUTAR])-SUM(Tablo13426272829303135[SATIŞ TUTAR]))/C1),"") -> -161.41375 | G1: =IF(M3=0,L3,C1*(D1-F1)) -> 1890.9187 | J1: 0.02 | L1: =M1*(1-$J$1) -> -158.18547 | M1: =F1 -> -161.41375 | N1: =M1*(1+$J$1) -> -164.64202 | P1: =Q1*(1-$J$1) -> 212.4346 | Q1: =+D1 -> 216.77 | R1: =Q1*(1+$J$1) -> 221.1054
B3: TARİH | C3: ADET | D3: ALIŞ | E3: SATIŞ | F3: KAR | G3: ALIŞ TUTAR | H3: SATIŞ TUTAR | L3: =SUM(Tablo13426272829303135[KAR]) -> 2058.5688 | M3: =C1 -> 5
B4: 45328 | C4: 4 | D4: 118.02 | E4: 122 | F4: =IF(Tablo13426272829303135[[#This Row],[SATIŞ]]=0,"Açık",(E4-D4)*C4-3) -> 12.92 | G4: =IF(Tablo13426272829303135[[#This Row],[ALIŞ]]>0,Tablo13426272829303135[[#This Row],[ADET]]*Tablo13426272829303135[[#This Row],[ALIŞ]]+1.5,0) -> 473.58 | H4: =IF(Tablo13426272829303135[[#This Row],[SATIŞ]]>0,(Tablo13426272829303135[[#This Row],[ADET]]*Tablo13426272829303135[[#This Row],[SATIŞ]]-1.5),0) -> 486.5
B5: 45328 | C5: 2 | D5: 118.02 | E5: 125 | F5: =IF(Tablo13426272829303135[[#This Row],[SATIŞ]]=0,"Açık",(E5-D5)*C5-3) -> 10.96 | G5: =IF(Tablo13426272829303135[[#This Row],[ALIŞ]]>0,Tablo13426272829303135[[#This Row],[ADET]]*Tablo13426272829303135[[#This Row],[ALIŞ]]+1.5,0) -> 237.54 | H5: =IF(Tablo13426272829303135[[#This Row],[SATIŞ]]>0,(Tablo13426272829303135[[#This Row],[ADET]]*Tablo13426272829303135[[#This Row],[SATIŞ]]-1.5),0) -> 248.5
B6: 45328 | C6: 2 | D6: 118.02 | E6: 170 | F6: =IF(Tablo13426272829303135[[#This Row],[SATIŞ]]=0,"Açık",(E6-D6)*C6-3) -> 100.96 | G6: =IF(Tablo13426272829303135[[#This Row],[ALIŞ]]>0,Tablo13426272829303135[[#This Row],[ADET]]*Tablo13426272829303135[[#This Row],[ALIŞ]]+1.5,0) -> 237.54 | H6: =IF(Tablo13426272829303135[[#This Row],[SATIŞ]]>0,(Tablo13426272829303135[[#This Row],[ADET]]*Tablo13426272829303135[[#This Row],[SATIŞ]]-1.5),0) -> 338.5
B7: 45342 | C7: 9 | D7: 167.03 | E7: 170 | F7: =IF(Tablo13426272829303135[[#This Row],[SATIŞ]]=0,"Açık",(E7-D7)*C7-3) -> 23.73 | G7: =IF(Tablo13426272829303135[[#This Row],[ALIŞ]]>0,Tablo13426272829303135[[#This Row],[ADET]]*Tablo13426272829303135[[#This Row],[ALIŞ]]+1.5,0) -> 1504.77 | H7: =IF(Tablo13426272829303135[[#This Row],[SATIŞ]]>0,(Tablo13426272829303135[[#This Row],[ADET]]*Tablo13426272829303135[[#This Row],[SATIŞ]]-1.5),0) -> 1528.5
B8: 45342 | C8: 5 | D8: 167.03 | E8: 170 | F8: =IF(Tablo13426272829303135[[#This Row],[SATIŞ]]=0,"Açık",(E8-D8)*C8-3) -> 11.85 | G8: =IF(Tablo13426272829303135[[#This Row],[ALIŞ]]>0,Tablo13426272829303135[[#This Row],[ADET]]*Tablo13426272829303135[[#This Row],[ALIŞ]]+1.5,0) -> 836.65 | H8: =IF(Tablo13426272829303135[[#This Row],[SATIŞ]]>0,(Tablo13426272829303135[[#This Row],[ADET]]*Tablo13426272829303135[[#This Row],[SATIŞ]]-1.5),0) -> 848.5
B9: 45342 | C9: 6 | D9: 167.03 | E9: 179.96 | F9: =IF(Tablo13426272829303135[[#This Row],[SATIŞ]]=0,"Açık",(E9-D9)*C9-3) -> 74.58 | G9: =IF(Tablo13426272829303135[[#This Row],[ALIŞ]]>0,Tablo13426272829303135[[#This Row],[ADET]]*Tablo13426272829303135[[#This Row],[ALIŞ]]+1.5,0) -> 1003.68 | H9: =IF(Tablo13426272829303135[[#This Row],[SATIŞ]]>0,(Tablo13426272829303135[[#This Row],[ADET]]*Tablo13426272829303135[[#This Row],[SATIŞ]]-1.5),0) -> 1078.26
B10: 45343 | C10: 11.625 | D10: 167 | E10: 184.8 | F10: =IF(Tablo13426272829303135[[#This Row],[SATIŞ]]=0,"Açık",(E10-D10)*C10-3) -> 203.925 | G10: =IF(Tablo13426272829303135[[#This Row],[ALIŞ]]>0,Tablo13426272829303135[[#This Row],[ADET]]*Tablo13426272829303135[[#This Row],[ALIŞ]]+1.5,0) -> 1942.875 | H10: =IF(Tablo13426272829303135[[#This Row],[SATIŞ]]>0,(Tablo13426272829303135[[#This Row],[ADET]]*Tablo13426272829303135[[#This Row],[SATIŞ]]-1.5),0) -> 2146.8
B11: 45343 | C11: 1.75 | D11: 167 | E11: 205 | F11: =IF(Tablo13426272829303135[[#This Row],[SATIŞ]]=0,"Açık",(E11-D11)*C11-3) -> 63.5 | G11: =IF(Tablo13426272829303135[[#This Row],[ALIŞ]]>0,Tablo13426272829303135[[#This Row],[ADET]]*Tablo13426272829303135[[#This Row],[ALIŞ]]+1.5,0) -> 293.75 | H11: =IF(Tablo13426272829303135[[#This Row],[SATIŞ]]>0,(Tablo13426272829303135[[#This Row],[ADET]]*Tablo13426272829303135[[#This Row],[SATIŞ]]-1.5),0) -> 357.25
B12: 45343 | C12: 5 | D12: 167 | E12: 210 | F12: =IF(Tablo13426272829303135[[#This Row],[SATIŞ]]=0,"Açık",(E12-D12)*C12-3) -> 212 | G12: =IF(Tablo13426272829303135[[#This Row],[ALIŞ]]>0,Tablo13426272829303135[[#This Row],[ADET]]*Tablo13426272829303135[[#This Row],[ALIŞ]]+1.5,0) -> 836.5 | H12: =IF(Tablo13426272829303135[[#This Row],[SATIŞ]]>0,(Tablo13426272829303135[[#This Row],[ADET]]*Tablo13426272829303135[[#This Row],[SATIŞ]]-1.5),0) -> 1048.5
B13: 45343 | C13: 1.625 | D13: 167 | E13: 258.67 | F13: =IF(Tablo13426272829303135[[#This Row],[SATIŞ]]=0,"Açık",(E13-D13)*C13-3) -> 145.96375 | G13: =IF(Tablo13426272829303135[[#This Row],[ALIŞ]]>0,Tablo13426272829303135[[#This Row],[ADET]]*Tablo13426272829303135[[#This Row],[ALIŞ]]+1.5,0) -> 272.875 | H13: =IF(Tablo13426272829303135[[#This Row],[SATIŞ]]>0,(Tablo13426272829303135[[#This Row],[ADET]]*Tablo13426272829303135[[#This Row],[SATIŞ]]-1.5),0) -> 418.83875
B14: 45345 | C14: 1.75 | D14: 168 | E14: 179.96 | F14: =IF(Tablo13426272829303135[[#This Row],[SATIŞ]]=0,"Açık",(E14-D14)*C14-3) -> 17.93 | G14: =IF(Tablo13426272829303135[[#This Row],[ALIŞ]]>0,Tablo13426272829303135[[#This Row],[ADET]]*Tablo13426272829303135[[#This Row],[ALIŞ]]+1.5,0) -> 295.5 | H14: =IF(Tablo13426272829303135[[#This Row],[SATIŞ]]>0,(Tablo13426272829303135[[#This Row],[ADET]]*Tablo13426272829303135[[#This Row],[SATIŞ]]-1.5),0) -> 313.43
B15: 45345 | C15: =5-1.75 -> 3.25 | D15: 168 | E15: 205 | F15: =IF(Tablo13426272829303135[[#This Row],[SATIŞ]]=0,"Açık",(E15-D15)*C15-3) -> 117.25 | G15: =IF(Tablo13426272829303135[[#This Row],[ALIŞ]]>0,Tablo13426272829303135[[#This Row],[ADET]]*Tablo13426272829303135[[#This Row],[ALIŞ]]+1.5,0) -> 547.5 | H15: =IF(Tablo13426272829303135[[#This Row],[SATIŞ]]>0,(Tablo13426272829303135[[#This Row],[ADET]]*Tablo13426272829303135[[#This Row],[SATIŞ]]-1.5),0) -> 664.75
B16: 45345 | C16: 10 | D16: 165 | E16: 167 | F16: =IF(Tablo13426272829303135[[#This Row],[SATIŞ]]=0,"Açık",(E16-D16)*C16-3) -> 17 | G16: =IF(Tablo13426272829303135[[#This Row],[ALIŞ]]>0,Tablo13426272829303135[[#This Row],[ADET]]*Tablo13426272829303135[[#This Row],[ALIŞ]]+1.5,0) -> 1651.5 | H16: =IF(Tablo13426272829303135[[#This Row],[SATIŞ]]>0,(Tablo13426272829303135[[#This Row],[ADET]]*Tablo13426272829303135[[#This Row],[SATIŞ]]-1.5),0) -> 1668.5 | J16: =+Tablo13426272829303135[[#This Row],[ALIŞ]]*1.02 -> 168.3
B17: 45345 | C17: 15 | D17: 162 | E17: 165 | F17: =IF(Tablo13426272829303135[[#This Row],[SATIŞ]]=0,"Açık",(E17-D17)*C17-3) -> 42 | G17: =IF(Tablo13426272829303135[[#This Row],[ALIŞ]]>0,Tablo13426272829303135[[#This Row],[ADET]]*Tablo13426272829303135[[#This Row],[ALIŞ]]+1.5,0) -> 2431.5 | H17: =IF(Tablo13426272829303135[[#This Row],[SATIŞ]]>0,(Tablo13426272829303135[[#This Row],[ADET]]*Tablo13426272829303135[[#This Row],[SATIŞ]]-1.5),0) -> 2473.5
B18: 45349 | C18: 10 | D18: 200 | E18: 210 | F18: =IF(Tablo13426272829303135[[#This Row],[SATIŞ]]=0,"Açık",(E18-D18)*C18-3) -> 97 | G18: =IF(Tablo13426272829303135[[#This Row],[ALIŞ]]>0,Tablo13426272829303135[[#This Row],[ADET]]*Tablo13426272829303135[[#This Row],[ALIŞ]]+1.5,0) -> 2001.5 | H18: =IF(Tablo13426272829303135[[#This Row],[SATIŞ]]>0,(Tablo13426272829303135[[#This Row],[ADET]]*Tablo13426272829303135[[#This Row],[SATIŞ]]-1.5),0) -> 2098.5
B19: 45349 | C19: 5 | D19: 200 | E19: 225 | F19: =IF(Tablo13426272829303135[[#This Row],[SATIŞ]]=0,"Açık",(E19-D19)*C19-3) -> 122 | G19: =IF(Tablo13426272829303135[[#This Row],[ALIŞ]]>0,Tablo13426272829303135[[#This Row],[ADET]]*Tablo13426272829303135[[#This Row],[ALIŞ]]+1.5,0) -> 1001.5 | H19: =IF(Tablo13426272829303135[[#This Row],[SATIŞ]]>0,(Tablo13426272829303135[[#This Row],[ADET]]*Tablo13426272829303135[[#This Row],[SATIŞ]]-1.5),0) -> 1123.5
B20: 45349 | C20: 5 | D20: 200 | E20: 230 | F20: =IF(Tablo13426272829303135[[#This Row],[SATIŞ]]=0,"Açık",(E20-D20)*C20-3) -> 147 | G20: =IF(Tablo13426272829303135[[#This Row],[ALIŞ]]>0,Tablo13426272829303135[[#This Row],[ADET]]*Tablo13426272829303135[[#This Row],[ALIŞ]]+1.5,0) -> 1001.5 | H20: =IF(Tablo13426272829303135[[#This Row],[SATIŞ]]>0,(Tablo13426272829303135[[#This Row],[ADET]]*Tablo13426272829303135[[#This Row],[SATIŞ]]-1.5),0) -> 1148.5
B21: 45350 | C21: 5 | D21: 200 | E21: 245 | F21: =IF(Tablo13426272829303135[[#This Row],[SATIŞ]]=0,"Açık",(E21-D21)*C21-3) -> 222 | G21: =IF(Tablo13426272829303135[[#This Row],[ALIŞ]]>0,Tablo13426272829303135[[#This Row],[ADET]]*Tablo13426272829303135[[#This Row],[ALIŞ]]+1.5,0) -> 1001.5 | H21: =IF(Tablo13426272829303135[[#This Row],[SATIŞ]]>0,(Tablo13426272829303135[[#This Row],[ADET]]*Tablo13426272829303135[[#This Row],[SATIŞ]]-1.5),0) -> 1223.5
B22: 45350 | C22: 5 | D22: 200 | E22: 260 | F22: =IF(Tablo13426272829303135[[#This Row],[SATIŞ]]=0,"Açık",(E22-D22)*C22-3) -> 297 | G22: =IF(Tablo13426272829303135[[#This Row],[ALIŞ]]>0,Tablo13426272829303135[[#This Row],[ADET]]*Tablo13426272829303135[[#This Row],[ALIŞ]]+1.5,0) -> 1001.5 | H22: =IF(Tablo13426272829303135[[#This Row],[SATIŞ]]>0,(Tablo13426272829303135[[#This Row],[ADET]]*Tablo13426272829303135[[#This Row],[SATIŞ]]-1.5),0) -> 1298.5
B23: 45356 | C23: 5 | D23: 220 | E23: 235 | F23: =IF(Tablo13426272829303135[[#This Row],[SATIŞ]]=0,"Açık",(E23-D23)*C23-3) -> 72 | G23: =IF(Tablo13426272829303135[[#This Row],[ALIŞ]]>0,Tablo13426272829303135[[#This Row],[ADET]]*Tablo13426272829303135[[#This Row],[ALIŞ]]+1.5,0) -> 1101.5 | H23: =IF(Tablo13426272829303135[[#This Row],[SATIŞ]]>0,(Tablo13426272829303135[[#This Row],[ADET]]*Tablo13426272829303135[[#This Row],[SATIŞ]]-1.5),0) -> 1173.5
B24: 45357 | C24: 5 | D24: 225 | E24: 235 | F24: =IF(Tablo13426272829303135[[#This Row],[SATIŞ]]=0,"Açık",(E24-D24)*C24-3) -> 47 | G24: =IF(Tablo13426272829303135[[#This Row],[ALIŞ]]>0,Tablo13426272829303135[[#This Row],[ADET]]*Tablo13426272829303135[[#This Row],[ALIŞ]]+1.5,0) -> 1126.5 | H24: =IF(Tablo13426272829303135[[#This Row],[SATIŞ]]>0,(Tablo13426272829303135[[#This Row],[ADET]]*Tablo13426272829303135[[#This Row],[SATIŞ]]-1.5),0) -> 1173.5
B25: 45359 | C25: 5 | D25: 250 | F25: =IF(Tablo13426272829303135[[#This Row],[SATIŞ]]=0,"Açık",(E25-D25)*C25-3) -> Açık | G25: =IF(Tablo13426272829303135[[#This Row],[ALIŞ]]>0,Tablo13426272829303135[[#This Row],[ADET]]*Tablo13426272829303135[[#This Row],[ALIŞ]]+1.5,0) -> 1251.5 | H25: =IF(Tablo13426272829303135[[#This Row],[SATIŞ]]>0,(Tablo13426272829303135[[#This Row],[ADET]]*Tablo13426272829303135[[#This Row],[SATIŞ]]-1.5),0) -> 0
F26: =IF(Tablo13426272829303135[[#This Row],[SATIŞ]]=0,"Açık",(E26-D26)*C26-3) -> Açık | G26: =IF(Tablo13426272829303135[[#This Row],[ALIŞ]]>0,Tablo13426272829303135[[#This Row],[ADET]]*Tablo13426272829303135[[#This Row],[ALIŞ]]+1.5,0) -> 0 | H26: =IF(Tablo13426272829303135[[#This Row],[SATIŞ]]>0,(Tablo13426272829303135[[#This Row],[ADET]]*Tablo13426272829303135[[#This Row],[SATIŞ]]-1.5),0) -> 0
F27: =IF(Tablo13426272829303135[[#This Row],[SATIŞ]]=0,"Açık",(E27-D27)*C27-3) -> Açık | G27: =IF(Tablo13426272829303135[[#This Row],[ALIŞ]]>0,Tablo13426272829303135[[#This Row],[ADET]]*Tablo13426272829303135[[#This Row],[ALIŞ]]+1.5,0) -> 0 | H27: =IF(Tablo13426272829303135[[#This Row],[SATIŞ]]>0,(Tablo13426272829303135[[#This Row],[ADET]]*Tablo13426272829303135[[#This Row],[SATIŞ]]-1.5),0) -> 0
F28: =IF(Tablo13426272829303135[[#This Row],[SATIŞ]]=0,"Açık",(E28-D28)*C28-3) -> Açık | G28: =IF(Tablo13426272829303135[[#This Row],[ALIŞ]]>0,Tablo13426272829303135[[#This Row],[ADET]]*Tablo13426272829303135[[#This Row],[ALIŞ]]+1.5,0) -> 0 | H28: =IF(Tablo13426272829303135[[#This Row],[SATIŞ]]>0,(Tablo13426272829303135[[#This Row],[ADET]]*Tablo13426272829303135[[#This Row],[SATIŞ]]-1.5),0) -> 0
F29: =IF(Tablo13426272829303135[[#This Row],[SATIŞ]]=0,"Açık",(E29-D29)*C29-3) -> Açık | G29: =IF(Tablo13426272829303135[[#This Row],[ALIŞ]]>0,Tablo13426272829303135[[#This Row],[ADET]]*Tablo13426272829303135[[#This Row],[ALIŞ]]+1.5,0) -> 0 | H29: =IF(Tablo13426272829303135[[#This Row],[SATIŞ]]>0,(Tablo13426272829303135[[#This Row],[ADET]]*Tablo13426272829303135[[#This Row],[SATIŞ]]-1.5),0) -> 0
F30: =IF(Tablo13426272829303135[[#This Row],[SATIŞ]]=0,"Açık",(E30-D30)*C30-3) -> Açık | G30: =IF(Tablo13426272829303135[[#This Row],[ALIŞ]]>0,Tablo13426272829303135[[#This Row],[ADET]]*Tablo13426272829303135[[#This Row],[ALIŞ]]+1.5,0) -> 0 | H30: =IF(Tablo13426272829303135[[#This Row],[SATIŞ]]>0,(Tablo13426272829303135[[#This Row],[ADET]]*Tablo13426272829303135[[#This Row],[SATIŞ]]-1.5),0) -> 0
F31: =IF(Tablo13426272829303135[[#This Row],[SATIŞ]]=0,"Açık",(E31-D31)*C31-3) -> Açık | G31: =IF(Tablo13426272829303135[[#This Row],[ALIŞ]]>0,Tablo13426272829303135[[#This Row],[ADET]]*Tablo13426272829303135[[#This Row],[ALIŞ]]+1.5,0) -> 0 | H31: =IF(Tablo13426272829303135[[#This Row],[SATIŞ]]>0,(Tablo13426272829303135[[#This Row],[ADET]]*Tablo13426272829303135[[#This Row],[SATIŞ]]-1.5),0) -> 0
F32: =IF(Tablo13426272829303135[[#This Row],[SATIŞ]]=0,"Açık",(E32-D32)*C32-3) -> Açık | G32: =IF(Tablo13426272829303135[[#This Row],[ALIŞ]]>0,Tablo13426272829303135[[#This Row],[ADET]]*Tablo13426272829303135[[#This Row],[ALIŞ]]+1.5,0) -> 0 | H32: =IF(Tablo13426272829303135[[#This Row],[SATIŞ]]>0,(Tablo13426272829303135[[#This Row],[ADET]]*Tablo13426272829303135[[#This Row],[SATIŞ]]-1.5),0) -> 0
F33: =IF(Tablo13426272829303135[[#This Row],[SATIŞ]]=0,"Açık",(E33-D33)*C33-3) -> Açık | G33: =IF(Tablo13426272829303135[[#This Row],[ALIŞ]]>0,Tablo13426272829303135[[#This Row],[ADET]]*Tablo13426272829303135[[#This Row],[ALIŞ]]+1.5,0) -> 0 | H33: =IF(Tablo13426272829303135[[#This Row],[SATIŞ]]>0,(Tablo13426272829303135[[#This Row],[ADET]]*Tablo13426272829303135[[#This Row],[SATIŞ]]-1.5),0) -> 0

Sheet FANG
B1: ANA SAYFA | C1: =SUMIF(Tablo13412[KAR],"Açık",Tablo13412[ADET]) -> 0 | E1: =C1*D1 -> 0 | F1: =IFERROR(((SUM(Tablo13412[ALIŞ TUTAR])-SUM(Tablo13412[SATIŞ TUTAR]))/C1),"") | G1: =IF(M3=0,L3,C1*(D1-F1)) -> 2 | J1: 0.02 | L1: =M1*(1-$J$1) -> #VALUE! | M1: =F1 | N1: =M1*(1+$J$1) -> #VALUE! | P1: =Q1*(1-$J$1) -> 0 | Q1: =+D1 -> 0 | R1: =Q1*(1+$J$1) -> 0
B3: TARİH | C3: ADET | D3: ALIŞ | E3: SATIŞ | F3: KAR | G3: ALIŞ TUTAR | H3: SATIŞ TUTAR | L3: =SUM(Tablo13412[KAR]) -> 2 | M3: =C1 -> 0
B4: 44776 | C4: 4 | D4: 123 | E4: 123 | F4: =IF(Tablo13412[[#This Row],[SATIŞ]]=0,"Açık",(E4-D4)*C4-3) -> -3 | G4: =IF(Tablo13412[[#This Row],[ALIŞ]]>0,Tablo13412[[#This Row],[ADET]]*Tablo13412[[#This Row],[ALIŞ]]+1.5,0) -> 493.5 | H4: =IF(Tablo13412[[#This Row],[SATIŞ]]>0,(Tablo13412[[#This Row],[ADET]]*Tablo13412[[#This Row],[SATIŞ]]-1.5),0) -> 490.5
B5: 44776 | C5: 4 | D5: 121 | E5: 123 | F5: =IF(Tablo13412[[#This Row],[SATIŞ]]=0,"Açık",(E5-D5)*C5-3) -> 5 | G5: =IF(Tablo13412[[#This Row],[ALIŞ]]>0,Tablo13412[[#This Row],[ADET]]*Tablo13412[[#This Row],[ALIŞ]]+1.5,0) -> 485.5 | H5: =IF(Tablo13412[[#This Row],[SATIŞ]]>0,(Tablo13412[[#This Row],[ADET]]*Tablo13412[[#This Row],[SATIŞ]]-1.5),0) -> 490.5
F6: =IF(Tablo13412[[#This Row],[SATIŞ]]=0,"Açık",(E6-D6)*C6-3) -> Açık | G6: =IF(Tablo13412[[#This Row],[ALIŞ]]>0,Tablo13412[[#This Row],[ADET]]*Tablo13412[[#This Row],[ALIŞ]]+1.5,0) -> 0 | H6: =IF(Tablo13412[[#This Row],[SATIŞ]]>0,(Tablo13412[[#This Row],[ADET]]*Tablo13412[[#This Row],[SATIŞ]]-1.5),0) -> 0
F7: =IF(Tablo13412[[#This Row],[SATIŞ]]=0,"Açık",(E7-D7)*C7-3) -> Açık | G7: =IF(Tablo13412[[#This Row],[ALIŞ]]>0,Tablo13412[[#This Row],[ADET]]*Tablo13412[[#This Row],[ALIŞ]]+1.5,0) -> 0 | H7: =IF(Tablo13412[[#This Row],[SATIŞ]]>0,(Tablo13412[[#This Row],[ADET]]*Tablo13412[[#This Row],[SATIŞ]]-1.5),0) -> 0
F8: =IF(Tablo13412[[#This Row],[SATIŞ]]=0,"Açık",(E8-D8)*C8-3) -> Açık | G8: =IF(Tablo13412[[#This Row],[ALIŞ]]>0,Tablo13412[[#This Row],[ADET]]*Tablo13412[[#This Row],[ALIŞ]]+1.5,0) -> 0 | H8: =IF(Tablo13412[[#This Row],[SATIŞ]]>0,(Tablo13412[[#This Row],[ADET]]*Tablo13412[[#This Row],[SATIŞ]]-1.5),0) -> 0
F9: =IF(Tablo13412[[#This Row],[SATIŞ]]=0,"Açık",(E9-D9)*C9-3) -> Açık | G9: =IF(Tablo13412[[#This Row],[ALIŞ]]>0,Tablo13412[[#This Row],[ADET]]*Tablo13412[[#This Row],[ALIŞ]]+1.5,0) -> 0 | H9: =IF(Tablo13412[[#This Row],[SATIŞ]]>0,(Tablo13412[[#This Row],[ADET]]*Tablo13412[[#This Row],[SATIŞ]]-1.5),0) -> 0
F10: =IF(Tablo13412[[#This Row],[SATIŞ]]=0,"Açık",(E10-D10)*C10-3) -> Açık | G10: =IF(Tablo13412[[#This Row],[ALIŞ]]>0,Tablo13412[[#This Row],[ADET]]*Tablo13412[[#This Row],[ALIŞ]]+1.5,0) -> 0 | H10: =IF(Tablo13412[[#This Row],[SATIŞ]]>0,(Tablo13412[[#This Row],[ADET]]*Tablo13412[[#This Row],[SATIŞ]]-1.5),0) -> 0
F11: =IF(Tablo13412[[#This Row],[SATIŞ]]=0,"Açık",(E11-D11)*C11-3) -> Açık | G11: =IF(Tablo13412[[#This Row],[ALIŞ]]>0,Tablo13412[[#This Row],[ADET]]*Tablo13412[[#This Row],[ALIŞ]]+1.5,0) -> 0 | H11: =IF(Tablo13412[[#This Row],[SATIŞ]]>0,(Tablo13412[[#This Row],[ADET]]*Tablo13412[[#This Row],[SATIŞ]]-1.5),0) -> 0 | J11: =+Tablo13412[[#This Row],[ALIŞ]]*1.02 -> 0
F12: =IF(Tablo13412[[#This Row],[SATIŞ]]=0,"Açık",(E12-D12)*C12-3) -> Açık | G12: =IF(Tablo13412[[#This Row],[ALIŞ]]>0,Tablo13412[[#This Row],[ADET]]*Tablo13412[[#This Row],[ALIŞ]]+1.5,0) -> 0 | H12: =IF(Tablo13412[[#This Row],[SATIŞ]]>0,(Tablo13412[[#This Row],[ADET]]*Tablo13412[[#This Row],[SATIŞ]]-1.5),0) -> 0
F13: =IF(Tablo13412[[#This Row],[SATIŞ]]=0,"Açık",(E13-D13)*C13-3) -> Açık | G13: =IF(Tablo13412[[#This Row],[ALIŞ]]>0,Tablo13412[[#This Row],[ADET]]*Tablo13412[[#This Row],[ALIŞ]]+1.5,0) -> 0 | H13: =IF(Tablo13412[[#This Row],[SATIŞ]]>0,(Tablo13412[[#This Row],[ADET]]*Tablo13412[[#This Row],[SATIŞ]]-1.5),0) -> 0
F14: =IF(Tablo13412[[#This Row],[SATIŞ]]=0,"Açık",(E14-D14)*C14-3) -> Açık | G14: =IF(Tablo13412[[#This Row],[ALIŞ]]>0,Tablo13412[[#This Row],[ADET]]*Tablo13412[[#This Row],[ALIŞ]]+1.5,0) -> 0 | H14: =IF(Tablo13412[[#This Row],[SATIŞ]]>0,(Tablo13412[[#This Row],[ADET]]*Tablo13412[[#This Row],[SATIŞ]]-1.5),0) -> 0
F15: =IF(Tablo13412[[#This Row],[SATIŞ]]=0,"Açık",(E15-D15)*C15-3) -> Açık | G15: =IF(Tablo13412[[#This Row],[ALIŞ]]>0,Tablo13412[[#This Row],[ADET]]*Tablo13412[[#This Row],[ALIŞ]]+1.5,0) -> 0 | H15: =IF(Tablo13412[[#This Row],[SATIŞ]]>0,(Tablo13412[[#This Row],[ADET]]*Tablo13412[[#This Row],[SATIŞ]]-1.5),0) -> 0
F16: =IF(Tablo13412[[#This Row],[SATIŞ]]=0,"Açık",(E16-D16)*C16-3) -> Açık | G16: =IF(Tablo13412[[#This Row],[ALIŞ]]>0,Tablo13412[[#This Row],[ADET]]*Tablo13412[[#This Row],[ALIŞ]]+1.5,0) -> 0 | H16: =IF(Tablo13412[[#This Row],[SATIŞ]]>0,(Tablo13412[[#This Row],[ADET]]*Tablo13412[[#This Row],[SATIŞ]]-1.5),0) -> 0
F17: =IF(Tablo13412[[#This Row],[SATIŞ]]=0,"Açık",(E17-D17)*C17-3) -> Açık | G17: =IF(Tablo13412[[#This Row],[ALIŞ]]>0,Tablo13412[[#This Row],[ADET]]*Tablo13412[[#This Row],[ALIŞ]]+1.5,0) -> 0 | H17: =IF(Tablo13412[[#This Row],[SATIŞ]]>0,(Tablo13412[[#This Row],[ADET]]*Tablo13412[[#This Row],[SATIŞ]]-1.5),0) -> 0
F18: =IF(Tablo13412[[#This Row],[SATIŞ]]=0,"Açık",(E18-D18)*C18-3) -> Açık | G18: =IF(Tablo13412[[#This Row],[ALIŞ]]>0,Tablo13412[[#This Row],[ADET]]*Tablo13412[[#This Row],[ALIŞ]]+1.5,0) -> 0 | H18: =IF(Tablo13412[[#This Row],[SATIŞ]]>0,(Tablo13412[[#This Row],[ADET]]*Tablo13412[[#This Row],[SATIŞ]]-1.5),0) -> 0
F19: =IF(Tablo13412[[#This Row],[SATIŞ]]=0,"Açık",(E19-D19)*C19-3) -> Açık | G19: =IF(Tablo13412[[#This Row],[ALIŞ]]>0,Tablo13412[[#This Row],[ADET]]*Tablo13412[[#This Row],[ALIŞ]]+1.5,0) -> 0 | H19: =IF(Tablo13412[[#This Row],[SATIŞ]]>0,(Tablo13412[[#This Row],[ADET]]*Tablo13412[[#This Row],[SATIŞ]]-1.5),0) -> 0
F20: =IF(Tablo13412[[#This Row],[SATIŞ]]=0,"Açık",(E20-D20)*C20-3) -> Açık | G20: =IF(Tablo13412[[#This Row],[ALIŞ]]>0,Tablo13412[[#This Row],[ADET]]*Tablo13412[[#This Row],[ALIŞ]]+1.5,0) -> 0 | H20: =IF(Tablo13412[[#This Row],[SATIŞ]]>0,(Tablo13412[[#This Row],[ADET]]*Tablo13412[[#This Row],[SATIŞ]]-1.5),0) -> 0
F21: =IF(Tablo13412[[#This Row],[SATIŞ]]=0,"Açık",(E21-D21)*C21-3) -> Açık | G21: =IF(Tablo13412[[#This Row],[ALIŞ]]>0,Tablo13412[[#This Row],[ADET]]*Tablo13412[[#This Row],[ALIŞ]]+1.5,0) -> 0 | H21: =IF(Tablo13412[[#This Row],[SATIŞ]]>0,(Tablo13412[[#This Row],[ADET]]*Tablo13412[[#This Row],[SATIŞ]]-1.5),0) -> 0
F22: =IF(Tablo13412[[#This Row],[SATIŞ]]=0,"Açık",(E22-D22)*C22-3) -> Açık | G22: =IF(Tablo13412[[#This Row],[ALIŞ]]>0,Tablo13412[[#This Row],[ADET]]*Tablo13412[[#This Row],[ALIŞ]]+1.5,0) -> 0 | H22: =IF(Tablo13412[[#This Row],[SATIŞ]]>0,(Tablo13412[[#This Row],[ADET]]*Tablo13412[[#This Row],[SATIŞ]]-1.5),0) -> 0
F23: =IF(Tablo13412[[#This Row],[SATIŞ]]=0,"Açık",(E23-D23)*C23-3) -> Açık | G23: =IF(Tablo13412[[#This Row],[ALIŞ]]>0,Tablo13412[[#This Row],[ADET]]*Tablo13412[[#This Row],[ALIŞ]]+1.5,0) -> 0 | H23: =IF(Tablo13412[[#This Row],[SATIŞ]]>0,(Tablo13412[[#This Row],[ADET]]*Tablo13412[[#This Row],[SATIŞ]]-1.5),0) -> 0
... F27: =IF(Tablo13412[[#This Row],[SATIŞ]]=0,"Açık",(E27-D27)*C27-3) -> Açık | G27: =IF(Tablo13412[[#This Row],[ALIŞ]]>0,Tablo13412[[#This Row],[ADET]]*Tablo13412[[#This Row],[ALIŞ]]+1.5,0) -> 0 | H27: =IF(Tablo13412[[#This Row],[SATIŞ]]>0,(Tablo13412[[#This Row],[ADET]]*Tablo13412[[#This Row],[SATIŞ]]-1.5),0) -> 0

Sheet FNGS
B1: ANA SAYFA | C1: =SUMIF(Tablo13426272829303132[KAR],"Açık",Tablo13426272829303132[ADET]) -> 15 | D1: =+İcmal!E15 -> 42.21 | E1: =C1*D1 -> 633.15 | F1: =IFERROR(((SUM(Tablo13426272829303132[ALIŞ TUTAR])-SUM(Tablo13426272829303132[SATIŞ TUTAR]))/C1),"") -> 38.043333 | G1: =IF(M3=0,L3,C1*(D1-F1)) -> 62.5 | J1: 0.02 | L1: =M1*(1-$J$1) -> 37.282467 | M1: =F1 -> 38.043333 | N1: =M1*(1+$J$1) -> 38.8042 | P1: =Q1*(1-$J$1) -> 41.3658 | Q1: =+D1 -> 42.21 | R1: =Q1*(1+$J$1) -> 43.0542
B3: TARİH | C3: ADET | D3: ALIŞ | E3: SATIŞ | F3: KAR | G3: ALIŞ TUTAR | H3: SATIŞ TUTAR | L3: =SUM(Tablo13426272829303132[KAR]) -> 60.85 | M3: =C1 -> 15
B4: 45328 | C4: 20 | D4: 41.57 | E4: 43 | F4: =IF(Tablo13426272829303132[[#This Row],[SATIŞ]]=0,"Açık",(E4-D4)*C4-3) -> 25.6 | G4: =IF(Tablo13426272829303132[[#This Row],[ALIŞ]]>0,Tablo13426272829303132[[#This Row],[ADET]]*Tablo13426272829303132[[#This Row],[ALIŞ]]+1.5,0) -> 832.9 | H4: =IF(Tablo13426272829303132[[#This Row],[SATIŞ]]>0,(Tablo13426272829303132[[#This Row],[ADET]]*Tablo13426272829303132[[#This Row],[SATIŞ]]-1.5),0) -> 858.5
B5: 45328 | C5: 15 | D5: 41.57 | E5: 42.89 | F5: =IF(Tablo13426272829303132[[#This Row],[SATIŞ]]=0,"Açık",(E5-D5)*C5-3) -> 16.8 | G5: =IF(Tablo13426272829303132[[#This Row],[ALIŞ]]>0,Tablo13426272829303132[[#This Row],[ADET]]*Tablo13426272829303132[[#This Row],[ALIŞ]]+1.5,0) -> 625.05 | H5: =IF(Tablo13426272829303132[[#This Row],[SATIŞ]]>0,(Tablo13426272829303132[[#This Row],[ADET]]*Tablo13426272829303132[[#This Row],[SATIŞ]]-1.5),0) -> 641.85
B6: 45328 | C6: 15 | D6: 41.57 | E6: 43 | F6: =IF(Tablo13426272829303132[[#This Row],[SATIŞ]]=0,"Açık",(E6-D6)*C6-3) -> 18.45 | G6: =IF(Tablo13426272829303132[[#This Row],[ALIŞ]]>0,Tablo13426272829303132[[#This Row],[ADET]]*Tablo13426272829303132[[#This Row],[ALIŞ]]+1.5,0) -> 625.05 | H6: =IF(Tablo13426272829303132[[#This Row],[SATIŞ]]>0,(Tablo13426272829303132[[#This Row],[ADET]]*Tablo13426272829303132[[#This Row],[SATIŞ]]-1.5),0) -> 643.5
B7: 45356 | C7: 15 | D7: 42 | F7: =IF(Tablo13426272829303132[[#This Row],[SATIŞ]]=0,"Açık",(E7-D7)*C7-3) -> Açık | G7: =IF(Tablo13426272829303132[[#This Row],[ALIŞ]]>0,Tablo13426272829303132[[#This Row],[ADET]]*Tablo13426272829303132[[#This Row],[ALIŞ]]+1.5,0) -> 631.5 | H7: =IF(Tablo13426272829303132[[#This Row],[SATIŞ]]>0,(Tablo13426272829303132[[#This Row],[ADET]]*Tablo13426272829303132[[#This Row],[SATIŞ]]-1.5),0) -> 0
F8: =IF(Tablo13426272829303132[[#This Row],[SATIŞ]]=0,"Açık",(E8-D8)*C8-3) -> Açık | G8: =IF(Tablo13426272829303132[[#This Row],[ALIŞ]]>0,Tablo13426272829303132[[#This Row],[ADET]]*Tablo13426272829303132[[#This Row],[ALIŞ]]+1.5,0) -> 0 | H8: =IF(Tablo13426272829303132[[#This Row],[SATIŞ]]>0,(Tablo13426272829303132[[#This Row],[ADET]]*Tablo13426272829303132[[#This Row],[SATIŞ]]-1.5),0) -> 0
F9: =IF(Tablo13426272829303132[[#This Row],[SATIŞ]]=0,"Açık",(E9-D9)*C9-3) -> Açık | G9: =IF(Tablo13426272829303132[[#This Row],[ALIŞ]]>0,Tablo13426272829303132[[#This Row],[ADET]]*Tablo13426272829303132[[#This Row],[ALIŞ]]+1.5,0) -> 0 | H9: =IF(Tablo13426272829303132[[#This Row],[SATIŞ]]>0,(Tablo13426272829303132[[#This Row],[ADET]]*Tablo13426272829303132[[#This Row],[SATIŞ]]-1.5),0) -> 0
F10: =IF(Tablo13426272829303132[[#This Row],[SATIŞ]]=0,"Açık",(E10-D10)*C10-3) -> Açık | G10: =IF(Tablo13426272829303132[[#This Row],[ALIŞ]]>0,Tablo13426272829303132[[#This Row],[ADET]]*Tablo13426272829303132[[#This Row],[ALIŞ]]+1.5,0) -> 0 | H10: =IF(Tablo13426272829303132[[#This Row],[SATIŞ]]>0,(Tablo13426272829303132[[#This Row],[ADET]]*Tablo13426272829303132[[#This Row],[SATIŞ]]-1.5),0) -> 0
F11: =IF(Tablo13426272829303132[[#This Row],[SATIŞ]]=0,"Açık",(E11-D11)*C11-3) -> Açık | G11: =IF(Tablo13426272829303132[[#This Row],[ALIŞ]]>0,Tablo13426272829303132[[#This Row],[ADET]]*Tablo13426272829303132[[#This Row],[ALIŞ]]+1.5,0) -> 0 | H11: =IF(Tablo13426272829303132[[#This Row],[SATIŞ]]>0,(Tablo13426272829303132[[#This Row],[ADET]]*Tablo13426272829303132[[#This Row],[SATIŞ]]-1.5),0) -> 0 | J11: =+Tablo13426272829303132[[#This Row],[ALIŞ]]*1.02 -> 0
F12: =IF(Tablo13426272829303132[[#This Row],[SATIŞ]]=0,"Açık",(E12-D12)*C12-3) -> Açık | G12: =IF(Tablo13426272829303132[[#This Row],[ALIŞ]]>0,Tablo13426272829303132[[#This Row],[ADET]]*Tablo13426272829303132[[#This Row],[ALIŞ]]+1.5,0) -> 0 | H12: =IF(Tablo13426272829303132[[#This Row],[SATIŞ]]>0,(Tablo13426272829303132[[#This Row],[ADET]]*Tablo13426272829303132[[#This Row],[SATIŞ]]-1.5),0) -> 0
F13: =IF(Tablo13426272829303132[[#This Row],[SATIŞ]]=0,"Açık",(E13-D13)*C13-3) -> Açık | G13: =IF(Tablo13426272829303132[[#This Row],[ALIŞ]]>0,Tablo13426272829303132[[#This Row],[ADET]]*Tablo13426272829303132[[#This Row],[ALIŞ]]+1.5,0) -> 0 | H13: =IF(Tablo13426272829303132[[#This Row],[SATIŞ]]>0,(Tablo13426272829303132[[#This Row],[ADET]]*Tablo13426272829303132[[#This Row],[SATIŞ]]-1.5),0) -> 0
F14: =IF(Tablo13426272829303132[[#This Row],[SATIŞ]]=0,"Açık",(E14-D14)*C14-3) -> Açık | G14: =IF(Tablo13426272829303132[[#This Row],[ALIŞ]]>0,Tablo13426272829303132[[#This Row],[ADET]]*Tablo13426272829303132[[#This Row],[ALIŞ]]+1.5,0) -> 0 | H14: =IF(Tablo13426272829303132[[#This Row],[SATIŞ]]>0,(Tablo13426272829303132[[#This Row],[ADET]]*Tablo13426272829303132[[#This Row],[SATIŞ]]-1.5),0) -> 0
F15: =IF(Tablo13426272829303132[[#This Row],[SATIŞ]]=0,"Açık",(E15-D15)*C15-3) -> Açık | G15: =IF(Tablo13426272829303132[[#This Row],[ALIŞ]]>0,Tablo13426272829303132[[#This Row],[ADET]]*Tablo13426272829303132[[#This Row],[ALIŞ]]+1.5,0) -> 0 | H15: =IF(Tablo13426272829303132[[#This Row],[SATIŞ]]>0,(Tablo13426272829303132[[#This Row],[ADET]]*Tablo13426272829303132[[#This Row],[SATIŞ]]-1.5),0) -> 0
F16: =IF(Tablo13426272829303132[[#This Row],[SATIŞ]]=0,"Açık",(E16-D16)*C16-3) -> Açık | G16: =IF(Tablo13426272829303132[[#This Row],[ALIŞ]]>0,Tablo13426272829303132[[#This Row],[ADET]]*Tablo13426272829303132[[#This Row],[ALIŞ]]+1.5,0) -> 0 | H16: =IF(Tablo13426272829303132[[#This Row],[SATIŞ]]>0,(Tablo13426272829303132[[#This Row],[ADET]]*Tablo13426272829303132[[#This Row],[SATIŞ]]-1.5),0) -> 0
F17: =IF(Tablo13426272829303132[[#This Row],[SATIŞ]]=0,"Açık",(E17-D17)*C17-3) -> Açık | G17: =IF(Tablo13426272829303132[[#This Row],[ALIŞ]]>0,Tablo13426272829303132[[#This Row],[ADET]]*Tablo13426272829303132[[#This Row],[ALIŞ]]+1.5,0) -> 0 | H17: =IF(Tablo13426272829303132[[#This Row],[SATIŞ]]>0,(Tablo13426272829303132[[#This Row],[ADET]]*Tablo13426272829303132[[#This Row],[SATIŞ]]-1.5),0) -> 0
F18: =IF(Tablo13426272829303132[[#This Row],[SATIŞ]]=0,"Açık",(E18-D18)*C18-3) -> Açık | G18: =IF(Tablo13426272829303132[[#This Row],[ALIŞ]]>0,Tablo13426272829303132[[#This Row],[ADET]]*Tablo13426272829303132[[#This Row],[ALIŞ]]+1.5,0) -> 0 | H18: =IF(Tablo13426272829303132[[#This Row],[SATIŞ]]>0,(Tablo13426272829303132[[#This Row],[ADET]]*Tablo13426272829303132[[#This Row],[SATIŞ]]-1.5),0) -> 0
F19: =IF(Tablo13426272829303132[[#This Row],[SATIŞ]]=0,"Açık",(E19-D19)*C19-3) -> Açık | G19: =IF(Tablo13426272829303132[[#This Row],[ALIŞ]]>0,Tablo13426272829303132[[#This Row],[ADET]]*Tablo13426272829303132[[#This Row],[ALIŞ]]+1.5,0) -> 0 | H19: =IF(Tablo13426272829303132[[#This Row],[SATIŞ]]>0,(Tablo13426272829303132[[#This Row],[ADET]]*Tablo13426272829303132[[#This Row],[SATIŞ]]-1.5),0) -> 0
F20: =IF(Tablo13426272829303132[[#This Row],[SATIŞ]]=0,"Açık",(E20-D20)*C20-3) -> Açık | G20: =IF(Tablo13426272829303132[[#This Row],[ALIŞ]]>0,Tablo13426272829303132[[#This Row],[ADET]]*Tablo13426272829303132[[#This Row],[ALIŞ]]+1.5,0) -> 0 | H20: =IF(Tablo13426272829303132[[#This Row],[SATIŞ]]>0,(Tablo13426272829303132[[#This Row],[ADET]]*Tablo13426272829303132[[#This Row],[SATIŞ]]-1.5),0) -> 0
F21: =IF(Tablo13426272829303132[[#This Row],[SATIŞ]]=0,"Açık",(E21-D21)*C21-3) -> Açık | G21: =IF(Tablo13426272829303132[[#This Row],[ALIŞ]]>0,Tablo13426272829303132[[#This Row],[ADET]]*Tablo13426272829303132[[#This Row],[ALIŞ]]+1.5,0) -> 0 | H21: =IF(Tablo13426272829303132[[#This Row],[SATIŞ]]>0,(Tablo13426272829303132[[#This Row],[ADET]]*Tablo13426272829303132[[#This Row],[SATIŞ]]-1.5),0) -> 0
F22: =IF(Tablo13426272829303132[[#This Row],[SATIŞ]]=0,"Açık",(E22-D22)*C22-3) -> Açık | G22: =IF(Tablo13426272829303132[[#This Row],[ALIŞ]]>0,Tablo13426272829303132[[#This Row],[ADET]]*Tablo13426272829303132[[#This Row],[ALIŞ]]+1.5,0) -> 0 | H22: =IF(Tablo13426272829303132[[#This Row],[SATIŞ]]>0,(Tablo13426272829303132[[#This Row],[ADET]]*Tablo13426272829303132[[#This Row],[SATIŞ]]-1.5),0) -> 0
F23: =IF(Tablo13426272829303132[[#This Row],[SATIŞ]]=0,"Açık",(E23-D23)*C23-3) -> Açık | G23: =IF(Tablo13426272829303132[[#This Row],[ALIŞ]]>0,Tablo13426272829303132[[#This Row],[ADET]]*Tablo13426272829303132[[#This Row],[ALIŞ]]+1.5,0) -> 0 | H23: =IF(Tablo13426272829303132[[#This Row],[SATIŞ]]>0,(Tablo13426272829303132[[#This Row],[ADET]]*Tablo13426272829303132[[#This Row],[SATIŞ]]-1.5),0) -> 0
... F27: =IF(Tablo13426272829303132[[#This Row],[SATIŞ]]=0,"Açık",(E27-D27)*C27-3) -> Açık | G27: =IF(Tablo13426272829303132[[#This Row],[ALIŞ]]>0,Tablo13426272829303132[[#This Row],[ADET]]*Tablo13426272829303132[[#This Row],[ALIŞ]]+1.5,0) -> 0 | H27: =IF(Tablo13426272829303132[[#This Row],[SATIŞ]]>0,(Tablo13426272829303132[[#This Row],[ADET]]*Tablo13426272829303132[[#This Row],[SATIŞ]]-1.5),0) -> 0

Sheet FORD
B1: ANA SAYFA | C1: =SUMIF(Tablo134822[KAR],"Açık",Tablo134822[ADET]) -> 0 | E1: =C1*D1 -> 0 | F1: =IFERROR(((SUM(Tablo134822[ALIŞ TUTAR])-SUM(Tablo134822[SATIŞ TUTAR]))/C1),"") | G1: =IF(M3=0,L3,C1*(D1-F1)) -> 10.35 | J1: 0.02 | L1: =M1*(1-$J$1) -> #VALUE! | M1: =F1 | N1: =M1*(1+$J$1) -> #VALUE! | P1: =Q1*(1-$J$1) -> 0 | Q1: =+D1 -> 0 | R1: =Q1*(1+$J$1) -> 0
B3: TARİH | C3: ADET | D3: ALIŞ | E3: SATIŞ | F3: KAR | G3: ALIŞ TUTAR | H3: SATIŞ TUTAR | L3: =SUM(Tablo134822[KAR]) -> 10.35 | M3: =C1 -> 0
B4: 45076 | C4: 15 | D4: 12.66 | E4: 13.55 | F4: =IF(Tablo134822[[#This Row],[SATIŞ]]=0,"Açık",(E4-D4)*C4-3) -> 10.35 | G4: =IF(Tablo134822[[#This Row],[ALIŞ]]>0,Tablo134822[[#This Row],[ADET]]*Tablo134822[[#This Row],[ALIŞ]]+1.5,0) -> 191.4 | H4: =IF(Tablo134822[[#This Row],[SATIŞ]]>0,(Tablo134822[[#This Row],[ADET]]*Tablo134822[[#This Row],[SATIŞ]]-1.5),0) -> 201.75
F5: =IF(Tablo134822[[#This Row],[SATIŞ]]=0,"Açık",(E5-D5)*C5-3) -> Açık | G5: =IF(Tablo134822[[#This Row],[ALIŞ]]>0,Tablo134822[[#This Row],[ADET]]*Tablo134822[[#This Row],[ALIŞ]]+1.5,0) -> 0 | H5: =IF(Tablo134822[[#This Row],[SATIŞ]]>0,(Tablo134822[[#This Row],[ADET]]*Tablo134822[[#This Row],[SATIŞ]]-1.5),0) -> 0
F6: =IF(Tablo134822[[#This Row],[SATIŞ]]=0,"Açık",(E6-D6)*C6-3) -> Açık | G6: =IF(Tablo134822[[#This Row],[ALIŞ]]>0,Tablo134822[[#This Row],[ADET]]*Tablo134822[[#This Row],[ALIŞ]]+1.5,0) -> 0 | H6: =IF(Tablo134822[[#This Row],[SATIŞ]]>0,(Tablo134822[[#This Row],[ADET]]*Tablo134822[[#This Row],[SATIŞ]]-1.5),0) -> 0
F7: =IF(Tablo134822[[#This Row],[SATIŞ]]=0,"Açık",(E7-D7)*C7-3) -> Açık | G7: =IF(Tablo134822[[#This Row],[ALIŞ]]>0,Tablo134822[[#This Row],[ADET]]*Tablo134822[[#This Row],[ALIŞ]]+1.5,0) -> 0 | H7: =IF(Tablo134822[[#This Row],[SATIŞ]]>0,(Tablo134822[[#This Row],[ADET]]*Tablo134822[[#This Row],[SATIŞ]]-1.5),0) -> 0
F8: =IF(Tablo134822[[#This Row],[SATIŞ]]=0,"Açık",(E8-D8)*C8-3) -> Açık | G8: =IF(Tablo134822[[#This Row],[ALIŞ]]>0,Tablo134822[[#This Row],[ADET]]*Tablo134822[[#This Row],[ALIŞ]]+1.5,0) -> 0 | H8: =IF(Tablo134822[[#This Row],[SATIŞ]]>0,(Tablo134822[[#This Row],[ADET]]*Tablo134822[[#This Row],[SATIŞ]]-1.5),0) -> 0
F9: =IF(Tablo134822[[#This Row],[SATIŞ]]=0,"Açık",(E9-D9)*C9-3) -> Açık | G9: =IF(Tablo134822[[#This Row],[ALIŞ]]>0,Tablo134822[[#This Row],[ADET]]*Tablo134822[[#This Row],[ALIŞ]]+1.5,0) -> 0 | H9: =IF(Tablo134822[[#This Row],[SATIŞ]]>0,(Tablo134822[[#This Row],[ADET]]*Tablo134822[[#This Row],[SATIŞ]]-1.5),0) -> 0
F10: =IF(Tablo134822[[#This Row],[SATIŞ]]=0,"Açık",(E10-D10)*C10-3) -> Açık | G10: =IF(Tablo134822[[#This Row],[ALIŞ]]>0,Tablo134822[[#This Row],[ADET]]*Tablo134822[[#This Row],[ALIŞ]]+1.5,0) -> 0 | H10: =IF(Tablo134822[[#This Row],[SATIŞ]]>0,(Tablo134822[[#This Row],[ADET]]*Tablo134822[[#This Row],[SATIŞ]]-1.5),0) -> 0
F11: =IF(Tablo134822[[#This Row],[SATIŞ]]=0,"Açık",(E11-D11)*C11-3) -> Açık | G11: =IF(Tablo134822[[#This Row],[ALIŞ]]>0,Tablo134822[[#This Row],[ADET]]*Tablo134822[[#This Row],[ALIŞ]]+1.5,0) -> 0 | H11: =IF(Tablo134822[[#This Row],[SATIŞ]]>0,(Tablo134822[[#This Row],[ADET]]*Tablo134822[[#This Row],[SATIŞ]]-1.5),0) -> 0 | J11: =+Tablo134822[[#This Row],[ALIŞ]]*1.02 -> 0
F12: =IF(Tablo134822[[#This Row],[SATIŞ]]=0,"Açık",(E12-D12)*C12-3) -> Açık | G12: =IF(Tablo134822[[#This Row],[ALIŞ]]>0,Tablo134822[[#This Row],[ADET]]*Tablo134822[[#This Row],[ALIŞ]]+1.5,0) -> 0 | H12: =IF(Tablo134822[[#This Row],[SATIŞ]]>0,(Tablo134822[[#This Row],[ADET]]*Tablo134822[[#This Row],[SATIŞ]]-1.5),0) -> 0
F13: =IF(Tablo134822[[#This Row],[SATIŞ]]=0,"Açık",(E13-D13)*C13-3) -> Açık | G13: =IF(Tablo134822[[#This Row],[ALIŞ]]>0,Tablo134822[[#This Row],[ADET]]*Tablo134822[[#This Row],[ALIŞ]]+1.5,0) -> 0 | H13: =IF(Tablo134822[[#This Row],[SATIŞ]]>0,(Tablo134822[[#This Row],[ADET]]*Tablo134822[[#This Row],[SATIŞ]]-1.5),0) -> 0
F14: =IF(Tablo134822[[#This Row],[SATIŞ]]=0,"Açık",(E14-D14)*C14-3) -> Açık | G14: =IF(Tablo134822[[#This Row],[ALIŞ]]>0,Tablo134822[[#This Row],[ADET]]*Tablo134822[[#This Row],[ALIŞ]]+1.5,0) -> 0 | H14: =IF(Tablo134822[[#This Row],[SATIŞ]]>0,(Tablo134822[[#This Row],[ADET]]*Tablo134822[[#This Row],[SATIŞ]]-1.5),0) -> 0
F15: =IF(Tablo134822[[#This Row],[SATIŞ]]=0,"Açık",(E15-D15)*C15-3) -> Açık | G15: =IF(Tablo134822[[#This Row],[ALIŞ]]>0,Tablo134822[[#This Row],[ADET]]*Tablo134822[[#This Row],[ALIŞ]]+1.5,0) -> 0 | H15: =IF(Tablo134822[[#This Row],[SATIŞ]]>0,(Tablo134822[[#This Row],[ADET]]*Tablo134822[[#This Row],[SATIŞ]]-1.5),0) -> 0
F16: =IF(Tablo134822[[#This Row],[SATIŞ]]=0,"Açık",(E16-D16)*C16-3) -> Açık | G16: =IF(Tablo134822[[#This Row],[ALIŞ]]>0,Tablo134822[[#This Row],[ADET]]*Tablo134822[[#This Row],[ALIŞ]]+1.5,0) -> 0 | H16: =IF(Tablo134822[[#This Row],[SATIŞ]]>0,(Tablo134822[[#This Row],[ADET]]*Tablo134822[[#This Row],[SATIŞ]]-1.5),0) -> 0
F17: =IF(Tablo134822[[#This Row],[SATIŞ]]=0,"Açık",(E17-D17)*C17-3) -> Açık | G17: =IF(Tablo134822[[#This Row],[ALIŞ]]>0,Tablo134822[[#This Row],[ADET]]*Tablo134822[[#This Row],[ALIŞ]]+1.5,0) -> 0 | H17: =IF(Tablo134822[[#This Row],[SATIŞ]]>0,(Tablo134822[[#This Row],[ADET]]*Tablo134822[[#This Row],[SATIŞ]]-1.5),0) -> 0
F18: =IF(Tablo134822[[#This Row],[SATIŞ]]=0,"Açık",(E18-D18)*C18-3) -> Açık | G18: =IF(Tablo134822[[#This Row],[ALIŞ]]>0,Tablo134822[[#This Row],[ADET]]*Tablo134822[[#This Row],[ALIŞ]]+1.5,0) -> 0 | H18: =IF(Tablo134822[[#This Row],[SATIŞ]]>0,(Tablo134822[[#This Row],[ADET]]*Tablo134822[[#This Row],[SATIŞ]]-1.5),0) -> 0
F19: =IF(Tablo134822[[#This Row],[SATIŞ]]=0,"Açık",(E19-D19)*C19-3) -> Açık | G19: =IF(Tablo134822[[#This Row],[ALIŞ]]>0,Tablo134822[[#This Row],[ADET]]*Tablo134822[[#This Row],[ALIŞ]]+1.5,0) -> 0 | H19: =IF(Tablo134822[[#This Row],[SATIŞ]]>0,(Tablo134822[[#This Row],[ADET]]*Tablo134822[[#This Row],[SATIŞ]]-1.5),0) -> 0
F20: =IF(Tablo134822[[#This Row],[SATIŞ]]=0,"Açık",(E20-D20)*C20-3) -> Açık | G20: =IF(Tablo134822[[#This Row],[ALIŞ]]>0,Tablo134822[[#This Row],[ADET]]*Tablo134822[[#This Row],[ALIŞ]]+1.5,0) -> 0 | H20: =IF(Tablo134822[[#This Row],[SATIŞ]]>0,(Tablo134822[[#This Row],[ADET]]*Tablo134822[[#This Row],[SATIŞ]]-1.5),0) -> 0
F21: =IF(Tablo134822[[#This Row],[SATIŞ]]=0,"Açık",(E21-D21)*C21-3) -> Açık | G21: =IF(Tablo134822[[#This Row],[ALIŞ]]>0,Tablo134822[[#This Row],[ADET]]*Tablo134822[[#This Row],[ALIŞ]]+1.5,0) -> 0 | H21: =IF(Tablo134822[[#This Row],[SATIŞ]]>0,(Tablo134822[[#This Row],[ADET]]*Tablo134822[[#This Row],[SATIŞ]]-1.5),0) -> 0
F22: =IF(Tablo134822[[#This Row],[SATIŞ]]=0,"Açık",(E22-D22)*C22-3) -> Açık | G22: =IF(Tablo134822[[#This Row],[ALIŞ]]>0,Tablo134822[[#This Row],[ADET]]*Tablo134822[[#This Row],[ALIŞ]]+1.5,0) -> 0 | H22: =IF(Tablo134822[[#This Row],[SATIŞ]]>0,(Tablo134822[[#This Row],[ADET]]*Tablo134822[[#This Row],[SATIŞ]]-1.5),0) -> 0
F23: =IF(Tablo134822[[#This Row],[SATIŞ]]=0,"Açık",(E23-D23)*C23-3) -> Açık | G23: =IF(Tablo134822[[#This Row],[ALIŞ]]>0,Tablo134822[[#This Row],[ADET]]*Tablo134822[[#This Row],[ALIŞ]]+1.5,0) -> 0 | H23: =IF(Tablo134822[[#This Row],[SATIŞ]]>0,(Tablo134822[[#This Row],[ADET]]*Tablo134822[[#This Row],[SATIŞ]]-1.5),0) -> 0
... F27: =IF(Tablo134822[[#This Row],[SATIŞ]]=0,"Açık",(E27-D27)*C27-3) -> Açık | G27: =IF(Tablo134822[[#This Row],[ALIŞ]]>0,Tablo134822[[#This Row],[ADET]]*Tablo134822[[#This Row],[ALIŞ]]+1.5,0) -> 0 | H27: =IF(Tablo134822[[#This Row],[SATIŞ]]>0,(Tablo134822[[#This Row],[ADET]]*Tablo134822[[#This Row],[SATIŞ]]-1.5),0) -> 0

Sheet GDRX
B1: ANA SAYFA | C1: =SUMIF(Tablo134891314151617[KAR],"Açık",Tablo134891314151617[ADET]) -> 0 | E1: =C1*D1 -> 0 | F1: =IFERROR(((SUM(Tablo134891314151617[ALIŞ TUTAR])-SUM(Tablo134891314151617[SATIŞ TUTAR]))/C1),"") | G1: =IF(M3=0,L3,C1*(D1-F1)) -> -2.2 | J1: 0.02 | L1: =M1*(1-$J$1) -> #VALUE! | M1: =F1 | N1: =M1*(1+$J$1) -> #VALUE! | P1: =Q1*(1-$J$1) -> 0 | Q1: =+D1 -> 0 | R1: =Q1*(1+$J$1) -> 0
B3: TARİH | C3: ADET | D3: ALIŞ | E3: SATIŞ | F3: KAR | G3: ALIŞ TUTAR | H3: SATIŞ TUTAR | L3: =SUM(Tablo134891314151617[KAR]) -> -2.2 | M3: =C1 -> 0
B4: 44897 | C4: 20 | D4: 5.21 | E4: 5.52 | F4: =IF(Tablo134891314151617[[#This Row],[SATIŞ]]=0,"Açık",(E4-D4)*C4-3) -> 3.2 | G4: =IF(Tablo134891314151617[[#This Row],[ALIŞ]]>0,Tablo134891314151617[[#This Row],[ADET]]*Tablo134891314151617[[#This Row],[ALIŞ]]+1.5,0) -> 105.7 | H4: =IF(Tablo134891314151617[[#This Row],[SATIŞ]]>0,(Tablo134891314151617[[#This Row],[ADET]]*Tablo134891314151617[[#This Row],[SATIŞ]]-1.5),0) -> 108.9
B5: 44961 | C5: 15 | D5: 5.68 | E5: 5.52 | F5: =IF(Tablo134891314151617[[#This Row],[SATIŞ]]=0,"Açık",(E5-D5)*C5-3) -> -5.4 | G5: =IF(Tablo134891314151617[[#This Row],[ALIŞ]]>0,Tablo134891314151617[[#This Row],[ADET]]*Tablo134891314151617[[#This Row],[ALIŞ]]+1.5,0) -> 86.7 | H5: =IF(Tablo134891314151617[[#This Row],[SATIŞ]]>0,(Tablo134891314151617[[#This Row],[ADET]]*Tablo134891314151617[[#This Row],[SATIŞ]]-1.5),0) -> 81.3
F6: =IF(Tablo134891314151617[[#This Row],[SATIŞ]]=0,"Açık",(E6-D6)*C6-3) -> Açık | G6: =IF(Tablo134891314151617[[#This Row],[ALIŞ]]>0,Tablo134891314151617[[#This Row],[ADET]]*Tablo134891314151617[[#This Row],[ALIŞ]]+1.5,0) -> 0 | H6: =IF(Tablo134891314151617[[#This Row],[SATIŞ]]>0,(Tablo134891314151617[[#This Row],[ADET]]*Tablo134891314151617[[#This Row],[SATIŞ]]-1.5),0) -> 0
F7: =IF(Tablo134891314151617[[#This Row],[SATIŞ]]=0,"Açık",(E7-D7)*C7-3) -> Açık | G7: =IF(Tablo134891314151617[[#This Row],[ALIŞ]]>0,Tablo134891314151617[[#This Row],[ADET]]*Tablo134891314151617[[#This Row],[ALIŞ]]+1.5,0) -> 0 | H7: =IF(Tablo134891314151617[[#This Row],[SATIŞ]]>0,(Tablo134891314151617[[#This Row],[ADET]]*Tablo134891314151617[[#This Row],[SATIŞ]]-1.5),0) -> 0
F8: =IF(Tablo134891314151617[[#This Row],[SATIŞ]]=0,"Açık",(E8-D8)*C8-3) -> Açık | G8: =IF(Tablo134891314151617[[#This Row],[ALIŞ]]>0,Tablo134891314151617[[#This Row],[ADET]]*Tablo134891314151617[[#This Row],[ALIŞ]]+1.5,0) -> 0 | H8: =IF(Tablo134891314151617[[#This Row],[SATIŞ]]>0,(Tablo134891314151617[[#This Row],[ADET]]*Tablo134891314151617[[#This Row],[SATIŞ]]-1.5),0) -> 0
F9: =IF(Tablo134891314151617[[#This Row],[SATIŞ]]=0,"Açık",(E9-D9)*C9-3) -> Açık | G9: =IF(Tablo134891314151617[[#This Row],[ALIŞ]]>0,Tablo134891314151617[[#This Row],[ADET]]*Tablo134891314151617[[#This Row],[ALIŞ]]+1.5,0) -> 0 | H9: =IF(Tablo134891314151617[[#This Row],[SATIŞ]]>0,(Tablo134891314151617[[#This Row],[ADET]]*Tablo134891314151617[[#This Row],[SATIŞ]]-1.5),0) -> 0
F10: =IF(Tablo134891314151617[[#This Row],[SATIŞ]]=0,"Açık",(E10-D10)*C10-3) -> Açık | G10: =IF(Tablo134891314151617[[#This Row],[ALIŞ]]>0,Tablo134891314151617[[#This Row],[ADET]]*Tablo134891314151617[[#This Row],[ALIŞ]]+1.5,0) -> 0 | H10: =IF(Tablo134891314151617[[#This Row],[SATIŞ]]>0,(Tablo134891314151617[[#This Row],[ADET]]*Tablo134891314151617[[#This Row],[SATIŞ]]-1.5),0) -> 0
F11: =IF(Tablo134891314151617[[#This Row],[SATIŞ]]=0,"Açık",(E11-D11)*C11-3) -> Açık | G11: =IF(Tablo134891314151617[[#This Row],[ALIŞ]]>0,Tablo134891314151617[[#This Row],[ADET]]*Tablo134891314151617[[#This Row],[ALIŞ]]+1.5,0) -> 0 | H11: =IF(Tablo134891314151617[[#This Row],[SATIŞ]]>0,(Tablo134891314151617[[#This Row],[ADET]]*Tablo134891314151617[[#This Row],[SATIŞ]]-1.5),0) -> 0 | J11: =+Tablo134891314151617[[#This Row],[ALIŞ]]*1.02 -> 0
F12: =IF(Tablo134891314151617[[#This Row],[SATIŞ]]=0,"Açık",(E12-D12)*C12-3) -> Açık | G12: =IF(Tablo134891314151617[[#This Row],[ALIŞ]]>0,Tablo134891314151617[[#This Row],[ADET]]*Tablo134891314151617[[#This Row],[ALIŞ]]+1.5,0) -> 0 | H12: =IF(Tablo134891314151617[[#This Row],[SATIŞ]]>0,(Tablo134891314151617[[#This Row],[ADET]]*Tablo134891314151617[[#This Row],[SATIŞ]]-1.5),0) -> 0
F13: =IF(Tablo134891314151617[[#This Row],[SATIŞ]]=0,"Açık",(E13-D13)*C13-3) -> Açık | G13: =IF(Tablo134891314151617[[#This Row],[ALIŞ]]>0,Tablo134891314151617[[#This Row],[ADET]]*Tablo134891314151617[[#This Row],[ALIŞ]]+1.5,0) -> 0 | H13: =IF(Tablo134891314151617[[#This Row],[SATIŞ]]>0,(Tablo134891314151617[[#This Row],[ADET]]*Tablo134891314151617[[#This Row],[SATIŞ]]-1.5),0) -> 0
F14: =IF(Tablo134891314151617[[#This Row],[SATIŞ]]=0,"Açık",(E14-D14)*C14-3) -> Açık | G14: =IF(Tablo134891314151617[[#This Row],[ALIŞ]]>0,Tablo134891314151617[[#This Row],[ADET]]*Tablo134891314151617[[#This Row],[ALIŞ]]+1.5,0) -> 0 | H14: =IF(Tablo134891314151617[[#This Row],[SATIŞ]]>0,(Tablo134891314151617[[#This Row],[ADET]]*Tablo134891314151617[[#This Row],[SATIŞ]]-1.5),0) -> 0
F15: =IF(Tablo134891314151617[[#This Row],[SATIŞ]]=0,"Açık",(E15-D15)*C15-3) -> Açık | G15: =IF(Tablo134891314151617[[#This Row],[ALIŞ]]>0,Tablo134891314151617[[#This Row],[ADET]]*Tablo134891314151617[[#This Row],[ALIŞ]]+1.5,0) -> 0 | H15: =IF(Tablo134891314151617[[#This Row],[SATIŞ]]>0,(Tablo134891314151617[[#This Row],[ADET]]*Tablo134891314151617[[#This Row],[SATIŞ]]-1.5),0) -> 0
F16: =IF(Tablo134891314151617[[#This Row],[SATIŞ]]=0,"Açık",(E16-D16)*C16-3) -> Açık | G16: =IF(Tablo134891314151617[[#This Row],[ALIŞ]]>0,Tablo134891314151617[[#This Row],[ADET]]*Tablo134891314151617[[#This Row],[ALIŞ]]+1.5,0) -> 0 | H16: =IF(Tablo134891314151617[[#This Row],[SATIŞ]]>0,(Tablo134891314151617[[#This Row],[ADET]]*Tablo134891314151617[[#This Row],[SATIŞ]]-1.5),0) -> 0
F17: =IF(Tablo134891314151617[[#This Row],[SATIŞ]]=0,"Açık",(E17-D17)*C17-3) -> Açık | G17: =IF(Tablo134891314151617[[#This Row],[ALIŞ]]>0,Tablo134891314151617[[#This Row],[ADET]]*Tablo134891314151617[[#This Row],[ALIŞ]]+1.5,0) -> 0 | H17: =IF(Tablo134891314151617[[#This Row],[SATIŞ]]>0,(Tablo134891314151617[[#This Row],[ADET]]*Tablo134891314151617[[#This Row],[SATIŞ]]-1.5),0) -> 0
F18: =IF(Tablo134891314151617[[#This Row],[SATIŞ]]=0,"Açık",(E18-D18)*C18-3) -> Açık | G18: =IF(Tablo134891314151617[[#This Row],[ALIŞ]]>0,Tablo134891314151617[[#This Row],[ADET]]*Tablo134891314151617[[#This Row],[ALIŞ]]+1.5,0) -> 0 | H18: =IF(Tablo134891314151617[[#This Row],[SATIŞ]]>0,(Tablo134891314151617[[#This Row],[ADET]]*Tablo134891314151617[[#This Row],[SATIŞ]]-1.5),0) -> 0
F19: =IF(Tablo134891314151617[[#This Row],[SATIŞ]]=0,"Açık",(E19-D19)*C19-3) -> Açık | G19: =IF(Tablo134891314151617[[#This Row],[ALIŞ]]>0,Tablo134891314151617[[#This Row],[ADET]]*Tablo134891314151617[[#This Row],[ALIŞ]]+1.5,0) -> 0 | H19: =IF(Tablo134891314151617[[#This Row],[SATIŞ]]>0,(Tablo134891314151617[[#This Row],[ADET]]*Tablo134891314151617[[#This Row],[SATIŞ]]-1.5),0) -> 0
F20: =IF(Tablo134891314151617[[#This Row],[SATIŞ]]=0,"Açık",(E20-D20)*C20-3) -> Açık | G20: =IF(Tablo134891314151617[[#This Row],[ALIŞ]]>0,Tablo134891314151617[[#This Row],[ADET]]*Tablo134891314151617[[#This Row],[ALIŞ]]+1.5,0) -> 0 | H20: =IF(Tablo134891314151617[[#This Row],[SATIŞ]]>0,(Tablo134891314151617[[#This Row],[ADET]]*Tablo134891314151617[[#This Row],[SATIŞ]]-1.5),0) -> 0
F21: =IF(Tablo134891314151617[[#This Row],[SATIŞ]]=0,"Açık",(E21-D21)*C21-3) -> Açık | G21: =IF(Tablo134891314151617[[#This Row],[ALIŞ]]>0,Tablo134891314151617[[#This Row],[ADET]]*Tablo134891314151617[[#This Row],[ALIŞ]]+1.5,0) -> 0 | H21: =IF(Tablo134891314151617[[#This Row],[SATIŞ]]>0,(Tablo134891314151617[[#This Row],[ADET]]*Tablo134891314151617[[#This Row],[SATIŞ]]-1.5),0) -> 0
F22: =IF(Tablo134891314151617[[#This Row],[SATIŞ]]=0,"Açık",(E22-D22)*C22-3) -> Açık | G22: =IF(Tablo134891314151617[[#This Row],[ALIŞ]]>0,Tablo134891314151617[[#This Row],[ADET]]*Tablo134891314151617[[#This Row],[ALIŞ]]+1.5,0) -> 0 | H22: =IF(Tablo134891314151617[[#This Row],[SATIŞ]]>0,(Tablo134891314151617[[#This Row],[ADET]]*Tablo134891314151617[[#This Row],[SATIŞ]]-1.5),0) -> 0
F23: =IF(Tablo134891314151617[[#This Row],[SATIŞ]]=0,"Açık",(E23-D23)*C23-3) -> Açık | G23: =IF(Tablo134891314151617[[#This Row],[ALIŞ]]>0,Tablo134891314151617[[#This Row],[ADET]]*Tablo134891314151617[[#This Row],[ALIŞ]]+1.5,0) -> 0 | H23: =IF(Tablo134891314151617[[#This Row],[SATIŞ]]>0,(Tablo134891314151617[[#This Row],[ADET]]*Tablo134891314151617[[#This Row],[SATIŞ]]-1.5),0) -> 0
... F27: =IF(Tablo134891314151617[[#This Row],[SATIŞ]]=0,"Açık",(E27-D27)*C27-3) -> Açık | G27: =IF(Tablo134891314151617[[#This Row],[ALIŞ]]>0,Tablo134891314151617[[#This Row],[ADET]]*Tablo134891314151617[[#This Row],[ALIŞ]]+1.5,0) -> 0 | H27: =IF(Tablo134891314151617[[#This Row],[SATIŞ]]>0,(Tablo134891314151617[[#This Row],[ADET]]*Tablo134891314151617[[#This Row],[SATIŞ]]-1.5),0) -> 0

Sheet GE
B1: ANA SAYFA | C1: =SUMIF(Tablo13426[KAR],"Açık",Tablo13426[ADET]) -> 2 | D1: =+İcmal!E18 -> 157.86 | E1: =C1*D1 -> 315.72 | F1: =IFERROR(((SUM(Tablo13426[ALIŞ TUTAR])-SUM(Tablo13426[SATIŞ TUTAR]))/C1),"") -> 80.6 | G1: =IF(M3=0,L3,C1*(D1-F1)) -> 154.52 | J1: 0.02 | L1: =M1*(1-$J$1) -> 78.988 | M1: =F1 -> 80.6 | N1: =M1*(1+$J$1) -> 82.212 | P1: =Q1*(1-$J$1) -> 154.7028 | Q1: =+D1 -> 157.86 | R1: =Q1*(1+$J$1) -> 161.0172
B3: TARİH | C3: ADET | D3: ALIŞ | E3: SATIŞ | F3: KAR | G3: ALIŞ TUTAR | H3: SATIŞ TUTAR | L3: =SUM(Tablo13426[KAR]) -> 180.3 | M3: =C1 -> 2
B4: 45285 | C4: 2 | D4: 126.72 | E4: 175 | F4: =IF(Tablo13426[[#This Row],[SATIŞ]]=0,"Açık",(E4-D4)*C4-3) -> 93.56 | G4: =IF(Tablo13426[[#This Row],[ALIŞ]]>0,Tablo13426[[#This Row],[ADET]]*Tablo13426[[#This Row],[ALIŞ]]+1.5,0) -> 254.94 | H4: =IF(Tablo13426[[#This Row],[SATIŞ]]>0,(Tablo13426[[#This Row],[ADET]]*Tablo13426[[#This Row],[SATIŞ]]-1.5),0) -> 348.5
B5: 45285 | C5: 2 | D5: 126.72 | E5: 171.59 | F5: =IF(Tablo13426[[#This Row],[SATIŞ]]=0,"Açık",(E5-D5)*C5-3) -> 86.74 | G5: =IF(Tablo13426[[#This Row],[ALIŞ]]>0,Tablo13426[[#This Row],[ADET]]*Tablo13426[[#This Row],[ALIŞ]]+1.5,0) -> 254.94 | H5: =IF(Tablo13426[[#This Row],[SATIŞ]]>0,(Tablo13426[[#This Row],[ADET]]*Tablo13426[[#This Row],[SATIŞ]]-1.5),0) -> 341.68
B6: 45359 | C6: 2 | D6: 170 | F6: =IF(Tablo13426[[#This Row],[SATIŞ]]=0,"Açık",(E6-D6)*C6-3) -> Açık | G6: =IF(Tablo13426[[#This Row],[ALIŞ]]>0,Tablo13426[[#This Row],[ADET]]*Tablo13426[[#This Row],[ALIŞ]]+1.5,0) -> 341.5 | H6: =IF(Tablo13426[[#This Row],[SATIŞ]]>0,(Tablo13426[[#This Row],[ADET]]*Tablo13426[[#This Row],[SATIŞ]]-1.5),0) -> 0
F7: =IF(Tablo13426[[#This Row],[SATIŞ]]=0,"Açık",(E7-D7)*C7-3) -> Açık | G7: =IF(Tablo13426[[#This Row],[ALIŞ]]>0,Tablo13426[[#This Row],[ADET]]*Tablo13426[[#This Row],[ALIŞ]]+1.5,0) -> 0 | H7: =IF(Tablo13426[[#This Row],[SATIŞ]]>0,(Tablo13426[[#This Row],[ADET]]*Tablo13426[[#This Row],[SATIŞ]]-1.5),0) -> 0
F8: =IF(Tablo13426[[#This Row],[SATIŞ]]=0,"Açık",(E8-D8)*C8-3) -> Açık | G8: =IF(Tablo13426[[#This Row],[ALIŞ]]>0,Tablo13426[[#This Row],[ADET]]*Tablo13426[[#This Row],[ALIŞ]]+1.5,0) -> 0 | H8: =IF(Tablo13426[[#This Row],[SATIŞ]]>0,(Tablo13426[[#This Row],[ADET]]*Tablo13426[[#This Row],[SATIŞ]]-1.5),0) -> 0
F9: =IF(Tablo13426[[#This Row],[SATIŞ]]=0,"Açık",(E9-D9)*C9-3) -> Açık | G9: =IF(Tablo13426[[#This Row],[ALIŞ]]>0,Tablo13426[[#This Row],[ADET]]*Tablo13426[[#This Row],[ALIŞ]]+1.5,0) -> 0 | H9: =IF(Tablo13426[[#This Row],[SATIŞ]]>0,(Tablo13426[[#This Row],[ADET]]*Tablo13426[[#This Row],[SATIŞ]]-1.5),0) -> 0
F10: =IF(Tablo13426[[#This Row],[SATIŞ]]=0,"Açık",(E10-D10)*C10-3) -> Açık | G10: =IF(Tablo13426[[#This Row],[ALIŞ]]>0,Tablo13426[[#This Row],[ADET]]*Tablo13426[[#This Row],[ALIŞ]]+1.5,0) -> 0 | H10: =IF(Tablo13426[[#This Row],[SATIŞ]]>0,(Tablo13426[[#This Row],[ADET]]*Tablo13426[[#This Row],[SATIŞ]]-1.5),0) -> 0
F11: =IF(Tablo13426[[#This Row],[SATIŞ]]=0,"Açık",(E11-D11)*C11-3) -> Açık | G11: =IF(Tablo13426[[#This Row],[ALIŞ]]>0,Tablo13426[[#This Row],[ADET]]*Tablo13426[[#This Row],[ALIŞ]]+1.5,0) -> 0 | H11: =IF(Tablo13426[[#This Row],[SATIŞ]]>0,(Tablo13426[[#This Row],[ADET]]*Tablo13426[[#This Row],[SATIŞ]]-1.5),0) -> 0 | J11: =+Tablo13426[[#This Row],[ALIŞ]]*1.02 -> 0
F12: =IF(Tablo13426[[#This Row],[SATIŞ]]=0,"Açık",(E12-D12)*C12-3) -> Açık | G12: =IF(Tablo13426[[#This Row],[ALIŞ]]>0,Tablo13426[[#This Row],[ADET]]*Tablo13426[[#This Row],[ALIŞ]]+1.5,0) -> 0 | H12: =IF(Tablo13426[[#This Row],[SATIŞ]]>0,(Tablo13426[[#This Row],[ADET]]*Tablo13426[[#This Row],[SATIŞ]]-1.5),0) -> 0
F13: =IF(Tablo13426[[#This Row],[SATIŞ]]=0,"Açık",(E13-D13)*C13-3) -> Açık | G13: =IF(Tablo13426[[#This Row],[ALIŞ]]>0,Tablo13426[[#This Row],[ADET]]*Tablo13426[[#This Row],[ALIŞ]]+1.5,0) -> 0 | H13: =IF(Tablo13426[[#This Row],[SATIŞ]]>0,(Tablo13426[[#This Row],[ADET]]*Tablo13426[[#This Row],[SATIŞ]]-1.5),0) -> 0
F14: =IF(Tablo13426[[#This Row],[SATIŞ]]=0,"Açık",(E14-D14)*C14-3) -> Açık | G14: =IF(Tablo13426[[#This Row],[ALIŞ]]>0,Tablo13426[[#This Row],[ADET]]*Tablo13426[[#This Row],[ALIŞ]]+1.5,0) -> 0 | H14: =IF(Tablo13426[[#This Row],[SATIŞ]]>0,(Tablo13426[[#This Row],[ADET]]*Tablo13426[[#This Row],[SATIŞ]]-1.5),0) -> 0
F15: =IF(Tablo13426[[#This Row],[SATIŞ]]=0,"Açık",(E15-D15)*C15-3) -> Açık | G15: =IF(Tablo13426[[#This Row],[ALIŞ]]>0,Tablo13426[[#This Row],[ADET]]*Tablo13426[[#This Row],[ALIŞ]]+1.5,0) -> 0 | H15: =IF(Tablo13426[[#This Row],[SATIŞ]]>0,(Tablo13426[[#This Row],[ADET]]*Tablo13426[[#This Row],[SATIŞ]]-1.5),0) -> 0
F16: =IF(Tablo13426[[#This Row],[SATIŞ]]=0,"Açık",(E16-D16)*C16-3) -> Açık | G16: =IF(Tablo13426[[#This Row],[ALIŞ]]>0,Tablo13426[[#This Row],[ADET]]*Tablo13426[[#This Row],[ALIŞ]]+1.5,0) -> 0 | H16: =IF(Tablo13426[[#This Row],[SATIŞ]]>0,(Tablo13426[[#This Row],[ADET]]*Tablo13426[[#This Row],[SATIŞ]]-1.5),0) -> 0
F17: =IF(Tablo13426[[#This Row],[SATIŞ]]=0,"Açık",(E17-D17)*C17-3) -> Açık | G17: =IF(Tablo13426[[#This Row],[ALIŞ]]>0,Tablo13426[[#This Row],[ADET]]*Tablo13426[[#This Row],[ALIŞ]]+1.5,0) -> 0 | H17: =IF(Tablo13426[[#This Row],[SATIŞ]]>0,(Tablo13426[[#This Row],[ADET]]*Tablo13426[[#This Row],[SATIŞ]]-1.5),0) -> 0
F18: =IF(Tablo13426[[#This Row],[SATIŞ]]=0,"Açık",(E18-D18)*C18-3) -> Açık | G18: =IF(Tablo13426[[#This Row],[ALIŞ]]>0,Tablo13426[[#This Row],[ADET]]*Tablo13426[[#This Row],[ALIŞ]]+1.5,0) -> 0 | H18: =IF(Tablo13426[[#This Row],[SATIŞ]]>0,(Tablo13426[[#This Row],[ADET]]*Tablo13426[[#This Row],[SATIŞ]]-1.5),0) -> 0
F19: =IF(Tablo13426[[#This Row],[SATIŞ]]=0,"Açık",(E19-D19)*C19-3) -> Açık | G19: =IF(Tablo13426[[#This Row],[ALIŞ]]>0,Tablo13426[[#This Row],[ADET]]*Tablo13426[[#This Row],[ALIŞ]]+1.5,0) -> 0 | H19: =IF(Tablo13426[[#This Row],[SATIŞ]]>0,(Tablo13426[[#This Row],[ADET]]*Tablo13426[[#This Row],[SATIŞ]]-1.5),0) -> 0
F20: =IF(Tablo13426[[#This Row],[SATIŞ]]=0,"Açık",(E20-D20)*C20-3) -> Açık | G20: =IF(Tablo13426[[#This Row],[ALIŞ]]>0,Tablo13426[[#This Row],[ADET]]*Tablo13426[[#This Row],[ALIŞ]]+1.5,0) -> 0 | H20: =IF(Tablo13426[[#This Row],[SATIŞ]]>0,(Tablo13426[[#This Row],[ADET]]*Tablo13426[[#This Row],[SATIŞ]]-1.5),0) -> 0
F21: =IF(Tablo13426[[#This Row],[SATIŞ]]=0,"Açık",(E21-D21)*C21-3) -> Açık | G21: =IF(Tablo13426[[#This Row],[ALIŞ]]>0,Tablo13426[[#This Row],[ADET]]*Tablo13426[[#This Row],[ALIŞ]]+1.5,0) -> 0 | H21: =IF(Tablo13426[[#This Row],[SATIŞ]]>0,(Tablo13426[[#This Row],[ADET]]*Tablo13426[[#This Row],[SATIŞ]]-1.5),0) -> 0
F22: =IF(Tablo13426[[#This Row],[SATIŞ]]=0,"Açık",(E22-D22)*C22-3) -> Açık | G22: =IF(Tablo13426[[#This Row],[ALIŞ]]>0,Tablo13426[[#This Row],[ADET]]*Tablo13426[[#This Row],[ALIŞ]]+1.5,0) -> 0 | H22: =IF(Tablo13426[[#This Row],[SATIŞ]]>0,(Tablo13426[[#This Row],[ADET]]*Tablo13426[[#This Row],[SATIŞ]]-1.5),0) -> 0
F23: =IF(Tablo13426[[#This Row],[SATIŞ]]=0,"Açık",(E23-D23)*C23-3) -> Açık | G23: =IF(Tablo13426[[#This Row],[ALIŞ]]>0,Tablo13426[[#This Row],[ADET]]*Tablo13426[[#This Row],[ALIŞ]]+1.5,0) -> 0 | H23: =IF(Tablo13426[[#This Row],[SATIŞ]]>0,(Tablo13426[[#This Row],[ADET]]*Tablo13426[[#This Row],[SATIŞ]]-1.5),0) -> 0
... F27: =IF(Tablo13426[[#This Row],[SATIŞ]]=0,"Açık",(E27-D27)*C27-3) -> Açık | G27: =IF(Tablo13426[[#This Row],[ALIŞ]]>0,Tablo13426[[#This Row],[ADET]]*Tablo13426[[#This Row],[ALIŞ]]+1.5,0) -> 0 | H27: =IF(Tablo13426[[#This Row],[SATIŞ]]>0,(Tablo13426[[#This Row],[ADET]]*Tablo13426[[#This Row],[SATIŞ]]-1.5),0) -> 0

Sheet GNLN
B1: ANA SAYFA | C1: =SUMIF(Tablo1348[KAR],"Açık",Tablo1348[ADET]) -> 0 | E1: =C1*D1 -> 0 | F1: =IFERROR(((SUM(Tablo1348[ALIŞ TUTAR])-SUM(Tablo1348[SATIŞ TUTAR]))/C1),"") | G1: =IF(M3=0,L3,C1*(D1-F1)) -> 3.25 | J1: 0.02 | L1: =M1*(1-$J$1) -> #VALUE! | M1: =F1 | N1: =M1*(1+$J$1) -> #VALUE! | P1: =Q1*(1-$J$1) -> 0 | Q1: =+D1 -> 0 | R1: =Q1*(1+$J$1) -> 0
B3: TARİH | C3: ADET | D3: ALIŞ | E3: SATIŞ | F3: KAR | G3: ALIŞ TUTAR | H3: SATIŞ TUTAR | L3: =SUM(Tablo1348[KAR]) -> 3.25 | M3: =C1 -> 0
B4: 44743 | C4: 250 | D4: 0.2 | E4: 0.225 | F4: =IF(Tablo1348[[#This Row],[SATIŞ]]=0,"Açık",(E4-D4)*C4-3) -> 3.25 | G4: =IF(Tablo1348[[#This Row],[ALIŞ]]>0,Tablo1348[[#This Row],[ADET]]*Tablo1348[[#This Row],[ALIŞ]]+1.5,0) -> 51.5 | H4: =IF(Tablo1348[[#This Row],[SATIŞ]]>0,(Tablo1348[[#This Row],[ADET]]*Tablo1348[[#This Row],[SATIŞ]]-1.5),0) -> 54.75
F5: =IF(Tablo1348[[#This Row],[SATIŞ]]=0,"Açık",(E5-D5)*C5-3) -> Açık | G5: =IF(Tablo1348[[#This Row],[ALIŞ]]>0,Tablo1348[[#This Row],[ADET]]*Tablo1348[[#This Row],[ALIŞ]]+1.5,0) -> 0 | H5: =IF(Tablo1348[[#This Row],[SATIŞ]]>0,(Tablo1348[[#This Row],[ADET]]*Tablo1348[[#This Row],[SATIŞ]]-1.5),0) -> 0
F6: =IF(Tablo1348[[#This Row],[SATIŞ]]=0,"Açık",(E6-D6)*C6-3) -> Açık | G6: =IF(Tablo1348[[#This Row],[ALIŞ]]>0,Tablo1348[[#This Row],[ADET]]*Tablo1348[[#This Row],[ALIŞ]]+1.5,0) -> 0 | H6: =IF(Tablo1348[[#This Row],[SATIŞ]]>0,(Tablo1348[[#This Row],[ADET]]*Tablo1348[[#This Row],[SATIŞ]]-1.5),0) -> 0
F7: =IF(Tablo1348[[#This Row],[SATIŞ]]=0,"Açık",(E7-D7)*C7-3) -> Açık | G7: =IF(Tablo1348[[#This Row],[ALIŞ]]>0,Tablo1348[[#This Row],[ADET]]*Tablo1348[[#This Row],[ALIŞ]]+1.5,0) -> 0 | H7: =IF(Tablo1348[[#This Row],[SATIŞ]]>0,(Tablo1348[[#This Row],[ADET]]*Tablo1348[[#This Row],[SATIŞ]]-1.5),0) -> 0
F8: =IF(Tablo1348[[#This Row],[SATIŞ]]=0,"Açık",(E8-D8)*C8-3) -> Açık | G8: =IF(Tablo1348[[#This Row],[ALIŞ]]>0,Tablo1348[[#This Row],[ADET]]*Tablo1348[[#This Row],[ALIŞ]]+1.5,0) -> 0 | H8: =IF(Tablo1348[[#This Row],[SATIŞ]]>0,(Tablo1348[[#This Row],[ADET]]*Tablo1348[[#This Row],[SATIŞ]]-1.5),0) -> 0
F9: =IF(Tablo1348[[#This Row],[SATIŞ]]=0,"Açık",(E9-D9)*C9-3) -> Açık | G9: =IF(Tablo1348[[#This Row],[ALIŞ]]>0,Tablo1348[[#This Row],[ADET]]*Tablo1348[[#This Row],[ALIŞ]]+1.5,0) -> 0 | H9: =IF(Tablo1348[[#This Row],[SATIŞ]]>0,(Tablo1348[[#This Row],[ADET]]*Tablo1348[[#This Row],[SATIŞ]]-1.5),0) -> 0
F10: =IF(Tablo1348[[#This Row],[SATIŞ]]=0,"Açık",(E10-D10)*C10-3) -> Açık | G10: =IF(Tablo1348[[#This Row],[ALIŞ]]>0,Tablo1348[[#This Row],[ADET]]*Tablo1348[[#This Row],[ALIŞ]]+1.5,0) -> 0 | H10: =IF(Tablo1348[[#This Row],[SATIŞ]]>0,(Tablo1348[[#This Row],[ADET]]*Tablo1348[[#This Row],[SATIŞ]]-1.5),0) -> 0
F11: =IF(Tablo1348[[#This Row],[SATIŞ]]=0,"Açık",(E11-D11)*C11-3) -> Açık | G11: =IF(Tablo1348[[#This Row],[ALIŞ]]>0,Tablo1348[[#This Row],[ADET]]*Tablo1348[[#This Row],[ALIŞ]]+1.5,0) -> 0 | H11: =IF(Tablo1348[[#This Row],[SATIŞ]]>0,(Tablo1348[[#This Row],[ADET]]*Tablo1348[[#This Row],[SATIŞ]]-1.5),0) -> 0 | J11: =+Tablo1348[[#This Row],[ALIŞ]]*1.02 -> 0
F12: =IF(Tablo1348[[#This Row],[SATIŞ]]=0,"Açık",(E12-D12)*C12-3) -> Açık | G12: =IF(Tablo1348[[#This Row],[ALIŞ]]>0,Tablo1348[[#This Row],[ADET]]*Tablo1348[[#This Row],[ALIŞ]]+1.5,0) -> 0 | H12: =IF(Tablo1348[[#This Row],[SATIŞ]]>0,(Tablo1348[[#This Row],[ADET]]*Tablo1348[[#This Row],[SATIŞ]]-1.5),0) -> 0
F13: =IF(Tablo1348[[#This Row],[SATIŞ]]=0,"Açık",(E13-D13)*C13-3) -> Açık | G13: =IF(Tablo1348[[#This Row],[ALIŞ]]>0,Tablo1348[[#This Row],[ADET]]*Tablo1348[[#This Row],[ALIŞ]]+1.5,0) -> 0 | H13: =IF(Tablo1348[[#This Row],[SATIŞ]]>0,(Tablo1348[[#This Row],[ADET]]*Tablo1348[[#This Row],[SATIŞ]]-1.5),0) -> 0
F14: =IF(Tablo1348[[#This Row],[SATIŞ]]=0,"Açık",(E14-D14)*C14-3) -> Açık | G14: =IF(Tablo1348[[#This Row],[ALIŞ]]>0,Tablo1348[[#This Row],[ADET]]*Tablo1348[[#This Row],[ALIŞ]]+1.5,0) -> 0 | H14: =IF(Tablo1348[[#This Row],[SATIŞ]]>0,(Tablo1348[[#This Row],[ADET]]*Tablo1348[[#This Row],[SATIŞ]]-1.5),0) -> 0
F15: =IF(Tablo1348[[#This Row],[SATIŞ]]=0,"Açık",(E15-D15)*C15-3) -> Açık | G15: =IF(Tablo1348[[#This Row],[ALIŞ]]>0,Tablo1348[[#This Row],[ADET]]*Tablo1348[[#This Row],[ALIŞ]]+1.5,0) -> 0 | H15: =IF(Tablo1348[[#This Row],[SATIŞ]]>0,(Tablo1348[[#This Row],[ADET]]*Tablo1348[[#This Row],[SATIŞ]]-1.5),0) -> 0
F16: =IF(Tablo1348[[#This Row],[SATIŞ]]=0,"Açık",(E16-D16)*C16-3) -> Açık | G16: =IF(Tablo1348[[#This Row],[ALIŞ]]>0,Tablo1348[[#This Row],[ADET]]*Tablo1348[[#This Row],[ALIŞ]]+1.5,0) -> 0 | H16: =IF(Tablo1348[[#This Row],[SATIŞ]]>0,(Tablo1348[[#This Row],[ADET]]*Tablo1348[[#This Row],[SATIŞ]]-1.5),0) -> 0
F17: =IF(Tablo1348[[#This Row],[SATIŞ]]=0,"Açık",(E17-D17)*C17-3) -> Açık | G17: =IF(Tablo1348[[#This Row],[ALIŞ]]>0,Tablo1348[[#This Row],[ADET]]*Tablo1348[[#This Row],[ALIŞ]]+1.5,0) -> 0 | H17: =IF(Tablo1348[[#This Row],[SATIŞ]]>0,(Tablo1348[[#This Row],[ADET]]*Tablo1348[[#This Row],[SATIŞ]]-1.5),0) -> 0
F18: =IF(Tablo1348[[#This Row],[SATIŞ]]=0,"Açık",(E18-D18)*C18-3) -> Açık | G18: =IF(Tablo1348[[#This Row],[ALIŞ]]>0,Tablo1348[[#This Row],[ADET]]*Tablo1348[[#This Row],[ALIŞ]]+1.5,0) -> 0 | H18: =IF(Tablo1348[[#This Row],[SATIŞ]]>0,(Tablo1348[[#This Row],[ADET]]*Tablo1348[[#This Row],[SATIŞ]]-1.5),0) -> 0
F19: =IF(Tablo1348[[#This Row],[SATIŞ]]=0,"Açık",(E19-D19)*C19-3) -> Açık | G19: =IF(Tablo1348[[#This Row],[ALIŞ]]>0,Tablo1348[[#This Row],[ADET]]*Tablo1348[[#This Row],[ALIŞ]]+1.5,0) -> 0 | H19: =IF(Tablo1348[[#This Row],[SATIŞ]]>0,(Tablo1348[[#This Row],[ADET]]*Tablo1348[[#This Row],[SATIŞ]]-1.5),0) -> 0
F20: =IF(Tablo1348[[#This Row],[SATIŞ]]=0,"Açık",(E20-D20)*C20-3) -> Açık | G20: =IF(Tablo1348[[#This Row],[ALIŞ]]>0,Tablo1348[[#This Row],[ADET]]*Tablo1348[[#This Row],[ALIŞ]]+1.5,0) -> 0 | H20: =IF(Tablo1348[[#This Row],[SATIŞ]]>0,(Tablo1348[[#This Row],[ADET]]*Tablo1348[[#This Row],[SATIŞ]]-1.5),0) -> 0
F21: =IF(Tablo1348[[#This Row],[SATIŞ]]=0,"Açık",(E21-D21)*C21-3) -> Açık | G21: =IF(Tablo1348[[#This Row],[ALIŞ]]>0,Tablo1348[[#This Row],[ADET]]*Tablo1348[[#This Row],[ALIŞ]]+1.5,0) -> 0 | H21: =IF(Tablo1348[[#This Row],[SATIŞ]]>0,(Tablo1348[[#This Row],[ADET]]*Tablo1348[[#This Row],[SATIŞ]]-1.5),0) -> 0
F22: =IF(Tablo1348[[#This Row],[SATIŞ]]=0,"Açık",(E22-D22)*C22-3) -> Açık | G22: =IF(Tablo1348[[#This Row],[ALIŞ]]>0,Tablo1348[[#This Row],[ADET]]*Tablo1348[[#This Row],[ALIŞ]]+1.5,0) -> 0 | H22: =IF(Tablo1348[[#This Row],[SATIŞ]]>0,(Tablo1348[[#This Row],[ADET]]*Tablo1348[[#This Row],[SATIŞ]]-1.5),0) -> 0
F23: =IF(Tablo1348[[#This Row],[SATIŞ]]=0,"Açık",(E23-D23)*C23-3) -> Açık | G23: =IF(Tablo1348[[#This Row],[ALIŞ]]>0,Tablo1348[[#This Row],[ADET]]*Tablo1348[[#This Row],[ALIŞ]]+1.5,0) -> 0 | H23: =IF(Tablo1348[[#This Row],[SATIŞ]]>0,(Tablo1348[[#This Row],[ADET]]*Tablo1348[[#This Row],[SATIŞ]]-1.5),0) -> 0
... F27: =IF(Tablo1348[[#This Row],[SATIŞ]]=0,"Açık",(E27-D27)*C27-3) -> Açık | G27: =IF(Tablo1348[[#This Row],[ALIŞ]]>0,Tablo1348[[#This Row],[ADET]]*Tablo1348[[#This Row],[ALIŞ]]+1.5,0) -> 0 | H27: =IF(Tablo1348[[#This Row],[SATIŞ]]>0,(Tablo1348[[#This Row],[ADET]]*Tablo1348[[#This Row],[SATIŞ]]-1.5),0) -> 0

Sheet GOOGL
B1: ANA SAYFA | C1: =SUMIF(Tablo13411[KAR],"Açık",Tablo13411[ADET]) -> 28 | D1: =+İcmal!E20 -> 132.67 | E1: =C1*D1 -> 3714.76 | F1: =IFERROR(((SUM(Tablo13411[ALIŞ TUTAR])-SUM(Tablo13411[SATIŞ TUTAR]))/C1),"") -> 148.55679 | G1: =IF(M3=0,L3,C1*(D1-F1)) -> -444.83 | J1: 0.02 | L1: =M1*(1-$J$1) -> 145.58565 | M1: =F1 -> 148.55679 | N1: =M1*(1+$J$1) -> 151.52792 | P1: =Q1*(1-$J$1) -> 130.0166 | Q1: =+D1 -> 132.67 | R1: =Q1*(1+$J$1) -> 135.3234
B3: TARİH | C3: ADET | D3: ALIŞ | E3: SATIŞ | F3: KAR | G3: ALIŞ TUTAR | H3: SATIŞ TUTAR | L3: =SUM(Tablo13411[KAR]) -> -194.15 | M3: =C1 -> 28
B4: 44760 | C4: 3 | D4: 111 | E4: 113 | F4: =IF(Tablo13411[[#This Row],[SATIŞ]]=0,"Açık",(E4-D4)*C4-3) -> 3 | G4: =IF(Tablo13411[[#This Row],[ALIŞ]]>0,Tablo13411[[#This Row],[ADET]]*Tablo13411[[#This Row],[ALIŞ]]+1.5,0) -> 334.5 | H4: =IF(Tablo13411[[#This Row],[SATIŞ]]>0,(Tablo13411[[#This Row],[ADET]]*Tablo13411[[#This Row],[SATIŞ]]-1.5),0) -> 337.5
B5: 44763 | C5: 4 | D5: 112.5 | E5: 112.5 | F5: =IF(Tablo13411[[#This Row],[SATIŞ]]=0,"Açık",(E5-D5)*C5-3) -> -3 | G5: =IF(Tablo13411[[#This Row],[ALIŞ]]>0,Tablo13411[[#This Row],[ADET]]*Tablo13411[[#This Row],[ALIŞ]]+1.5,0) -> 451.5 | H5: =IF(Tablo13411[[#This Row],[SATIŞ]]>0,(Tablo13411[[#This Row],[ADET]]*Tablo13411[[#This Row],[SATIŞ]]-1.5),0) -> 448.5
B6: 44763 | C6: 3 | D6: 111.5 | E6: 112.5 | F6: =IF(Tablo13411[[#This Row],[SATIŞ]]=0,"Açık",(E6-D6)*C6-3) -> 0 | G6: =IF(Tablo13411[[#This Row],[ALIŞ]]>0,Tablo13411[[#This Row],[ADET]]*Tablo13411[[#This Row],[ALIŞ]]+1.5,0) -> 336 | H6: =IF(Tablo13411[[#This Row],[SATIŞ]]>0,(Tablo13411[[#This Row],[ADET]]*Tablo13411[[#This Row],[SATIŞ]]-1.5),0) -> 336
B7: 44774 | C7: 5 | D7: 115.43 | E7: 116 | F7: =IF(Tablo13411[[#This Row],[SATIŞ]]=0,"Açık",(E7-D7)*C7-3) -> -0.15 | G7: =IF(Tablo13411[[#This Row],[ALIŞ]]>0,Tablo13411[[#This Row],[ADET]]*Tablo13411[[#This Row],[ALIŞ]]+1.5,0) -> 578.65 | H7: =IF(Tablo13411[[#This Row],[SATIŞ]]>0,(Tablo13411[[#This Row],[ADET]]*Tablo13411[[#This Row],[SATIŞ]]-1.5),0) -> 578.5
B8: 44791 | C8: 9 | D8: 119 | E8: 97 | F8: =IF(Tablo13411[[#This Row],[SATIŞ]]=0,"Açık",(E8-D8)*C8-3) -> -201 | G8: =IF(Tablo13411[[#This Row],[ALIŞ]]>0,Tablo13411[[#This Row],[ADET]]*Tablo13411[[#This Row],[ALIŞ]]+1.5,0) -> 1072.5 | H8: =IF(Tablo13411[[#This Row],[SATIŞ]]>0,(Tablo13411[[#This Row],[ADET]]*Tablo13411[[#This Row],[SATIŞ]]-1.5),0) -> 871.5
B9: 45328 | C9: 7 | D9: 144 | F9: =IF(Tablo13411[[#This Row],[SATIŞ]]=0,"Açık",(E9-D9)*C9-3) -> Açık | G9: =IF(Tablo13411[[#This Row],[ALIŞ]]>0,Tablo13411[[#This Row],[ADET]]*Tablo13411[[#This Row],[ALIŞ]]+1.5,0) -> 1009.5 | H9: =IF(Tablo13411[[#This Row],[SATIŞ]]>0,(Tablo13411[[#This Row],[ADET]]*Tablo13411[[#This Row],[SATIŞ]]-1.5),0) -> 0
B10: 45337 | C10: 8 | D10: 142.36 | F10: =IF(Tablo13411[[#This Row],[SATIŞ]]=0,"Açık",(E10-D10)*C10-3) -> Açık | G10: =IF(Tablo13411[[#This Row],[ALIŞ]]>0,Tablo13411[[#This Row],[ADET]]*Tablo13411[[#This Row],[ALIŞ]]+1.5,0) -> 1140.38 | H10: =IF(Tablo13411[[#This Row],[SATIŞ]]>0,(Tablo13411[[#This Row],[ADET]]*Tablo13411[[#This Row],[SATIŞ]]-1.5),0) -> 0
B11: 45348 | C11: 8 | D11: 140.32 | F11: =IF(Tablo13411[[#This Row],[SATIŞ]]=0,"Açık",(E11-D11)*C11-3) -> Açık | G11: =IF(Tablo13411[[#This Row],[ALIŞ]]>0,Tablo13411[[#This Row],[ADET]]*Tablo13411[[#This Row],[ALIŞ]]+1.5,0) -> 1124.06 | H11: =IF(Tablo13411[[#This Row],[SATIŞ]]>0,(Tablo13411[[#This Row],[ADET]]*Tablo13411[[#This Row],[SATIŞ]]-1.5),0) -> 0 | J11: =+Tablo13411[[#This Row],[ALIŞ]]*1.02 -> 143.1264
B12: 45349 | C12: 5 | D12: 138 | F12: =IF(Tablo13411[[#This Row],[SATIŞ]]=0,"Açık",(E12-D12)*C12-3) -> Açık | G12: =IF(Tablo13411[[#This Row],[ALIŞ]]>0,Tablo13411[[#This Row],[ADET]]*Tablo13411[[#This Row],[ALIŞ]]+1.5,0) -> 691.5 | H12: =IF(Tablo13411[[#This Row],[SATIŞ]]>0,(Tablo13411[[#This Row],[ADET]]*Tablo13411[[#This Row],[SATIŞ]]-1.5),0) -> 0
B13: 45355 | C13: 5 | D13: 135 | E13: 137 | F13: =IF(Tablo13411[[#This Row],[SATIŞ]]=0,"Açık",(E13-D13)*C13-3) -> 7 | G13: =IF(Tablo13411[[#This Row],[ALIŞ]]>0,Tablo13411[[#This Row],[ADET]]*Tablo13411[[#This Row],[ALIŞ]]+1.5,0) -> 676.5 | H13: =IF(Tablo13411[[#This Row],[SATIŞ]]>0,(Tablo13411[[#This Row],[ADET]]*Tablo13411[[#This Row],[SATIŞ]]-1.5),0) -> 683.5
F14: =IF(Tablo13411[[#This Row],[SATIŞ]]=0,"Açık",(E14-D14)*C14-3) -> Açık | G14: =IF(Tablo13411[[#This Row],[ALIŞ]]>0,Tablo13411[[#This Row],[ADET]]*Tablo13411[[#This Row],[ALIŞ]]+1.5,0) -> 0 | H14: =IF(Tablo13411[[#This Row],[SATIŞ]]>0,(Tablo13411[[#This Row],[ADET]]*Tablo13411[[#This Row],[SATIŞ]]-1.5),0) -> 0
F15: =IF(Tablo13411[[#This Row],[SATIŞ]]=0,"Açık",(E15-D15)*C15-3) -> Açık | G15: =IF(Tablo13411[[#This Row],[ALIŞ]]>0,Tablo13411[[#This Row],[ADET]]*Tablo13411[[#This Row],[ALIŞ]]+1.5,0) -> 0 | H15: =IF(Tablo13411[[#This Row],[SATIŞ]]>0,(Tablo13411[[#This Row],[ADET]]*Tablo13411[[#This Row],[SATIŞ]]-1.5),0) -> 0
F16: =IF(Tablo13411[[#This Row],[SATIŞ]]=0,"Açık",(E16-D16)*C16-3) -> Açık | G16: =IF(Tablo13411[[#This Row],[ALIŞ]]>0,Tablo13411[[#This Row],[ADET]]*Tablo13411[[#This Row],[ALIŞ]]+1.5,0) -> 0 | H16: =IF(Tablo13411[[#This Row],[SATIŞ]]>0,(Tablo13411[[#This Row],[ADET]]*Tablo13411[[#This Row],[SATIŞ]]-1.5),0) -> 0
F17: =IF(Tablo13411[[#This Row],[SATIŞ]]=0,"Açık",(E17-D17)*C17-3) -> Açık | G17: =IF(Tablo13411[[#This Row],[ALIŞ]]>0,Tablo13411[[#This Row],[ADET]]*Tablo13411[[#This Row],[ALIŞ]]+1.5,0) -> 0 | H17: =IF(Tablo13411[[#This Row],[SATIŞ]]>0,(Tablo13411[[#This Row],[ADET]]*Tablo13411[[#This Row],[SATIŞ]]-1.5),0) -> 0
F18: =IF(Tablo13411[[#This Row],[SATIŞ]]=0,"Açık",(E18-D18)*C18-3) -> Açık | G18: =IF(Tablo13411[[#This Row],[ALIŞ]]>0,Tablo13411[[#This Row],[ADET]]*Tablo13411[[#This Row],[ALIŞ]]+1.5,0) -> 0 | H18: =IF(Tablo13411[[#This Row],[SATIŞ]]>0,(Tablo13411[[#This Row],[ADET]]*Tablo13411[[#This Row],[SATIŞ]]-1.5),0) -> 0
F19: =IF(Tablo13411[[#This Row],[SATIŞ]]=0,"Açık",(E19-D19)*C19-3) -> Açık | G19: =IF(Tablo13411[[#This Row],[ALIŞ]]>0,Tablo13411[[#This Row],[ADET]]*Tablo13411[[#This Row],[ALIŞ]]+1.5,0) -> 0 | H19: =IF(Tablo13411[[#This Row],[SATIŞ]]>0,(Tablo13411[[#This Row],[ADET]]*Tablo13411[[#This Row],[SATIŞ]]-1.5),0) -> 0
F20: =IF(Tablo13411[[#This Row],[SATIŞ]]=0,"Açık",(E20-D20)*C20-3) -> Açık | G20: =IF(Tablo13411[[#This Row],[ALIŞ]]>0,Tablo13411[[#This Row],[ADET]]*Tablo13411[[#This Row],[ALIŞ]]+1.5,0) -> 0 | H20: =IF(Tablo13411[[#This Row],[SATIŞ]]>0,(Tablo13411[[#This Row],[ADET]]*Tablo13411[[#This Row],[SATIŞ]]-1.5),0) -> 0
F21: =IF(Tablo13411[[#This Row],[SATIŞ]]=0,"Açık",(E21-D21)*C21-3) -> Açık | G21: =IF(Tablo13411[[#This Row],[ALIŞ]]>0,Tablo13411[[#This Row],[ADET]]*Tablo13411[[#This Row],[ALIŞ]]+1.5,0) -> 0 | H21: =IF(Tablo13411[[#This Row],[SATIŞ]]>0,(Tablo13411[[#This Row],[ADET]]*Tablo13411[[#This Row],[SATIŞ]]-1.5),0) -> 0
F22: =IF(Tablo13411[[#This Row],[SATIŞ]]=0,"Açık",(E22-D22)*C22-3) -> Açık | G22: =IF(Tablo13411[[#This Row],[ALIŞ]]>0,Tablo13411[[#This Row],[ADET]]*Tablo13411[[#This Row],[ALIŞ]]+1.5,0) -> 0 | H22: =IF(Tablo13411[[#This Row],[SATIŞ]]>0,(Tablo13411[[#This Row],[ADET]]*Tablo13411[[#This Row],[SATIŞ]]-1.5),0) -> 0
F23: =IF(Tablo13411[[#This Row],[SATIŞ]]=0,"Açık",(E23-D23)*C23-3) -> Açık | G23: =IF(Tablo13411[[#This Row],[ALIŞ]]>0,Tablo13411[[#This Row],[ADET]]*Tablo13411[[#This Row],[ALIŞ]]+1.5,0) -> 0 | H23: =IF(Tablo13411[[#This Row],[SATIŞ]]>0,(Tablo13411[[#This Row],[ADET]]*Tablo13411[[#This Row],[SATIŞ]]-1.5),0) -> 0
F24: =IF(Tablo13411[[#This Row],[SATIŞ]]=0,"Açık",(E24-D24)*C24-3) -> Açık | G24: =IF(Tablo13411[[#This Row],[ALIŞ]]>0,Tablo13411[[#This Row],[ADET]]*Tablo13411[[#This Row],[ALIŞ]]+1.5,0) -> 0 | H24: =IF(Tablo13411[[#This Row],[SATIŞ]]>0,(Tablo13411[[#This Row],[ADET]]*Tablo13411[[#This Row],[SATIŞ]]-1.5),0) -> 0
F25: =IF(Tablo13411[[#This Row],[SATIŞ]]=0,"Açık",(E25-D25)*C25-3) -> Açık | G25: =IF(Tablo13411[[#This Row],[ALIŞ]]>0,Tablo13411[[#This Row],[ADET]]*Tablo13411[[#This Row],[ALIŞ]]+1.5,0) -> 0 | H25: =IF(Tablo13411[[#This Row],[SATIŞ]]>0,(Tablo13411[[#This Row],[ADET]]*Tablo13411[[#This Row],[SATIŞ]]-1.5),0) -> 0
... F27: =IF(Tablo13411[[#This Row],[SATIŞ]]=0,"Açık",(E27-D27)*C27-3) -> Açık | G27: =IF(Tablo13411[[#This Row],[ALIŞ]]>0,Tablo13411[[#This Row],[ADET]]*Tablo13411[[#This Row],[ALIŞ]]+1.5,0) -> 0 | H27: =IF(Tablo13411[[#This Row],[SATIŞ]]>0,(Tablo13411[[#This Row],[ADET]]*Tablo13411[[#This Row],[SATIŞ]]-1.5),0) -> 0

Sheet JEPI
B1: ANA SAYFA | C1: =SUMIF(Tablo134262728[KAR],"Açık",Tablo134262728[ADET]) -> 0 | D1: =+İcmal!E21 -> 56.77 | E1: =C1*D1 -> 0 | F1: =IFERROR(((SUM(Tablo134262728[ALIŞ TUTAR])-SUM(Tablo134262728[SATIŞ TUTAR]))/C1),"") | G1: =IF(M3=0,L3,C1*(D1-F1)) -> 15.54 | J1: 0.02 | L1: =M1*(1-$J$1) -> #VALUE! | M1: =F1 | N1: =M1*(1+$J$1) -> #VALUE! | P1: =Q1*(1-$J$1) -> 55.6346 | Q1: =+D1 -> 56.77 | R1: =Q1*(1+$J$1) -> 57.9054
B3: TARİH | C3: ADET | D3: ALIŞ | E3: SATIŞ | F3: KAR | G3: ALIŞ TUTAR | H3: SATIŞ TUTAR | L3: =SUM(Tablo134262728[KAR]) -> 15.54 | M3: =C1 -> 0
B4: 45328 | C4: 18 | D4: 56.01 | E4: 57.04 | F4: =IF(Tablo134262728[[#This Row],[SATIŞ]]=0,"Açık",(E4-D4)*C4-3) -> 15.54 | G4: =IF(Tablo134262728[[#This Row],[ALIŞ]]>0,Tablo134262728[[#This Row],[ADET]]*Tablo134262728[[#This Row],[ALIŞ]]+1.5,0) -> 1009.68 | H4: =IF(Tablo134262728[[#This Row],[SATIŞ]]>0,(Tablo134262728[[#This Row],[ADET]]*Tablo134262728[[#This Row],[SATIŞ]]-1.5),0) -> 1025.22
F5: =IF(Tablo134262728[[#This Row],[SATIŞ]]=0,"Açık",(E5-D5)*C5-3) -> Açık | G5: =IF(Tablo134262728[[#This Row],[ALIŞ]]>0,Tablo134262728[[#This Row],[ADET]]*Tablo134262728[[#This Row],[ALIŞ]]+1.5,0) -> 0 | H5: =IF(Tablo134262728[[#This Row],[SATIŞ]]>0,(Tablo134262728[[#This Row],[ADET]]*Tablo134262728[[#This Row],[SATIŞ]]-1.5),0) -> 0
F6: =IF(Tablo134262728[[#This Row],[SATIŞ]]=0,"Açık",(E6-D6)*C6-3) -> Açık | G6: =IF(Tablo134262728[[#This Row],[ALIŞ]]>0,Tablo134262728[[#This Row],[ADET]]*Tablo134262728[[#This Row],[ALIŞ]]+1.5,0) -> 0 | H6: =IF(Tablo134262728[[#This Row],[SATIŞ]]>0,(Tablo134262728[[#This Row],[ADET]]*Tablo134262728[[#This Row],[SATIŞ]]-1.5),0) -> 0
F7: =IF(Tablo134262728[[#This Row],[SATIŞ]]=0,"Açık",(E7-D7)*C7-3) -> Açık | G7: =IF(Tablo134262728[[#This Row],[ALIŞ]]>0,Tablo134262728[[#This Row],[ADET]]*Tablo134262728[[#This Row],[ALIŞ]]+1.5,0) -> 0 | H7: =IF(Tablo134262728[[#This Row],[SATIŞ]]>0,(Tablo134262728[[#This Row],[ADET]]*Tablo134262728[[#This Row],[SATIŞ]]-1.5),0) -> 0
F8: =IF(Tablo134262728[[#This Row],[SATIŞ]]=0,"Açık",(E8-D8)*C8-3) -> Açık | G8: =IF(Tablo134262728[[#This Row],[ALIŞ]]>0,Tablo134262728[[#This Row],[ADET]]*Tablo134262728[[#This Row],[ALIŞ]]+1.5,0) -> 0 | H8: =IF(Tablo134262728[[#This Row],[SATIŞ]]>0,(Tablo134262728[[#This Row],[ADET]]*Tablo134262728[[#This Row],[SATIŞ]]-1.5),0) -> 0
F9: =IF(Tablo134262728[[#This Row],[SATIŞ]]=0,"Açık",(E9-D9)*C9-3) -> Açık | G9: =IF(Tablo134262728[[#This Row],[ALIŞ]]>0,Tablo134262728[[#This Row],[ADET]]*Tablo134262728[[#This Row],[ALIŞ]]+1.5,0) -> 0 | H9: =IF(Tablo134262728[[#This Row],[SATIŞ]]>0,(Tablo134262728[[#This Row],[ADET]]*Tablo134262728[[#This Row],[SATIŞ]]-1.5),0) -> 0
F10: =IF(Tablo134262728[[#This Row],[SATIŞ]]=0,"Açık",(E10-D10)*C10-3) -> Açık | G10: =IF(Tablo134262728[[#This Row],[ALIŞ]]>0,Tablo134262728[[#This Row],[ADET]]*Tablo134262728[[#This Row],[ALIŞ]]+1.5,0) -> 0 | H10: =IF(Tablo134262728[[#This Row],[SATIŞ]]>0,(Tablo134262728[[#This Row],[ADET]]*Tablo134262728[[#This Row],[SATIŞ]]-1.5),0) -> 0
F11: =IF(Tablo134262728[[#This Row],[SATIŞ]]=0,"Açık",(E11-D11)*C11-3) -> Açık | G11: =IF(Tablo134262728[[#This Row],[ALIŞ]]>0,Tablo134262728[[#This Row],[ADET]]*Tablo134262728[[#This Row],[ALIŞ]]+1.5,0) -> 0 | H11: =IF(Tablo134262728[[#This Row],[SATIŞ]]>0,(Tablo134262728[[#This Row],[ADET]]*Tablo134262728[[#This Row],[SATIŞ]]-1.5),0) -> 0 | J11: =+Tablo134262728[[#This Row],[ALIŞ]]*1.02 -> 0
F12: =IF(Tablo134262728[[#This Row],[SATIŞ]]=0,"Açık",(E12-D12)*C12-3) -> Açık | G12: =IF(Tablo134262728[[#This Row],[ALIŞ]]>0,Tablo134262728[[#This Row],[ADET]]*Tablo134262728[[#This Row],[ALIŞ]]+1.5,0) -> 0 | H12: =IF(Tablo134262728[[#This Row],[SATIŞ]]>0,(Tablo134262728[[#This Row],[ADET]]*Tablo134262728[[#This Row],[SATIŞ]]-1.5),0) -> 0
F13: =IF(Tablo134262728[[#This Row],[SATIŞ]]=0,"Açık",(E13-D13)*C13-3) -> Açık | G13: =IF(Tablo134262728[[#This Row],[ALIŞ]]>0,Tablo134262728[[#This Row],[ADET]]*Tablo134262728[[#This Row],[ALIŞ]]+1.5,0) -> 0 | H13: =IF(Tablo134262728[[#This Row],[SATIŞ]]>0,(Tablo134262728[[#This Row],[ADET]]*Tablo134262728[[#This Row],[SATIŞ]]-1.5),0) -> 0
F14: =IF(Tablo134262728[[#This Row],[SATIŞ]]=0,"Açık",(E14-D14)*C14-3) -> Açık | G14: =IF(Tablo134262728[[#This Row],[ALIŞ]]>0,Tablo134262728[[#This Row],[ADET]]*Tablo134262728[[#This Row],[ALIŞ]]+1.5,0) -> 0 | H14: =IF(Tablo134262728[[#This Row],[SATIŞ]]>0,(Tablo134262728[[#This Row],[ADET]]*Tablo134262728[[#This Row],[SATIŞ]]-1.5),0) -> 0
F15: =IF(Tablo134262728[[#This Row],[SATIŞ]]=0,"Açık",(E15-D15)*C15-3) -> Açık | G15: =IF(Tablo134262728[[#This Row],[ALIŞ]]>0,Tablo134262728[[#This Row],[ADET]]*Tablo134262728[[#This Row],[ALIŞ]]+1.5,0) -> 0 | H15: =IF(Tablo134262728[[#This Row],[SATIŞ]]>0,(Tablo134262728[[#This Row],[ADET]]*Tablo134262728[[#This Row],[SATIŞ]]-1.5),0) -> 0
F16: =IF(Tablo134262728[[#This Row],[SATIŞ]]=0,"Açık",(E16-D16)*C16-3) -> Açık | G16: =IF(Tablo134262728[[#This Row],[ALIŞ]]>0,Tablo134262728[[#This Row],[ADET]]*Tablo134262728[[#This Row],[ALIŞ]]+1.5,0) -> 0 | H16: =IF(Tablo134262728[[#This Row],[SATIŞ]]>0,(Tablo134262728[[#This Row],[ADET]]*Tablo134262728[[#This Row],[SATIŞ]]-1.5),0) -> 0
F17: =IF(Tablo134262728[[#This Row],[SATIŞ]]=0,"Açık",(E17-D17)*C17-3) -> Açık | G17: =IF(Tablo134262728[[#This Row],[ALIŞ]]>0,Tablo134262728[[#This Row],[ADET]]*Tablo134262728[[#This Row],[ALIŞ]]+1.5,0) -> 0 | H17: =IF(Tablo134262728[[#This Row],[SATIŞ]]>0,(Tablo134262728[[#This Row],[ADET]]*Tablo134262728[[#This Row],[SATIŞ]]-1.5),0) -> 0
F18: =IF(Tablo134262728[[#This Row],[SATIŞ]]=0,"Açık",(E18-D18)*C18-3) -> Açık | G18: =IF(Tablo134262728[[#This Row],[ALIŞ]]>0,Tablo134262728[[#This Row],[ADET]]*Tablo134262728[[#This Row],[ALIŞ]]+1.5,0) -> 0 | H18: =IF(Tablo134262728[[#This Row],[SATIŞ]]>0,(Tablo134262728[[#This Row],[ADET]]*Tablo134262728[[#This Row],[SATIŞ]]-1.5),0) -> 0
F19: =IF(Tablo134262728[[#This Row],[SATIŞ]]=0,"Açık",(E19-D19)*C19-3) -> Açık | G19: =IF(Tablo134262728[[#This Row],[ALIŞ]]>0,Tablo134262728[[#This Row],[ADET]]*Tablo134262728[[#This Row],[ALIŞ]]+1.5,0) -> 0 | H19: =IF(Tablo134262728[[#This Row],[SATIŞ]]>0,(Tablo134262728[[#This Row],[ADET]]*Tablo134262728[[#This Row],[SATIŞ]]-1.5),0) -> 0
F20: =IF(Tablo134262728[[#This Row],[SATIŞ]]=0,"Açık",(E20-D20)*C20-3) -> Açık | G20: =IF(Tablo134262728[[#This Row],[ALIŞ]]>0,Tablo134262728[[#This Row],[ADET]]*Tablo134262728[[#This Row],[ALIŞ]]+1.5,0) -> 0 | H20: =IF(Tablo134262728[[#This Row],[SATIŞ]]>0,(Tablo134262728[[#This Row],[ADET]]*Tablo134262728[[#This Row],[SATIŞ]]-1.5),0) -> 0
F21: =IF(Tablo134262728[[#This Row],[SATIŞ]]=0,"Açık",(E21-D21)*C21-3) -> Açık | G21: =IF(Tablo134262728[[#This Row],[ALIŞ]]>0,Tablo134262728[[#This Row],[ADET]]*Tablo134262728[[#This Row],[ALIŞ]]+1.5,0) -> 0 | H21: =IF(Tablo134262728[[#This Row],[SATIŞ]]>0,(Tablo134262728[[#This Row],[ADET]]*Tablo134262728[[#This Row],[SATIŞ]]-1.5),0) -> 0
F22: =IF(Tablo134262728[[#This Row],[SATIŞ]]=0,"Açık",(E22-D22)*C22-3) -> Açık | G22: =IF(Tablo134262728[[#This Row],[ALIŞ]]>0,Tablo134262728[[#This Row],[ADET]]*Tablo134262728[[#This Row],[ALIŞ]]+1.5,0) -> 0 | H22: =IF(Tablo134262728[[#This Row],[SATIŞ]]>0,(Tablo134262728[[#This Row],[ADET]]*Tablo134262728[[#This Row],[SATIŞ]]-1.5),0) -> 0
F23: =IF(Tablo134262728[[#This Row],[SATIŞ]]=0,"Açık",(E23-D23)*C23-3) -> Açık | G23: =IF(Tablo134262728[[#This Row],[ALIŞ]]>0,Tablo134262728[[#This Row],[ADET]]*Tablo134262728[[#This Row],[ALIŞ]]+1.5,0) -> 0 | H23: =IF(Tablo134262728[[#This Row],[SATIŞ]]>0,(Tablo134262728[[#This Row],[ADET]]*Tablo134262728[[#This Row],[SATIŞ]]-1.5),0) -> 0
... F27: =IF(Tablo134262728[[#This Row],[SATIŞ]]=0,"Açık",(E27-D27)*C27-3) -> Açık | G27: =IF(Tablo134262728[[#This Row],[ALIŞ]]>0,Tablo134262728[[#This Row],[ADET]]*Tablo134262728[[#This Row],[ALIŞ]]+1.5,0) -> 0 | H27: =IF(Tablo134262728[[#This Row],[SATIŞ]]>0,(Tablo134262728[[#This Row],[ADET]]*Tablo134262728[[#This Row],[SATIŞ]]-1.5),0) -> 0

Sheet HEPS
B1: ANA SAYFA | C1: =SUMIF(Tablo1348913141516[KAR],"Açık",Tablo1348913141516[ADET]) -> 1 | D1: =+İcmal!E22 -> 1.45 | E1: =C1*D1 -> 1.45 | F1: =IFERROR(((SUM(Tablo1348913141516[ALIŞ TUTAR])-SUM(Tablo1348913141516[SATIŞ TUTAR]))/C1),"") -> -0.451 | G1: =IF(M3=0,L3,C1*(D1-F1)) -> 1.901 | J1: 0.02 | L1: =M1*(1-$J$1) -> -0.44198 | M1: =F1 -> -0.451 | N1: =M1*(1+$J$1) -> -0.46002 | P1: =Q1*(1-$J$1) -> 1.421 | Q1: =+D1 -> 1.45 | R1: =Q1*(1+$J$1) -> 1.479
B3: TARİH | C3: ADET | D3: ALIŞ | E3: SATIŞ | F3: KAR | G3: ALIŞ TUTAR | H3: SATIŞ TUTAR | L3: =SUM(Tablo1348913141516[KAR]) -> 2.7159 | M3: =C1 -> 1
B4: 44897 | C4: 1 | D4: 0.7649 | F4: =IF(Tablo1348913141516[[#This Row],[SATIŞ]]=0,"Açık",(E4-D4)*C4-3) -> Açık | G4: =IF(Tablo1348913141516[[#This Row],[ALIŞ]]>0,Tablo1348913141516[[#This Row],[ADET]]*Tablo1348913141516[[#This Row],[ALIŞ]]+1.5,0) -> 2.2649 | H4: =IF(Tablo1348913141516[[#This Row],[SATIŞ]]>0,(Tablo1348913141516[[#This Row],[ADET]]*Tablo1348913141516[[#This Row],[SATIŞ]]-1.5),0) -> 0
B5: 45084 | C5: 9 | D5: 0.7649 | E5: 1.1 | F5: =IF(Tablo1348913141516[[#This Row],[SATIŞ]]=0,"Açık",(E5-D5)*C5-3) -> 0.0159 | G5: =IF(Tablo1348913141516[[#This Row],[ALIŞ]]>0,Tablo1348913141516[[#This Row],[ADET]]*Tablo1348913141516[[#This Row],[ALIŞ]]+1.5,0) -> 8.3841 | H5: =IF(Tablo1348913141516[[#This Row],[SATIŞ]]>0,(Tablo1348913141516[[#This Row],[ADET]]*Tablo1348913141516[[#This Row],[SATIŞ]]-1.5),0) -> 8.4
B6: 45084 | C6: 190 | D6: 1.07 | E6: 1.1 | F6: =IF(Tablo1348913141516[[#This Row],[SATIŞ]]=0,"Açık",(E6-D6)*C6-3) -> 2.7 | G6: =IF(Tablo1348913141516[[#This Row],[ALIŞ]]>0,Tablo1348913141516[[#This Row],[ADET]]*Tablo1348913141516[[#This Row],[ALIŞ]]+1.5,0) -> 204.8 | H6: =IF(Tablo1348913141516[[#This Row],[SATIŞ]]>0,(Tablo1348913141516[[#This Row],[ADET]]*Tablo1348913141516[[#This Row],[SATIŞ]]-1.5),0) -> 207.5
F7: =IF(Tablo1348913141516[[#This Row],[SATIŞ]]=0,"Açık",(E7-D7)*C7-3) -> Açık | G7: =IF(Tablo1348913141516[[#This Row],[ALIŞ]]>0,Tablo1348913141516[[#This Row],[ADET]]*Tablo1348913141516[[#This Row],[ALIŞ]]+1.5,0) -> 0 | H7: =IF(Tablo1348913141516[[#This Row],[SATIŞ]]>0,(Tablo1348913141516[[#This Row],[ADET]]*Tablo1348913141516[[#This Row],[SATIŞ]]-1.5),0) -> 0
F8: =IF(Tablo1348913141516[[#This Row],[SATIŞ]]=0,"Açık",(E8-D8)*C8-3) -> Açık | G8: =IF(Tablo1348913141516[[#This Row],[ALIŞ]]>0,Tablo1348913141516[[#This Row],[ADET]]*Tablo1348913141516[[#This Row],[ALIŞ]]+1.5,0) -> 0 | H8: =IF(Tablo1348913141516[[#This Row],[SATIŞ]]>0,(Tablo1348913141516[[#This Row],[ADET]]*Tablo1348913141516[[#This Row],[SATIŞ]]-1.5),0) -> 0
F9: =IF(Tablo1348913141516[[#This Row],[SATIŞ]]=0,"Açık",(E9-D9)*C9-3) -> Açık | G9: =IF(Tablo1348913141516[[#This Row],[ALIŞ]]>0,Tablo1348913141516[[#This Row],[ADET]]*Tablo1348913141516[[#This Row],[ALIŞ]]+1.5,0) -> 0 | H9: =IF(Tablo1348913141516[[#This Row],[SATIŞ]]>0,(Tablo1348913141516[[#This Row],[ADET]]*Tablo1348913141516[[#This Row],[SATIŞ]]-1.5),0) -> 0
F10: =IF(Tablo1348913141516[[#This Row],[SATIŞ]]=0,"Açık",(E10-D10)*C10-3) -> Açık | G10: =IF(Tablo1348913141516[[#This Row],[ALIŞ]]>0,Tablo1348913141516[[#This Row],[ADET]]*Tablo1348913141516[[#This Row],[ALIŞ]]+1.5,0) -> 0 | H10: =IF(Tablo1348913141516[[#This Row],[SATIŞ]]>0,(Tablo1348913141516[[#This Row],[ADET]]*Tablo1348913141516[[#This Row],[SATIŞ]]-1.5),0) -> 0
F11: =IF(Tablo1348913141516[[#This Row],[SATIŞ]]=0,"Açık",(E11-D11)*C11-3) -> Açık | G11: =IF(Tablo1348913141516[[#This Row],[ALIŞ]]>0,Tablo1348913141516[[#This Row],[ADET]]*Tablo1348913141516[[#This Row],[ALIŞ]]+1.5,0) -> 0 | H11: =IF(Tablo1348913141516[[#This Row],[SATIŞ]]>0,(Tablo1348913141516[[#This Row],[ADET]]*Tablo1348913141516[[#This Row],[SATIŞ]]-1.5),0) -> 0 | J11: =+Tablo1348913141516[[#This Row],[ALIŞ]]*1.02 -> 0
F12: =IF(Tablo1348913141516[[#This Row],[SATIŞ]]=0,"Açık",(E12-D12)*C12-3) -> Açık | G12: =IF(Tablo1348913141516[[#This Row],[ALIŞ]]>0,Tablo1348913141516[[#This Row],[ADET]]*Tablo1348913141516[[#This Row],[ALIŞ]]+1.5,0) -> 0 | H12: =IF(Tablo1348913141516[[#This Row],[SATIŞ]]>0,(Tablo1348913141516[[#This Row],[ADET]]*Tablo1348913141516[[#This Row],[SATIŞ]]-1.5),0) -> 0
F13: =IF(Tablo1348913141516[[#This Row],[SATIŞ]]=0,"Açık",(E13-D13)*C13-3) -> Açık | G13: =IF(Tablo1348913141516[[#This Row],[ALIŞ]]>0,Tablo1348913141516[[#This Row],[ADET]]*Tablo1348913141516[[#This Row],[ALIŞ]]+1.5,0) -> 0 | H13: =IF(Tablo1348913141516[[#This Row],[SATIŞ]]>0,(Tablo1348913141516[[#This Row],[ADET]]*Tablo1348913141516[[#This Row],[SATIŞ]]-1.5),0) -> 0
F14: =IF(Tablo1348913141516[[#This Row],[SATIŞ]]=0,"Açık",(E14-D14)*C14-3) -> Açık | G14: =IF(Tablo1348913141516[[#This Row],[ALIŞ]]>0,Tablo1348913141516[[#This Row],[ADET]]*Tablo1348913141516[[#This Row],[ALIŞ]]+1.5,0) -> 0 | H14: =IF(Tablo1348913141516[[#This Row],[SATIŞ]]>0,(Tablo1348913141516[[#This Row],[ADET]]*Tablo1348913141516[[#This Row],[SATIŞ]]-1.5),0) -> 0
F15: =IF(Tablo1348913141516[[#This Row],[SATIŞ]]=0,"Açık",(E15-D15)*C15-3) -> Açık | G15: =IF(Tablo1348913141516[[#This Row],[ALIŞ]]>0,Tablo1348913141516[[#This Row],[ADET]]*Tablo1348913141516[[#This Row],[ALIŞ]]+1.5,0) -> 0 | H15: =IF(Tablo1348913141516[[#This Row],[SATIŞ]]>0,(Tablo1348913141516[[#This Row],[ADET]]*Tablo1348913141516[[#This Row],[SATIŞ]]-1.5),0) -> 0
F16: =IF(Tablo1348913141516[[#This Row],[SATIŞ]]=0,"Açık",(E16-D16)*C16-3) -> Açık | G16: =IF(Tablo1348913141516[[#This Row],[ALIŞ]]>0,Tablo1348913141516[[#This Row],[ADET]]*Tablo1348913141516[[#This Row],[ALIŞ]]+1.5,0) -> 0 | H16: =IF(Tablo1348913141516[[#This Row],[SATIŞ]]>0,(Tablo1348913141516[[#This Row],[ADET]]*Tablo1348913141516[[#This Row],[SATIŞ]]-1.5),0) -> 0
F17: =IF(Tablo1348913141516[[#This Row],[SATIŞ]]=0,"Açık",(E17-D17)*C17-3) -> Açık | G17: =IF(Tablo1348913141516[[#This Row],[ALIŞ]]>0,Tablo1348913141516[[#This Row],[ADET]]*Tablo1348913141516[[#This Row],[ALIŞ]]+1.5,0) -> 0 | H17: =IF(Tablo1348913141516[[#This Row],[SATIŞ]]>0,(Tablo1348913141516[[#This Row],[ADET]]*Tablo1348913141516[[#This Row],[SATIŞ]]-1.5),0) -> 0
F18: =IF(Tablo1348913141516[[#This Row],[SATIŞ]]=0,"Açık",(E18-D18)*C18-3) -> Açık | G18: =IF(Tablo1348913141516[[#This Row],[ALIŞ]]>0,Tablo1348913141516[[#This Row],[ADET]]*Tablo1348913141516[[#This Row],[ALIŞ]]+1.5,0) -> 0 | H18: =IF(Tablo1348913141516[[#This Row],[SATIŞ]]>0,(Tablo1348913141516[[#This Row],[ADET]]*Tablo1348913141516[[#This Row],[SATIŞ]]-1.5),0) -> 0
F19: =IF(Tablo1348913141516[[#This Row],[SATIŞ]]=0,"Açık",(E19-D19)*C19-3) -> Açık | G19: =IF(Tablo1348913141516[[#This Row],[ALIŞ]]>0,Tablo1348913141516[[#This Row],[ADET]]*Tablo1348913141516[[#This Row],[ALIŞ]]+1.5,0) -> 0 | H19: =IF(Tablo1348913141516[[#This Row],[SATIŞ]]>0,(Tablo1348913141516[[#This Row],[ADET]]*Tablo1348913141516[[#This Row],[SATIŞ]]-1.5),0) -> 0
F20: =IF(Tablo1348913141516[[#This Row],[SATIŞ]]=0,"Açık",(E20-D20)*C20-3) -> Açık | G20: =IF(Tablo1348913141516[[#This Row],[ALIŞ]]>0,Tablo1348913141516[[#This Row],[ADET]]*Tablo1348913141516[[#This Row],[ALIŞ]]+1.5,0) -> 0 | H20: =IF(Tablo1348913141516[[#This Row],[SATIŞ]]>0,(Tablo1348913141516[[#This Row],[ADET]]*Tablo1348913141516[[#This Row],[SATIŞ]]-1.5),0) -> 0
F21: =IF(Tablo1348913141516[[#This Row],[SATIŞ]]=0,"Açık",(E21-D21)*C21-3) -> Açık | G21: =IF(Tablo1348913141516[[#This Row],[ALIŞ]]>0,Tablo1348913141516[[#This Row],[ADET]]*Tablo1348913141516[[#This Row],[ALIŞ]]+1.5,0) -> 0 | H21: =IF(Tablo1348913141516[[#This Row],[SATIŞ]]>0,(Tablo1348913141516[[#This Row],[ADET]]*Tablo1348913141516[[#This Row],[SATIŞ]]-1.5),0) -> 0
F22: =IF(Tablo1348913141516[[#This Row],[SATIŞ]]=0,"Açık",(E22-D22)*C22-3) -> Açık | G22: =IF(Tablo1348913141516[[#This Row],[ALIŞ]]>0,Tablo1348913141516[[#This Row],[ADET]]*Tablo1348913141516[[#This Row],[ALIŞ]]+1.5,0) -> 0 | H22: =IF(Tablo1348913141516[[#This Row],[SATIŞ]]>0,(Tablo1348913141516[[#This Row],[ADET]]*Tablo1348913141516[[#This Row],[SATIŞ]]-1.5),0) -> 0
F23: =IF(Tablo1348913141516[[#This Row],[SATIŞ]]=0,"Açık",(E23-D23)*C23-3) -> Açık | G23: =IF(Tablo1348913141516[[#This Row],[ALIŞ]]>0,Tablo1348913141516[[#This Row],[ADET]]*Tablo1348913141516[[#This Row],[ALIŞ]]+1.5,0) -> 0 | H23: =IF(Tablo1348913141516[[#This Row],[SATIŞ]]>0,(Tablo1348913141516[[#This Row],[ADET]]*Tablo1348913141516[[#This Row],[SATIŞ]]-1.5),0) -> 0
... F27: =IF(Tablo1348913141516[[#This Row],[SATIŞ]]=0,"Açık",(E27-D27)*C27-3) -> Açık | G27: =IF(Tablo1348913141516[[#This Row],[ALIŞ]]>0,Tablo1348913141516[[#This Row],[ADET]]*Tablo1348913141516[[#This Row],[ALIŞ]]+1.5,0) -> 0 | H27: =IF(Tablo1348913141516[[#This Row],[SATIŞ]]>0,(Tablo1348913141516[[#This Row],[ADET]]*Tablo1348913141516[[#This Row],[SATIŞ]]-1.5),0) -> 0

Sheet KHC
B1: ANA SAYFA | C1: =SUMIF(Tablo1345[KAR],"Açık",Tablo1345[ADET]) -> 0 | E1: =C1*D1 -> 0 | F1: =IFERROR(((SUM(Tablo1345[ALIŞ TUTAR])-SUM(Tablo1345[SATIŞ TUTAR]))/C1),"") | G1: =IF(M3=0,L3,C1*(D1-F1)) -> 5.31 | J1: 0.02 | L1: =M1*(1-$J$1) -> #VALUE! | M1: =F1 | N1: =M1*(1+$J$1) -> #VALUE! | P1: =Q1*(1-$J$1) -> 0 | Q1: =+D1 -> 0 | R1: =Q1*(1+$J$1) -> 0
B3: TARİH | C3: ADET | D3: ALIŞ | E3: SATIŞ | F3: KAR | G3: ALIŞ TUTAR | H3: SATIŞ TUTAR | L3: =SUM(Tablo1345[KAR]) -> 5.31 | M3: =C1 -> 0
B4: 44725 | C4: 4 | D4: 36.86 | E4: 38.75 | F4: =IF(Tablo1345[[#This Row],[SATIŞ]]=0,"Açık",(E4-D4)*C4-3) -> 4.56 | G4: =IF(Tablo1345[[#This Row],[ALIŞ]]>0,Tablo1345[[#This Row],[ADET]]*Tablo1345[[#This Row],[ALIŞ]]+1.5,0) -> 148.94 | H4: =IF(Tablo1345[[#This Row],[SATIŞ]]>0,(Tablo1345[[#This Row],[ADET]]*Tablo1345[[#This Row],[SATIŞ]]-1.5),0) -> 153.5
B5: 44747 | C5: 5 | D5: 37.5 | E5: 38.25 | F5: =IF(Tablo1345[[#This Row],[SATIŞ]]=0,"Açık",(E5-D5)*C5-3) -> 0.75 | G5: =IF(Tablo1345[[#This Row],[ALIŞ]]>0,Tablo1345[[#This Row],[ADET]]*Tablo1345[[#This Row],[ALIŞ]]+1.5,0) -> 189 | H5: =IF(Tablo1345[[#This Row],[SATIŞ]]>0,(Tablo1345[[#This Row],[ADET]]*Tablo1345[[#This Row],[SATIŞ]]-1.5),0) -> 189.75
F6: =IF(Tablo1345[[#This Row],[SATIŞ]]=0,"Açık",(E6-D6)*C6-3) -> Açık | G6: =IF(Tablo1345[[#This Row],[ALIŞ]]>0,Tablo1345[[#This Row],[ADET]]*Tablo1345[[#This Row],[ALIŞ]]+1.5,0) -> 0 | H6: =IF(Tablo1345[[#This Row],[SATIŞ]]>0,(Tablo1345[[#This Row],[ADET]]*Tablo1345[[#This Row],[SATIŞ]]-1.5),0) -> 0
F7: =IF(Tablo1345[[#This Row],[SATIŞ]]=0,"Açık",(E7-D7)*C7-3) -> Açık | G7: =IF(Tablo1345[[#This Row],[ALIŞ]]>0,Tablo1345[[#This Row],[ADET]]*Tablo1345[[#This Row],[ALIŞ]]+1.5,0) -> 0 | H7: =IF(Tablo1345[[#This Row],[SATIŞ]]>0,(Tablo1345[[#This Row],[ADET]]*Tablo1345[[#This Row],[SATIŞ]]-1.5),0) -> 0
F8: =IF(Tablo1345[[#This Row],[SATIŞ]]=0,"Açık",(E8-D8)*C8-3) -> Açık | G8: =IF(Tablo1345[[#This Row],[ALIŞ]]>0,Tablo1345[[#This Row],[ADET]]*Tablo1345[[#This Row],[ALIŞ]]+1.5,0) -> 0 | H8: =IF(Tablo1345[[#This Row],[SATIŞ]]>0,(Tablo1345[[#This Row],[ADET]]*Tablo1345[[#This Row],[SATIŞ]]-1.5),0) -> 0
F9: =IF(Tablo1345[[#This Row],[SATIŞ]]=0,"Açık",(E9-D9)*C9-3) -> Açık | G9: =IF(Tablo1345[[#This Row],[ALIŞ]]>0,Tablo1345[[#This Row],[ADET]]*Tablo1345[[#This Row],[ALIŞ]]+1.5,0) -> 0 | H9: =IF(Tablo1345[[#This Row],[SATIŞ]]>0,(Tablo1345[[#This Row],[ADET]]*Tablo1345[[#This Row],[SATIŞ]]-1.5),0) -> 0
F10: =IF(Tablo1345[[#This Row],[SATIŞ]]=0,"Açık",(E10-D10)*C10-3) -> Açık | G10: =IF(Tablo1345[[#This Row],[ALIŞ]]>0,Tablo1345[[#This Row],[ADET]]*Tablo1345[[#This Row],[ALIŞ]]+1.5,0) -> 0 | H10: =IF(Tablo1345[[#This Row],[SATIŞ]]>0,(Tablo1345[[#This Row],[ADET]]*Tablo1345[[#This Row],[SATIŞ]]-1.5),0) -> 0
F11: =IF(Tablo1345[[#This Row],[SATIŞ]]=0,"Açık",(E11-D11)*C11-3) -> Açık | G11: =IF(Tablo1345[[#This Row],[ALIŞ]]>0,Tablo1345[[#This Row],[ADET]]*Tablo1345[[#This Row],[ALIŞ]]+1.5,0) -> 0 | H11: =IF(Tablo1345[[#This Row],[SATIŞ]]>0,(Tablo1345[[#This Row],[ADET]]*Tablo1345[[#This Row],[SATIŞ]]-1.5),0) -> 0 | J11: =+Tablo1345[[#This Row],[ALIŞ]]*1.02 -> 0
F12: =IF(Tablo1345[[#This Row],[SATIŞ]]=0,"Açık",(E12-D12)*C12-3) -> Açık | G12: =IF(Tablo1345[[#This Row],[ALIŞ]]>0,Tablo1345[[#This Row],[ADET]]*Tablo1345[[#This Row],[ALIŞ]]+1.5,0) -> 0 | H12: =IF(Tablo1345[[#This Row],[SATIŞ]]>0,(Tablo1345[[#This Row],[ADET]]*Tablo1345[[#This Row],[SATIŞ]]-1.5),0) -> 0
F13: =IF(Tablo1345[[#This Row],[SATIŞ]]=0,"Açık",(E13-D13)*C13-3) -> Açık | G13: =IF(Tablo1345[[#This Row],[ALIŞ]]>0,Tablo1345[[#This Row],[ADET]]*Tablo1345[[#This Row],[ALIŞ]]+1.5,0) -> 0 | H13: =IF(Tablo1345[[#This Row],[SATIŞ]]>0,(Tablo1345[[#This Row],[ADET]]*Tablo1345[[#This Row],[SATIŞ]]-1.5),0) -> 0
F14: =IF(Tablo1345[[#This Row],[SATIŞ]]=0,"Açık",(E14-D14)*C14-3) -> Açık | G14: =IF(Tablo1345[[#This Row],[ALIŞ]]>0,Tablo1345[[#This Row],[ADET]]*Tablo1345[[#This Row],[ALIŞ]]+1.5,0) -> 0 | H14: =IF(Tablo1345[[#This Row],[SATIŞ]]>0,(Tablo1345[[#This Row],[ADET]]*Tablo1345[[#This Row],[SATIŞ]]-1.5),0) -> 0
F15: =IF(Tablo1345[[#This Row],[SATIŞ]]=0,"Açık",(E15-D15)*C15-3) -> Açık | G15: =IF(Tablo1345[[#This Row],[ALIŞ]]>0,Tablo1345[[#This Row],[ADET]]*Tablo1345[[#This Row],[ALIŞ]]+1.5,0) -> 0 | H15: =IF(Tablo1345[[#This Row],[SATIŞ]]>0,(Tablo1345[[#This Row],[ADET]]*Tablo1345[[#This Row],[SATIŞ]]-1.5),0) -> 0
F16: =IF(Tablo1345[[#This Row],[SATIŞ]]=0,"Açık",(E16-D16)*C16-3) -> Açık | G16: =IF(Tablo1345[[#This Row],[ALIŞ]]>0,Tablo1345[[#This Row],[ADET]]*Tablo1345[[#This Row],[ALIŞ]]+1.5,0) -> 0 | H16: =IF(Tablo1345[[#This Row],[SATIŞ]]>0,(Tablo1345[[#This Row],[ADET]]*Tablo1345[[#This Row],[SATIŞ]]-1.5),0) -> 0
F17: =IF(Tablo1345[[#This Row],[SATIŞ]]=0,"Açık",(E17-D17)*C17-3) -> Açık | G17: =IF(Tablo1345[[#This Row],[ALIŞ]]>0,Tablo1345[[#This Row],[ADET]]*Tablo1345[[#This Row],[ALIŞ]]+1.5,0) -> 0 | H17: =IF(Tablo1345[[#This Row],[SATIŞ]]>0,(Tablo1345[[#This Row],[ADET]]*Tablo1345[[#This Row],[SATIŞ]]-1.5),0) -> 0
F18: =IF(Tablo1345[[#This Row],[SATIŞ]]=0,"Açık",(E18-D18)*C18-3) -> Açık | G18: =IF(Tablo1345[[#This Row],[ALIŞ]]>0,Tablo1345[[#This Row],[ADET]]*Tablo1345[[#This Row],[ALIŞ]]+1.5,0) -> 0 | H18: =IF(Tablo1345[[#This Row],[SATIŞ]]>0,(Tablo1345[[#This Row],[ADET]]*Tablo1345[[#This Row],[SATIŞ]]-1.5),0) -> 0
F19: =IF(Tablo1345[[#This Row],[SATIŞ]]=0,"Açık",(E19-D19)*C19-3) -> Açık | G19: =IF(Tablo1345[[#This Row],[ALIŞ]]>0,Tablo1345[[#This Row],[ADET]]*Tablo1345[[#This Row],[ALIŞ]]+1.5,0) -> 0 | H19: =IF(Tablo1345[[#This Row],[SATIŞ]]>0,(Tablo1345[[#This Row],[ADET]]*Tablo1345[[#This Row],[SATIŞ]]-1.5),0) -> 0
F20: =IF(Tablo1345[[#This Row],[SATIŞ]]=0,"Açık",(E20-D20)*C20-3) -> Açık | G20: =IF(Tablo1345[[#This Row],[ALIŞ]]>0,Tablo1345[[#This Row],[ADET]]*Tablo1345[[#This Row],[ALIŞ]]+1.5,0) -> 0 | H20: =IF(Tablo1345[[#This Row],[SATIŞ]]>0,(Tablo1345[[#This Row],[ADET]]*Tablo1345[[#This Row],[SATIŞ]]-1.5),0) -> 0
F21: =IF(Tablo1345[[#This Row],[SATIŞ]]=0,"Açık",(E21-D21)*C21-3) -> Açık | G21: =IF(Tablo1345[[#This Row],[ALIŞ]]>0,Tablo1345[[#This Row],[ADET]]*Tablo1345[[#This Row],[ALIŞ]]+1.5,0) -> 0 | H21: =IF(Tablo1345[[#This Row],[SATIŞ]]>0,(Tablo1345[[#This Row],[ADET]]*Tablo1345[[#This Row],[SATIŞ]]-1.5),0) -> 0
F22: =IF(Tablo1345[[#This Row],[SATIŞ]]=0,"Açık",(E22-D22)*C22-3) -> Açık | G22: =IF(Tablo1345[[#This Row],[ALIŞ]]>0,Tablo1345[[#This Row],[ADET]]*Tablo1345[[#This Row],[ALIŞ]]+1.5,0) -> 0 | H22: =IF(Tablo1345[[#This Row],[SATIŞ]]>0,(Tablo1345[[#This Row],[ADET]]*Tablo1345[[#This Row],[SATIŞ]]-1.5),0) -> 0
F23: =IF(Tablo1345[[#This Row],[SATIŞ]]=0,"Açık",(E23-D23)*C23-3) -> Açık | G23: =IF(Tablo1345[[#This Row],[ALIŞ]]>0,Tablo1345[[#This Row],[ADET]]*Tablo1345[[#This Row],[ALIŞ]]+1.5,0) -> 0 | H23: =IF(Tablo1345[[#This Row],[SATIŞ]]>0,(Tablo1345[[#This Row],[ADET]]*Tablo1345[[#This Row],[SATIŞ]]-1.5),0) -> 0
... F27: =IF(Tablo1345[[#This Row],[SATIŞ]]=0,"Açık",(E27-D27)*C27-3) -> Açık | G27: =IF(Tablo1345[[#This Row],[ALIŞ]]>0,Tablo1345[[#This Row],[ADET]]*Tablo1345[[#This Row],[ALIŞ]]+1.5,0) -> 0 | H27: =IF(Tablo1345[[#This Row],[SATIŞ]]>0,(Tablo1345[[#This Row],[ADET]]*Tablo1345[[#This Row],[SATIŞ]]-1.5),0) -> 0

Sheet MDT
B1: ANA SAYFA | C1: =SUMIF(Tablo13489131415161718192021[KAR],"Açık",Tablo13489131415161718192021[ADET]) -> 0 | E1: =C1*D1 -> 0 | F1: =IFERROR(((SUM(Tablo13489131415161718192021[ALIŞ TUTAR])-SUM(Tablo13489131415161718192021[SATIŞ TUTAR]))/C1),"") | G1: =IF(M3=0,L3,C1*(D1-F1)) -> 22.46 | J1: 0.02 | L1: =M1*(1-$J$1) -> #VALUE! | M1: =F1 | N1: =M1*(1+$J$1) -> #VALUE! | P1: =Q1*(1-$J$1) -> 0 | Q1: =+D1 -> 0 | R1: =Q1*(1+$J$1) -> 0
B3: TARİH | C3: ADET | D3: ALIŞ | E3: SATIŞ | F3: KAR | G3: ALIŞ TUTAR | H3: SATIŞ TUTAR | L3: =SUM(Tablo13489131415161718192021[KAR]) -> 22.46 | M3: =C1 -> 0
B4: 44897 | C4: 2 | D4: 79.27 | E4: 92 | F4: =IF(Tablo13489131415161718192021[[#This Row],[SATIŞ]]=0,"Açık",(E4-D4)*C4-3) -> 22.46 | G4: =IF(Tablo13489131415161718192021[[#This Row],[ALIŞ]]>0,Tablo13489131415161718192021[[#This Row],[ADET]]*Tablo13489131415161718192021[[#This Row],[ALIŞ]]+1.5,0) -> 160.04 | H4: =IF(Tablo13489131415161718192021[[#This Row],[SATIŞ]]>0,(Tablo13489131415161718192021[[#This Row],[ADET]]*Tablo13489131415161718192021[[#This Row],[SATIŞ]]-1.5),0) -> 182.5
F5: =IF(Tablo13489131415161718192021[[#This Row],[SATIŞ]]=0,"Açık",(E5-D5)*C5-3) -> Açık | G5: =IF(Tablo13489131415161718192021[[#This Row],[ALIŞ]]>0,Tablo13489131415161718192021[[#This Row],[ADET]]*Tablo13489131415161718192021[[#This Row],[ALIŞ]]+1.5,0) -> 0 | H5: =IF(Tablo13489131415161718192021[[#This Row],[SATIŞ]]>0,(Tablo13489131415161718192021[[#This Row],[ADET]]*Tablo13489131415161718192021[[#This Row],[SATIŞ]]-1.5),0) -> 0
F6: =IF(Tablo13489131415161718192021[[#This Row],[SATIŞ]]=0,"Açık",(E6-D6)*C6-3) -> Açık | G6: =IF(Tablo13489131415161718192021[[#This Row],[ALIŞ]]>0,Tablo13489131415161718192021[[#This Row],[ADET]]*Tablo13489131415161718192021[[#This Row],[ALIŞ]]+1.5,0) -> 0 | H6: =IF(Tablo13489131415161718192021[[#This Row],[SATIŞ]]>0,(Tablo13489131415161718192021[[#This Row],[ADET]]*Tablo13489131415161718192021[[#This Row],[SATIŞ]]-1.5),0) -> 0
F7: =IF(Tablo13489131415161718192021[[#This Row],[SATIŞ]]=0,"Açık",(E7-D7)*C7-3) -> Açık | G7: =IF(Tablo13489131415161718192021[[#This Row],[ALIŞ]]>0,Tablo13489131415161718192021[[#This Row],[ADET]]*Tablo13489131415161718192021[[#This Row],[ALIŞ]]+1.5,0) -> 0 | H7: =IF(Tablo13489131415161718192021[[#This Row],[SATIŞ]]>0,(Tablo13489131415161718192021[[#This Row],[ADET]]*Tablo13489131415161718192021[[#This Row],[SATIŞ]]-1.5),0) -> 0
F8: =IF(Tablo13489131415161718192021[[#This Row],[SATIŞ]]=0,"Açık",(E8-D8)*C8-3) -> Açık | G8: =IF(Tablo13489131415161718192021[[#This Row],[ALIŞ]]>0,Tablo13489131415161718192021[[#This Row],[ADET]]*Tablo13489131415161718192021[[#This Row],[ALIŞ]]+1.5,0) -> 0 | H8: =IF(Tablo13489131415161718192021[[#This Row],[SATIŞ]]>0,(Tablo13489131415161718192021[[#This Row],[ADET]]*Tablo13489131415161718192021[[#This Row],[SATIŞ]]-1.5),0) -> 0
F9: =IF(Tablo13489131415161718192021[[#This Row],[SATIŞ]]=0,"Açık",(E9-D9)*C9-3) -> Açık | G9: =IF(Tablo13489131415161718192021[[#This Row],[ALIŞ]]>0,Tablo13489131415161718192021[[#This Row],[ADET]]*Tablo13489131415161718192021[[#This Row],[ALIŞ]]+1.5,0) -> 0 | H9: =IF(Tablo13489131415161718192021[[#This Row],[SATIŞ]]>0,(Tablo13489131415161718192021[[#This Row],[ADET]]*Tablo13489131415161718192021[[#This Row],[SATIŞ]]-1.5),0) -> 0
F10: =IF(Tablo13489131415161718192021[[#This Row],[SATIŞ]]=0,"Açık",(E10-D10)*C10-3) -> Açık | G10: =IF(Tablo13489131415161718192021[[#This Row],[ALIŞ]]>0,Tablo13489131415161718192021[[#This Row],[ADET]]*Tablo13489131415161718192021[[#This Row],[ALIŞ]]+1.5,0) -> 0 | H10: =IF(Tablo13489131415161718192021[[#This Row],[SATIŞ]]>0,(Tablo13489131415161718192021[[#This Row],[ADET]]*Tablo13489131415161718192021[[#This Row],[SATIŞ]]-1.5),0) -> 0
F11: =IF(Tablo13489131415161718192021[[#This Row],[SATIŞ]]=0,"Açık",(E11-D11)*C11-3) -> Açık | G11: =IF(Tablo13489131415161718192021[[#This Row],[ALIŞ]]>0,Tablo13489131415161718192021[[#This Row],[ADET]]*Tablo13489131415161718192021[[#This Row],[ALIŞ]]+1.5,0) -> 0 | H11: =IF(Tablo13489131415161718192021[[#This Row],[SATIŞ]]>0,(Tablo13489131415161718192021[[#This Row],[ADET]]*Tablo13489131415161718192021[[#This Row],[SATIŞ]]-1.5),0) -> 0 | J11: =+Tablo13489131415161718192021[[#This Row],[ALIŞ]]*1.02 -> 0
F12: =IF(Tablo13489131415161718192021[[#This Row],[SATIŞ]]=0,"Açık",(E12-D12)*C12-3) -> Açık | G12: =IF(Tablo13489131415161718192021[[#This Row],[ALIŞ]]>0,Tablo13489131415161718192021[[#This Row],[ADET]]*Tablo13489131415161718192021[[#This Row],[ALIŞ]]+1.5,0) -> 0 | H12: =IF(Tablo13489131415161718192021[[#This Row],[SATIŞ]]>0,(Tablo13489131415161718192021[[#This Row],[ADET]]*Tablo13489131415161718192021[[#This Row],[SATIŞ]]-1.5),0) -> 0
F13: =IF(Tablo13489131415161718192021[[#This Row],[SATIŞ]]=0,"Açık",(E13-D13)*C13-3) -> Açık | G13: =IF(Tablo13489131415161718192021[[#This Row],[ALIŞ]]>0,Tablo13489131415161718192021[[#This Row],[ADET]]*Tablo13489131415161718192021[[#This Row],[ALIŞ]]+1.5,0) -> 0 | H13: =IF(Tablo13489131415161718192021[[#This Row],[SATIŞ]]>0,(Tablo13489131415161718192021[[#This Row],[ADET]]*Tablo13489131415161718192021[[#This Row],[SATIŞ]]-1.5),0) -> 0
F14: =IF(Tablo13489131415161718192021[[#This Row],[SATIŞ]]=0,"Açık",(E14-D14)*C14-3) -> Açık | G14: =IF(Tablo13489131415161718192021[[#This Row],[ALIŞ]]>0,Tablo13489131415161718192021[[#This Row],[ADET]]*Tablo13489131415161718192021[[#This Row],[ALIŞ]]+1.5,0) -> 0 | H14: =IF(Tablo13489131415161718192021[[#This Row],[SATIŞ]]>0,(Tablo13489131415161718192021[[#This Row],[ADET]]*Tablo13489131415161718192021[[#This Row],[SATIŞ]]-1.5),0) -> 0
F15: =IF(Tablo13489131415161718192021[[#This Row],[SATIŞ]]=0,"Açık",(E15-D15)*C15-3) -> Açık | G15: =IF(Tablo13489131415161718192021[[#This Row],[ALIŞ]]>0,Tablo13489131415161718192021[[#This Row],[ADET]]*Tablo13489131415161718192021[[#This Row],[ALIŞ]]+1.5,0) -> 0 | H15: =IF(Tablo13489131415161718192021[[#This Row],[SATIŞ]]>0,(Tablo13489131415161718192021[[#This Row],[ADET]]*Tablo13489131415161718192021[[#This Row],[SATIŞ]]-1.5),0) -> 0
F16: =IF(Tablo13489131415161718192021[[#This Row],[SATIŞ]]=0,"Açık",(E16-D16)*C16-3) -> Açık | G16: =IF(Tablo13489131415161718192021[[#This Row],[ALIŞ]]>0,Tablo13489131415161718192021[[#This Row],[ADET]]*Tablo13489131415161718192021[[#This Row],[ALIŞ]]+1.5,0) -> 0 | H16: =IF(Tablo13489131415161718192021[[#This Row],[SATIŞ]]>0,(Tablo13489131415161718192021[[#This Row],[ADET]]*Tablo13489131415161718192021[[#This Row],[SATIŞ]]-1.5),0) -> 0
F17: =IF(Tablo13489131415161718192021[[#This Row],[SATIŞ]]=0,"Açık",(E17-D17)*C17-3) -> Açık | G17: =IF(Tablo13489131415161718192021[[#This Row],[ALIŞ]]>0,Tablo13489131415161718192021[[#This Row],[ADET]]*Tablo13489131415161718192021[[#This Row],[ALIŞ]]+1.5,0) -> 0 | H17: =IF(Tablo13489131415161718192021[[#This Row],[SATIŞ]]>0,(Tablo13489131415161718192021[[#This Row],[ADET]]*Tablo13489131415161718192021[[#This Row],[SATIŞ]]-1.5),0) -> 0
F18: =IF(Tablo13489131415161718192021[[#This Row],[SATIŞ]]=0,"Açık",(E18-D18)*C18-3) -> Açık | G18: =IF(Tablo13489131415161718192021[[#This Row],[ALIŞ]]>0,Tablo13489131415161718192021[[#This Row],[ADET]]*Tablo13489131415161718192021[[#This Row],[ALIŞ]]+1.5,0) -> 0 | H18: =IF(Tablo13489131415161718192021[[#This Row],[SATIŞ]]>0,(Tablo13489131415161718192021[[#This Row],[ADET]]*Tablo13489131415161718192021[[#This Row],[SATIŞ]]-1.5),0) -> 0
F19: =IF(Tablo13489131415161718192021[[#This Row],[SATIŞ]]=0,"Açık",(E19-D19)*C19-3) -> Açık | G19: =IF(Tablo13489131415161718192021[[#This Row],[ALIŞ]]>0,Tablo13489131415161718192021[[#This Row],[ADET]]*Tablo13489131415161718192021[[#This Row],[ALIŞ]]+1.5,0) -> 0 | H19: =IF(Tablo13489131415161718192021[[#This Row],[SATIŞ]]>0,(Tablo13489131415161718192021[[#This Row],[ADET]]*Tablo13489131415161718192021[[#This Row],[SATIŞ]]-1.5),0) -> 0
F20: =IF(Tablo13489131415161718192021[[#This Row],[SATIŞ]]=0,"Açık",(E20-D20)*C20-3) -> Açık | G20: =IF(Tablo13489131415161718192021[[#This Row],[ALIŞ]]>0,Tablo13489131415161718192021[[#This Row],[ADET]]*Tablo13489131415161718192021[[#This Row],[ALIŞ]]+1.5,0) -> 0 | H20: =IF(Tablo13489131415161718192021[[#This Row],[SATIŞ]]>0,(Tablo13489131415161718192021[[#This Row],[ADET]]*Tablo13489131415161718192021[[#This Row],[SATIŞ]]-1.5),0) -> 0
F21: =IF(Tablo13489131415161718192021[[#This Row],[SATIŞ]]=0,"Açık",(E21-D21)*C21-3) -> Açık | G21: =IF(Tablo13489131415161718192021[[#This Row],[ALIŞ]]>0,Tablo13489131415161718192021[[#This Row],[ADET]]*Tablo13489131415161718192021[[#This Row],[ALIŞ]]+1.5,0) -> 0 | H21: =IF(Tablo13489131415161718192021[[#This Row],[SATIŞ]]>0,(Tablo13489131415161718192021[[#This Row],[ADET]]*Tablo13489131415161718192021[[#This Row],[SATIŞ]]-1.5),0) -> 0
F22: =IF(Tablo13489131415161718192021[[#This Row],[SATIŞ]]=0,"Açık",(E22-D22)*C22-3) -> Açık | G22: =IF(Tablo13489131415161718192021[[#This Row],[ALIŞ]]>0,Tablo13489131415161718192021[[#This Row],[ADET]]*Tablo13489131415161718192021[[#This Row],[ALIŞ]]+1.5,0) -> 0 | H22: =IF(Tablo13489131415161718192021[[#This Row],[SATIŞ]]>0,(Tablo13489131415161718192021[[#This Row],[ADET]]*Tablo13489131415161718192021[[#This Row],[SATIŞ]]-1.5),0) -> 0
F23: =IF(Tablo13489131415161718192021[[#This Row],[SATIŞ]]=0,"Açık",(E23-D23)*C23-3) -> Açık | G23: =IF(Tablo13489131415161718192021[[#This Row],[ALIŞ]]>0,Tablo13489131415161718192021[[#This Row],[ADET]]*Tablo13489131415161718192021[[#This Row],[ALIŞ]]+1.5,0) -> 0 | H23: =IF(Tablo13489131415161718192021[[#This Row],[SATIŞ]]>0,(Tablo13489131415161718192021[[#This Row],[ADET]]*Tablo13489131415161718192021[[#This Row],[SATIŞ]]-1.5),0) -> 0
... F27: =IF(Tablo13489131415161718192021[[#This Row],[SATIŞ]]=0,"Açık",(E27-D27)*C27-3) -> Açık | G27: =IF(Tablo13489131415161718192021[[#This Row],[ALIŞ]]>0,Tablo13489131415161718192021[[#This Row],[ADET]]*Tablo13489131415161718192021[[#This Row],[ALIŞ]]+1.5,0) -> 0 | H27: =IF(Tablo13489131415161718192021[[#This Row],[SATIŞ]]>0,(Tablo13489131415161718192021[[#This Row],[ADET]]*Tablo13489131415161718192021[[#This Row],[SATIŞ]]-1.5),0) -> 0

Sheet NAMS
B1: ANA SAYFA | C1: =SUMIF(Tablo134891314[KAR],"Açık",Tablo134891314[ADET]) -> 0 | E1: =C1*D1 -> 0 | F1: =IFERROR(((SUM(Tablo134891314[ALIŞ TUTAR])-SUM(Tablo134891314[SATIŞ TUTAR]))/C1),"") | G1: =IF(M3=0,L3,C1*(D1-F1)) -> 20.55 | J1: 0.02 | L1: =M1*(1-$J$1) -> #VALUE! | M1: =F1 | N1: =M1*(1+$J$1) -> #VALUE! | P1: =Q1*(1-$J$1) -> 0 | Q1: =+D1 -> 0 | R1: =Q1*(1+$J$1) -> 0
B3: TARİH | C3: ADET | D3: ALIŞ | E3: SATIŞ | F3: KAR | G3: ALIŞ TUTAR | H3: SATIŞ TUTAR | L3: =SUM(Tablo134891314[KAR]) -> 20.55 | M3: =C1 -> 0
B4: 44864 | C4: 5 | D4: 8.19 | E4: 12.9 | F4: =IF(Tablo134891314[[#This Row],[SATIŞ]]=0,"Açık",(E4-D4)*C4-3) -> 20.55 | G4: =IF(Tablo134891314[[#This Row],[ALIŞ]]>0,Tablo134891314[[#This Row],[ADET]]*Tablo134891314[[#This Row],[ALIŞ]]+1.5,0) -> 42.45 | H4: =IF(Tablo134891314[[#This Row],[SATIŞ]]>0,(Tablo134891314[[#This Row],[ADET]]*Tablo134891314[[#This Row],[SATIŞ]]-1.5),0) -> 63
F5: =IF(Tablo134891314[[#This Row],[SATIŞ]]=0,"Açık",(E5-D5)*C5-3) -> Açık | G5: =IF(Tablo134891314[[#This Row],[ALIŞ]]>0,Tablo134891314[[#This Row],[ADET]]*Tablo134891314[[#This Row],[ALIŞ]]+1.5,0) -> 0 | H5: =IF(Tablo134891314[[#This Row],[SATIŞ]]>0,(Tablo134891314[[#This Row],[ADET]]*Tablo134891314[[#This Row],[SATIŞ]]-1.5),0) -> 0
F6: =IF(Tablo134891314[[#This Row],[SATIŞ]]=0,"Açık",(E6-D6)*C6-3) -> Açık | G6: =IF(Tablo134891314[[#This Row],[ALIŞ]]>0,Tablo134891314[[#This Row],[ADET]]*Tablo134891314[[#This Row],[ALIŞ]]+1.5,0) -> 0 | H6: =IF(Tablo134891314[[#This Row],[SATIŞ]]>0,(Tablo134891314[[#This Row],[ADET]]*Tablo134891314[[#This Row],[SATIŞ]]-1.5),0) -> 0
F7: =IF(Tablo134891314[[#This Row],[SATIŞ]]=0,"Açık",(E7-D7)*C7-3) -> Açık | G7: =IF(Tablo134891314[[#This Row],[ALIŞ]]>0,Tablo134891314[[#This Row],[ADET]]*Tablo134891314[[#This Row],[ALIŞ]]+1.5,0) -> 0 | H7: =IF(Tablo134891314[[#This Row],[SATIŞ]]>0,(Tablo134891314[[#This Row],[ADET]]*Tablo134891314[[#This Row],[SATIŞ]]-1.5),0) -> 0
F8: =IF(Tablo134891314[[#This Row],[SATIŞ]]=0,"Açık",(E8-D8)*C8-3) -> Açık | G8: =IF(Tablo134891314[[#This Row],[ALIŞ]]>0,Tablo134891314[[#This Row],[ADET]]*Tablo134891314[[#This Row],[ALIŞ]]+1.5,0) -> 0 | H8: =IF(Tablo134891314[[#This Row],[SATIŞ]]>0,(Tablo134891314[[#This Row],[ADET]]*Tablo134891314[[#This Row],[SATIŞ]]-1.5),0) -> 0
F9: =IF(Tablo134891314[[#This Row],[SATIŞ]]=0,"Açık",(E9-D9)*C9-3) -> Açık | G9: =IF(Tablo134891314[[#This Row],[ALIŞ]]>0,Tablo134891314[[#This Row],[ADET]]*Tablo134891314[[#This Row],[ALIŞ]]+1.5,0) -> 0 | H9: =IF(Tablo134891314[[#This Row],[SATIŞ]]>0,(Tablo134891314[[#This Row],[ADET]]*Tablo134891314[[#This Row],[SATIŞ]]-1.5),0) -> 0
F10: =IF(Tablo134891314[[#This Row],[SATIŞ]]=0,"Açık",(E10-D10)*C10-3) -> Açık | G10: =IF(Tablo134891314[[#This Row],[ALIŞ]]>0,Tablo134891314[[#This Row],[ADET]]*Tablo134891314[[#This Row],[ALIŞ]]+1.5,0) -> 0 | H10: =IF(Tablo134891314[[#This Row],[SATIŞ]]>0,(Tablo134891314[[#This Row],[ADET]]*Tablo134891314[[#This Row],[SATIŞ]]-1.5),0) -> 0
F11: =IF(Tablo134891314[[#This Row],[SATIŞ]]=0,"Açık",(E11-D11)*C11-3) -> Açık | G11: =IF(Tablo134891314[[#This Row],[ALIŞ]]>0,Tablo134891314[[#This Row],[ADET]]*Tablo134891314[[#This Row],[ALIŞ]]+1.5,0) -> 0 | H11: =IF(Tablo134891314[[#This Row],[SATIŞ]]>0,(Tablo134891314[[#This Row],[ADET]]*Tablo134891314[[#This Row],[SATIŞ]]-1.5),0) -> 0 | J11: =+Tablo134891314[[#This Row],[ALIŞ]]*1.02 -> 0
F12: =IF(Tablo134891314[[#This Row],[SATIŞ]]=0,"Açık",(E12-D12)*C12-3) -> Açık | G12: =IF(Tablo134891314[[#This Row],[ALIŞ]]>0,Tablo134891314[[#This Row],[ADET]]*Tablo134891314[[#This Row],[ALIŞ]]+1.5,0) -> 0 | H12: =IF(Tablo134891314[[#This Row],[SATIŞ]]>0,(Tablo134891314[[#This Row],[ADET]]*Tablo134891314[[#This Row],[SATIŞ]]-1.5),0) -> 0
F13: =IF(Tablo134891314[[#This Row],[SATIŞ]]=0,"Açık",(E13-D13)*C13-3) -> Açık | G13: =IF(Tablo134891314[[#This Row],[ALIŞ]]>0,Tablo134891314[[#This Row],[ADET]]*Tablo134891314[[#This Row],[ALIŞ]]+1.5,0) -> 0 | H13: =IF(Tablo134891314[[#This Row],[SATIŞ]]>0,(Tablo134891314[[#This Row],[ADET]]*Tablo134891314[[#This Row],[SATIŞ]]-1.5),0) -> 0
F14: =IF(Tablo134891314[[#This Row],[SATIŞ]]=0,"Açık",(E14-D14)*C14-3) -> Açık | G14: =IF(Tablo134891314[[#This Row],[ALIŞ]]>0,Tablo134891314[[#This Row],[ADET]]*Tablo134891314[[#This Row],[ALIŞ]]+1.5,0) -> 0 | H14: =IF(Tablo134891314[[#This Row],[SATIŞ]]>0,(Tablo134891314[[#This Row],[ADET]]*Tablo134891314[[#This Row],[SATIŞ]]-1.5),0) -> 0
